game_id,date,away_team,home_team,park,away_runs,home_runs,innings,day_night,temp,wind_dir,wind_speed,sky,precip
ANA202304070,2023/04/07,TOR,ANA,ANA01,4,3,9,night,64,tocf,6,cloudy,none
ANA202304080,2023/04/08,TOR,ANA,ANA01,5,9,9,night,63,tocf,8,sunny,none
ANA202304090,2023/04/09,TOR,ANA,ANA01,12,11,10,day,72,tocf,5,sunny,none
ANA202304100,2023/04/10,WAS,ANA,ANA01,6,4,9,night,66,tocf,6,sunny,none
ANA202304110,2023/04/11,WAS,ANA,ANA01,0,2,9,night,63,rtol,8,cloudy,none
ANA202304120,2023/04/12,WAS,ANA,ANA01,2,3,9,day,65,tocf,7,cloudy,none
ANA202304210,2023/04/21,KCA,ANA,ANA01,0,2,9,night,83,rtol,8,sunny,none
ANA202304220,2023/04/22,KCA,ANA,ANA01,11,8,9,night,77,rtol,7,cloudy,none
ANA202304230,2023/04/23,KCA,ANA,ANA01,3,4,9,day,76,tolf,9,sunny,none
ANA202304240,2023/04/24,OAK,ANA,ANA01,11,10,10,night,67,tolf,8,sunny,none
ANA202304250,2023/04/25,OAK,ANA,ANA01,3,5,9,night,65,rtol,8,cloudy,none
ANA202304260,2023/04/26,OAK,ANA,ANA01,3,11,9,night,73,tolf,7,sunny,none
ANA202304270,2023/04/27,OAK,ANA,ANA01,7,8,9,day,74,tocf,8,sunny,none
ANA202305050,2023/05/05,TEX,ANA,ANA01,4,5,10,night,65,tocf,9,cloudy,none
ANA202305060,2023/05/06,TEX,ANA,ANA01,10,1,9,night,66,rtol,10,cloudy,none
ANA202305070,2023/05/07,TEX,ANA,ANA01,16,8,9,day,70,tocf,8,cloudy,none
ANA202305080,2023/05/08,HOU,ANA,ANA01,4,6,9,night,69,tocf,8,sunny,none
ANA202305090,2023/05/09,HOU,ANA,ANA01,3,1,9,night,63,tocf,9,cloudy,none
ANA202305100,2023/05/10,HOU,ANA,ANA01,5,4,9,day,69,tolf,8,cloudy,none
ANA202305190,2023/05/19,MIN,ANA,ANA01,4,5,9,night,66,torf,7,cloudy,none
ANA202305200,2023/05/20,MIN,ANA,ANA01,6,2,9,night,67,rtol,10,cloudy,none
ANA202305210,2023/05/21,MIN,ANA,ANA01,2,4,9,day,73,rtol,6,cloudy,none
ANA202305220,2023/05/22,BOS,ANA,ANA01,1,2,9,night,68,tocf,4,sunny,none
ANA202305230,2023/05/23,BOS,ANA,ANA01,0,4,9,night,62,torf,4,overcast,none
ANA202305240,2023/05/24,BOS,ANA,ANA01,3,7,9,night,64,rtol,8,cloudy,none
ANA202305260,2023/05/26,MIA,ANA,ANA01,6,2,9,night,64,tocf,9,cloudy,none
ANA202305270,2023/05/27,MIA,ANA,ANA01,8,5,10,night,66,tocf,6,cloudy,none
ANA202305280,2023/05/28,MIA,ANA,ANA01,2,0,9,day,68,tocf,4,cloudy,none
ANA202306060,2023/06/06,CHN,ANA,ANA01,4,7,9,night,65,tocf,8,cloudy,none
ANA202306070,2023/06/07,CHN,ANA,ANA01,2,6,9,night,68,tocf,6,cloudy,none
ANA202306080,2023/06/08,CHN,ANA,ANA01,1,3,9,night,71,torf,8,sunny,none
ANA202306090,2023/06/09,SEA,ANA,ANA01,4,5,9,night,67,rtol,8,cloudy,none
ANA202306100,2023/06/10,SEA,ANA,ANA01,6,2,9,night,64,rtol,8,overcast,none
ANA202306110,2023/06/11,SEA,ANA,ANA01,4,9,9,day,69,tolf,10,cloudy,none
ANA202306200,2023/06/20,LAN,ANA,ANA01,2,0,9,night,72,tocf,7,sunny,none
ANA202306210,2023/06/21,LAN,ANA,ANA01,2,0,9,night,76,torf,8,sunny,none
ANA202306260,2023/06/26,CHA,ANA,ANA01,1,2,9,night,74,rtol,8,sunny,none
ANA202306270,2023/06/27,CHA,ANA,ANA01,2,4,9,night,73,tocf,7,sunny,none
ANA202306280,2023/06/28,CHA,ANA,ANA01,11,5,9,night,71,rtol,5,sunny,none
ANA202306290,2023/06/29,CHA,ANA,ANA01,9,7,9,day,75,tolf,8,sunny,none
ANA202306300,2023/06/30,ARI,ANA,ANA01,6,2,9,night,76,tocf,8,sunny,none
ANA202307010,2023/07/01,ARI,ANA,ANA01,3,1,9,night,69,tolf,11,sunny,none
ANA202307020,2023/07/02,ARI,ANA,ANA01,2,5,9,day,80,torf,6,sunny,none
ANA202307140,2023/07/14,HOU,ANA,ANA01,7,5,9,night,85,tocf,8,sunny,none
ANA202307150,2023/07/15,HOU,ANA,ANA01,12,13,10,night,77,torf,9,sunny,none
ANA202307160,2023/07/16,HOU,ANA,ANA01,9,8,9,day,83,tocf,8,sunny,none
ANA202307170,2023/07/17,NYA,ANA,ANA01,3,4,10,night,79,tocf,9,sunny,none
ANA202307180,2023/07/18,NYA,ANA,ANA01,1,5,9,night,82,rtol,9,sunny,none
ANA202307190,2023/07/19,NYA,ANA,ANA01,3,7,9,day,89,tocf,10,cloudy,none
ANA202307210,2023/07/21,PIT,ANA,ANA01,5,8,9,night,79,tocf,6,cloudy,none
ANA202307220,2023/07/22,PIT,ANA,ANA01,3,0,9,night,79,tocf,9,cloudy,none
ANA202307230,2023/07/23,PIT,ANA,ANA01,5,7,9,day,81,tocf,5,overcast,none
ANA202308030,2023/08/03,SEA,ANA,ANA01,5,3,9,night,79,rtol,9,sunny,none
ANA202308040,2023/08/04,SEA,ANA,ANA01,9,7,9,night,82,tocf,8,sunny,none
ANA202308050,2023/08/05,SEA,ANA,ANA01,3,2,9,night,84,rtol,8,sunny,none
ANA202308060,2023/08/06,SEA,ANA,ANA01,3,2,10,day,90,tocf,11,sunny,none
ANA202308070,2023/08/07,SFN,ANA,ANA01,8,3,9,night,78,tolf,10,sunny,none
ANA202308080,2023/08/08,SFN,ANA,ANA01,5,7,9,night,77,rtol,9,cloudy,none
ANA202308090,2023/08/09,SFN,ANA,ANA01,1,4,9,night,74,ltor,6,cloudy,none
ANA202308180,2023/08/18,TBA,ANA,ANA01,9,6,10,night,81,rtol,7,sunny,none
ANA202308191,2023/08/19,TBA,ANA,ANA01,6,7,9,day,78,tocf,14,cloudy,none
ANA202308192,2023/08/19,TBA,ANA,ANA01,18,4,9,night,76,tocf,8,cloudy,none
ANA202308220,2023/08/22,CIN,ANA,ANA01,4,3,9,night,81,rtol,9,sunny,none
ANA202308231,2023/08/23,CIN,ANA,ANA01,9,4,9,day,85,tocf,8,sunny,none
ANA202308232,2023/08/23,CIN,ANA,ANA01,7,3,9,night,76,tocf,7,sunny,none
ANA202309040,2023/09/04,BAL,ANA,ANA01,6,3,9,night,74,tocf,8,sunny,none
ANA202309050,2023/09/05,BAL,ANA,ANA01,5,4,10,night,71,rtol,7,cloudy,none
ANA202309060,2023/09/06,BAL,ANA,ANA01,10,3,9,night,77,rtol,8,sunny,none
ANA202309070,2023/09/07,CLE,ANA,ANA01,2,3,9,night,79,tocf,6,sunny,none
ANA202309080,2023/09/08,CLE,ANA,ANA01,6,3,9,night,86,rtol,8,cloudy,none
ANA202309090,2023/09/09,CLE,ANA,ANA01,2,6,9,night,87,tolf,8,cloudy,none
ANA202309100,2023/09/10,CLE,ANA,ANA01,1,2,9,day,88,rtol,4,cloudy,none
ANA202309150,2023/09/15,DET,ANA,ANA01,11,2,9,night,73,tolf,7,sunny,none
ANA202309160,2023/09/16,DET,ANA,ANA01,5,4,10,night,69,rtol,5,overcast,none
ANA202309170,2023/09/17,DET,ANA,ANA01,5,3,9,day,74,tocf,5,cloudy,none
ANA202309250,2023/09/25,TEX,ANA,ANA01,5,1,9,night,73,rtol,6,sunny,none
ANA202309260,2023/09/26,TEX,ANA,ANA01,3,9,9,night,75,tocf,5,sunny,none
ANA202309270,2023/09/27,TEX,ANA,ANA01,5,0,9,night,75,rtol,8,cloudy,none
ANA202309290,2023/09/29,OAK,ANA,ANA01,1,5,9,night,69,tocf,8,cloudy,none
ANA202309300,2023/09/30,OAK,ANA,ANA01,7,3,9,night,66,rtol,9,overcast,none
ANA202310010,2023/10/01,OAK,ANA,ANA01,3,7,9,day,65,unknown,2,overcast,none
BAL202304070,2023/04/07,NYA,BAL,BAL12,6,7,9,day,55,torf,6,overcast,none
BAL202304080,2023/04/08,NYA,BAL,BAL12,4,1,9,night,51,fromlf,7,overcast,none
BAL202304090,2023/04/09,NYA,BAL,BAL12,5,3,9,day,55,rtol,6,cloudy,none
BAL202304100,2023/04/10,OAK,BAL,BAL12,1,5,9,night,64,tolf,6,sunny,none
BAL202304110,2023/04/11,OAK,BAL,BAL12,8,12,9,night,76,torf,5,cloudy,none
BAL202304120,2023/04/12,OAK,BAL,BAL12,8,4,9,night,84,torf,14,sunny,none
BAL202304130,2023/04/13,OAK,BAL,BAL12,7,8,9,day,84,tolf,6,sunny,none
BAL202304210,2023/04/21,DET,BAL,BAL12,1,2,9,night,80,tolf,8,sunny,none
BAL202304220,2023/04/22,DET,BAL,BAL12,1,5,9,night,59,unknown,0,overcast,none
BAL202304230,2023/04/23,DET,BAL,BAL12,1,2,10,day,64,ltor,10,cloudy,none
BAL202304240,2023/04/24,BOS,BAL,BAL12,4,5,9,night,59,torf,8,cloudy,none
BAL202304250,2023/04/25,BOS,BAL,BAL12,8,6,9,night,59,tolf,4,cloudy,none
BAL202304260,2023/04/26,BOS,BAL,BAL12,2,6,9,day,61,tolf,7,cloudy,none
BAL202305080,2023/05/08,TBA,BAL,BAL12,3,0,9,night,81,tolf,8,cloudy,none
BAL202305090,2023/05/09,TBA,BAL,BAL12,2,4,9,night,65,fromrf,3,cloudy,none
BAL202305100,2023/05/10,TBA,BAL,BAL12,1,2,9,night,72,tolf,6,cloudy,none
BAL202305120,2023/05/12,PIT,BAL,BAL12,3,6,9,night,82,fromlf,7,cloudy,none
BAL202305130,2023/05/13,PIT,BAL,BAL12,0,2,9,night,67,torf,5,overcast,none
BAL202305140,2023/05/14,PIT,BAL,BAL12,4,0,9,day,75,ltor,4,cloudy,none
BAL202305150,2023/05/15,ANA,BAL,BAL12,9,5,9,night,74,torf,7,sunny,none
BAL202305160,2023/05/16,ANA,BAL,BAL12,3,7,9,night,77,fromrf,10,cloudy,none
BAL202305170,2023/05/17,ANA,BAL,BAL12,1,3,9,night,67,fromlf,13,sunny,none
BAL202305180,2023/05/18,ANA,BAL,BAL12,6,5,9,day,67,tocf,8,sunny,none
BAL202305260,2023/05/26,TEX,BAL,BAL12,12,2,9,night,73,fromrf,7,sunny,none
BAL202305270,2023/05/27,TEX,BAL,BAL12,5,3,9,day,78,rtol,9,cloudy,none
BAL202305280,2023/05/28,TEX,BAL,BAL12,2,3,9,day,71,torf,3,cloudy,none
BAL202305290,2023/05/29,CLE,BAL,BAL12,5,0,9,day,81,fromrf,3,overcast,none
BAL202305300,2023/05/30,CLE,BAL,BAL12,5,8,9,night,73,rtol,9,cloudy,none
BAL202305310,2023/05/31,CLE,BAL,BAL12,12,8,9,day,79,tolf,6,sunny,none
BAL202306090,2023/06/09,KCA,BAL,BAL12,2,3,9,night,73,torf,8,cloudy,none
BAL202306100,2023/06/10,KCA,BAL,BAL12,1,6,9,day,85,torf,9,cloudy,none
BAL202306110,2023/06/11,KCA,BAL,BAL12,3,11,9,day,87,tolf,6,cloudy,none
BAL202306130,2023/06/13,TOR,BAL,BAL12,6,11,9,night,79,torf,3,cloudy,none
BAL202306140,2023/06/14,TOR,BAL,BAL12,3,1,9,night,77,torf,12,sunny,none
BAL202306150,2023/06/15,TOR,BAL,BAL12,2,4,9,day,79,rtol,3,cloudy,none
BAL202306230,2023/06/23,SEA,BAL,BAL12,13,1,9,night,73,tolf,1,overcast,none
BAL202306240,2023/06/24,SEA,BAL,BAL12,4,6,10,day,82,fromrf,5,cloudy,none
BAL202306250,2023/06/25,SEA,BAL,BAL12,2,3,9,day,85,fromrf,6,sunny,none
BAL202306260,2023/06/26,CIN,BAL,BAL12,3,10,9,night,79,torf,10,cloudy,none
BAL202306270,2023/06/27,CIN,BAL,BAL12,3,1,9,night,73,tolf,5,cloudy,none
BAL202306280,2023/06/28,CIN,BAL,BAL12,11,7,10,night,79,torf,5,cloudy,none
BAL202306300,2023/06/30,MIN,BAL,BAL12,8,1,9,night,73,tolf,5,cloudy,none
BAL202307010,2023/07/01,MIN,BAL,BAL12,1,0,9,day,81,tolf,6,overcast,none
BAL202307020,2023/07/02,MIN,BAL,BAL12,1,2,9,day,84,tolf,2,cloudy,none
BAL202307140,2023/07/14,MIA,BAL,BAL12,2,5,9,night,81,tolf,6,cloudy,none
BAL202307150,2023/07/15,MIA,BAL,BAL12,5,6,9,night,90,tolf,9,cloudy,none
BAL202307160,2023/07/16,MIA,BAL,BAL12,4,5,9,day,81,torf,2,cloudy,none
BAL202307170,2023/07/17,LAN,BAL,BAL12,6,4,9,night,89,tocf,8,sunny,none
BAL202307180,2023/07/18,LAN,BAL,BAL12,10,3,9,night,87,ltor,8,sunny,none
BAL202307190,2023/07/19,LAN,BAL,BAL12,5,8,9,day,85,tocf,3,cloudy,none
BAL202307280,2023/07/28,NYA,BAL,BAL12,0,1,9,night,84,unknown,5,overcast,none
BAL202307290,2023/07/29,NYA,BAL,BAL12,8,3,9,night,82,tolf,9,cloudy,none
BAL202307300,2023/07/30,NYA,BAL,BAL12,3,9,9,night,83,unknown,0,sunny,none
BAL202308040,2023/08/04,NYN,BAL,BAL12,3,10,9,night,80,tolf,6,cloudy,none
BAL202308050,2023/08/05,NYN,BAL,BAL12,3,7,9,night,85,torf,3,cloudy,none
BAL202308060,2023/08/06,NYN,BAL,BAL12,0,2,9,day,88,rtol,4,cloudy,none
BAL202308080,2023/08/08,HOU,BAL,BAL12,7,6,9,night,81,torf,11,sunny,none
BAL202308090,2023/08/09,HOU,BAL,BAL12,8,2,9,night,85,torf,2,sunny,none
BAL202308100,2023/08/10,HOU,BAL,BAL12,4,5,9,day,79,tolf,4,overcast,none
BAL202308220,2023/08/22,TOR,BAL,BAL12,6,3,10,night,81,fromlf,9,cloudy,none
BAL202308230,2023/08/23,TOR,BAL,BAL12,0,7,9,night,79,rtol,6,cloudy,none
BAL202308240,2023/08/24,TOR,BAL,BAL12,3,5,9,night,79,tolf,8,cloudy,none
BAL202308250,2023/08/25,COL,BAL,BAL12,4,5,9,night,85,tolf,6,cloudy,none
BAL202308260,2023/08/26,COL,BAL,BAL12,4,5,9,night,90,fromrf,4,cloudy,none
BAL202308270,2023/08/27,COL,BAL,BAL12,4,3,9,day,90,rtol,6,cloudy,none
BAL202308280,2023/08/28,CHA,BAL,BAL12,0,9,9,night,79,tolf,11,cloudy,none
BAL202308290,2023/08/29,CHA,BAL,BAL12,3,9,9,night,79,rtol,2,overcast,none
BAL202308300,2023/08/30,CHA,BAL,BAL12,10,5,9,day,82,fromlf,11,sunny,none
BAL202309110,2023/09/11,SLN,BAL,BAL12,5,11,9,night,85,fromlf,4,cloudy,none
BAL202309120,2023/09/12,SLN,BAL,BAL12,5,2,9,night,86,tolf,5,cloudy,none
BAL202309130,2023/09/13,SLN,BAL,BAL12,1,0,9,night,81,fromlf,6,cloudy,none
BAL202309140,2023/09/14,TBA,BAL,BAL12,4,3,9,night,73,fromlf,9,sunny,none
BAL202309150,2023/09/15,TBA,BAL,BAL12,7,1,9,night,73,fromlf,8,sunny,none
BAL202309160,2023/09/16,TBA,BAL,BAL12,0,8,9,night,79,ltor,4,sunny,none
BAL202309170,2023/09/17,TBA,BAL,BAL12,4,5,11,day,72,tolf,5,overcast,none
BAL202309260,2023/09/26,WAS,BAL,BAL12,0,1,9,night,61,fromcf,14,overcast,none
BAL202309270,2023/09/27,WAS,BAL,BAL12,1,5,9,night,67,fromrf,7,sunny,none
BAL202309280,2023/09/28,BOS,BAL,BAL12,0,2,9,night,67,fromrf,9,cloudy,none
BAL202309290,2023/09/29,BOS,BAL,BAL12,3,0,9,night,65,fromcf,7,overcast,none
BAL202309300,2023/09/30,BOS,BAL,BAL12,2,5,9,night,68,fromrf,6,cloudy,none
BAL202310010,2023/10/01,BOS,BAL,BAL12,6,1,9,day,81,fromlf,8,cloudy,none
BOS202303300,2023/03/30,BAL,BOS,BOS07,10,9,9,day,38,ltor,12,sunny,none
BOS202304010,2023/04/01,BAL,BOS,BOS07,8,9,9,day,56,unknown,4,cloudy,none
BOS202304020,2023/04/02,BAL,BOS,BOS07,5,9,9,day,43,torf,8,sunny,none
BOS202304030,2023/04/03,PIT,BOS,BOS07,7,6,9,night,50,tolf,6,sunny,none
BOS202304040,2023/04/04,PIT,BOS,BOS07,4,1,9,night,50,fromcf,4,cloudy,none
BOS202304050,2023/04/05,PIT,BOS,BOS07,4,1,9,day,41,torf,5,cloudy,none
BOS202304140,2023/04/14,ANA,BOS,BOS07,3,5,9,night,58,tolf,4,cloudy,none
BOS202304150,2023/04/15,ANA,BOS,BOS07,7,9,9,day,56,fromrf,4,cloudy,none
BOS202304160,2023/04/16,ANA,BOS,BOS07,1,2,9,day,54,rtol,3,cloudy,none
BOS202304170,2023/04/17,ANA,BOS,BOS07,5,4,9,day,50,torf,3,cloudy,none
BOS202304180,2023/04/18,MIN,BOS,BOS07,4,5,10,night,54,unknown,5,cloudy,none
BOS202304190,2023/04/19,MIN,BOS,BOS07,10,4,9,night,46,ltor,4,cloudy,none
BOS202304200,2023/04/20,MIN,BOS,BOS07,5,11,9,day,55,ltor,4,sunny,none
BOS202304280,2023/04/28,CLE,BOS,BOS07,5,2,9,night,52,tolf,3,cloudy,none
BOS202304290,2023/04/29,CLE,BOS,BOS07,7,8,10,day,49,fromrf,6,overcast,none
BOS202304300,2023/04/30,CLE,BOS,BOS07,1,7,9,day,51,fromcf,4,overcast,drizzle
BOS202305010,2023/05/01,TOR,BOS,BOS07,5,6,9,night,59,tocf,6,cloudy,none
BOS202305020,2023/05/02,TOR,BOS,BOS07,6,7,9,night,50,unknown,3,overcast,rain
BOS202305030,2023/05/03,TOR,BOS,BOS07,3,8,9,night,50,fromcf,4,overcast,none
BOS202305040,2023/05/04,TOR,BOS,BOS07,5,11,9,night,47,fromcf,3,cloudy,none
BOS202305120,2023/05/12,SLN,BOS,BOS07,8,6,9,night,82,unknown,4,sunny,none
BOS202305130,2023/05/13,SLN,BOS,BOS07,4,3,9,day,80,ltor,6,sunny,none
BOS202305140,2023/05/14,SLN,BOS,BOS07,9,1,9,night,66,ltor,4,sunny,none
BOS202305150,2023/05/15,SEA,BOS,BOS07,10,1,9,night,72,torf,12,sunny,none
BOS202305160,2023/05/16,SEA,BOS,BOS07,4,9,9,night,77,torf,7,sunny,none
BOS202305170,2023/05/17,SEA,BOS,BOS07,3,12,9,night,53,torf,18,sunny,none
BOS202305300,2023/05/30,CIN,BOS,BOS07,9,8,9,night,65,rtol,3,sunny,none
BOS202305310,2023/05/31,CIN,BOS,BOS07,5,4,9,night,79,fromcf,2,sunny,none
BOS202306010,2023/06/01,CIN,BOS,BOS07,2,8,9,night,85,tolf,4,sunny,none
BOS202306031,2023/06/03,TBA,BOS,BOS07,5,8,9,day,52,ltor,8,overcast,drizzle
BOS202306032,2023/06/03,TBA,BOS,BOS07,4,2,9,night,48,fromlf,16,overcast,drizzle
BOS202306040,2023/06/04,TBA,BOS,BOS07,6,2,9,day,52,fromcf,11,overcast,none
BOS202306050,2023/06/05,TBA,BOS,BOS07,4,1,9,day,58,fromlf,5,overcast,none
BOS202306120,2023/06/12,COL,BOS,BOS07,4,3,10,night,73,unknown,11,cloudy,none
BOS202306130,2023/06/13,COL,BOS,BOS07,7,6,10,night,69,fromcf,3,cloudy,none
BOS202306140,2023/06/14,COL,BOS,BOS07,3,6,9,night,64,tolf,7,cloudy,none
BOS202306160,2023/06/16,NYA,BOS,BOS07,5,15,9,night,73,tolf,2,cloudy,none
BOS202306181,2023/06/18,NYA,BOS,BOS07,2,6,9,day,64,fromlf,8,cloudy,none
BOS202306182,2023/06/18,NYA,BOS,BOS07,1,4,9,night,65,fromrf,7,cloudy,none
BOS202306270,2023/06/27,MIA,BOS,BOS07,10,1,9,night,76,torf,4,cloudy,none
BOS202306280,2023/06/28,MIA,BOS,BOS07,6,2,9,night,77,tolf,3,cloudy,none
BOS202306290,2023/06/29,MIA,BOS,BOS07,2,0,9,night,77,tocf,9,cloudy,none
BOS202307040,2023/07/04,TEX,BOS,BOS07,6,2,9,day,73,fromcf,2,overcast,none
BOS202307050,2023/07/05,TEX,BOS,BOS07,2,4,9,night,80,rtol,6,cloudy,none
BOS202307060,2023/07/06,TEX,BOS,BOS07,6,10,9,night,88,tolf,3,cloudy,none
BOS202307070,2023/07/07,OAK,BOS,BOS07,3,7,9,night,82,tolf,9,cloudy,none
BOS202307080,2023/07/08,OAK,BOS,BOS07,3,10,9,day,78,fromrf,11,sunny,none
BOS202307090,2023/07/09,OAK,BOS,BOS07,3,4,9,day,80,fromrf,12,cloudy,none
BOS202307210,2023/07/21,NYN,BOS,BOS07,5,4,9,day,75,tolf,2,cloudy,none
BOS202307220,2023/07/22,NYN,BOS,BOS07,6,8,9,night,74,ltor,1,cloudy,none
BOS202307230,2023/07/23,NYN,BOS,BOS07,1,6,9,night,75,torf,2,sunny,none
BOS202307250,2023/07/25,ATL,BOS,BOS07,1,7,9,night,69,tolf,2,cloudy,none
BOS202307260,2023/07/26,ATL,BOS,BOS07,3,5,9,night,85,tocf,9,cloudy,none
BOS202308040,2023/08/04,TOR,BOS,BOS07,7,3,9,night,77,tocf,3,overcast,none
BOS202308050,2023/08/05,TOR,BOS,BOS07,5,4,9,day,80,rtol,7,cloudy,none
BOS202308060,2023/08/06,TOR,BOS,BOS07,13,1,9,day,80,torf,3,sunny,none
BOS202308070,2023/08/07,KCA,BOS,BOS07,2,6,9,night,69,rtol,3,cloudy,none
BOS202308080,2023/08/08,KCA,BOS,BOS07,9,3,9,night,78,tocf,9,cloudy,none
BOS202308090,2023/08/09,KCA,BOS,BOS07,3,4,9,night,79,unknown,3,sunny,none
BOS202308100,2023/08/10,KCA,BOS,BOS07,0,2,9,night,77,tocf,3,overcast,none
BOS202308110,2023/08/11,DET,BOS,BOS07,2,5,9,night,80,torf,15,sunny,none
BOS202308120,2023/08/12,DET,BOS,BOS07,6,2,9,day,80,rtol,4,cloudy,none
BOS202308130,2023/08/13,DET,BOS,BOS07,3,6,9,day,82,tocf,4,cloudy,none
BOS202308250,2023/08/25,LAN,BOS,BOS07,7,4,9,night,70,tolf,13,cloudy,none
BOS202308260,2023/08/26,LAN,BOS,BOS07,5,8,9,day,83,fromcf,2,cloudy,none
BOS202308270,2023/08/27,LAN,BOS,BOS07,7,4,9,day,74,fromcf,3,cloudy,none
BOS202308280,2023/08/28,HOU,BOS,BOS07,13,5,9,night,70,tolf,3,cloudy,none
BOS202308290,2023/08/29,HOU,BOS,BOS07,6,2,9,night,69,fromrf,2,cloudy,none
BOS202308300,2023/08/30,HOU,BOS,BOS07,7,4,9,day,78,torf,2,cloudy,none
BOS202309080,2023/09/08,BAL,BOS,BOS07,11,2,9,night,82,tolf,9,cloudy,none
BOS202309090,2023/09/09,BAL,BOS,BOS07,13,12,9,day,72,tolf,2,cloudy,none
BOS202309100,2023/09/10,BAL,BOS,BOS07,3,7,9,day,73,fromrf,3,overcast,rain
BOS202309121,2023/09/12,NYA,BOS,BOS07,3,2,9,day,74,unknown,4,cloudy,none
BOS202309122,2023/09/12,NYA,BOS,BOS07,4,1,9,night,74,ltor,6,cloudy,none
BOS202309141,2023/09/14,NYA,BOS,BOS07,0,5,9,day,75,ltor,8,sunny,none
BOS202309142,2023/09/14,NYA,BOS,BOS07,8,5,9,night,70,torf,1,sunny,none
BOS202309220,2023/09/22,CHA,BOS,BOS07,2,3,9,night,62,unknown,8,cloudy,none
BOS202309230,2023/09/23,CHA,BOS,BOS07,1,0,9,day,61,fromcf,4,overcast,drizzle
BOS202309240,2023/09/24,CHA,BOS,BOS07,3,2,6,day,63,ltor,12,overcast,drizzle
BOS202309260,2023/09/26,TBA,BOS,BOS07,9,7,9,night,56,tocf,8,cloudy,none
BOS202309270,2023/09/27,TBA,BOS,BOS07,5,0,9,night,61,ltor,7,cloudy,none
CHA202304030,2023/04/03,SFN,CHA,CHI12,12,3,9,day,57,fromlf,9,cloudy,none
CHA202304050,2023/04/05,SFN,CHA,CHI12,3,7,9,day,67,tolf,23,overcast,none
CHA202304060,2023/04/06,SFN,CHA,CHI12,16,6,9,day,46,tolf,10,sunny,none
CHA202304140,2023/04/14,BAL,CHA,CHI12,6,3,9,night,72,torf,9,cloudy,none
CHA202304150,2023/04/15,BAL,CHA,CHI12,6,7,10,day,77,tolf,10,cloudy,none
CHA202304160,2023/04/16,BAL,CHA,CHI12,8,4,9,day,43,fromlf,8,overcast,none
CHA202304181,2023/04/18,PHI,CHA,CHI12,7,4,9,day,53,tocf,9,sunny,none
CHA202304182,2023/04/18,PHI,CHA,CHI12,0,3,9,day,54,fromcf,6,sunny,none
CHA202304190,2023/04/19,PHI,CHA,CHI12,5,2,9,day,60,fromcf,14,cloudy,none
CHA202304270,2023/04/27,TBA,CHA,CHI12,14,5,9,night,56,fromlf,15,cloudy,none
CHA202304280,2023/04/28,TBA,CHA,CHI12,3,2,9,night,55,torf,10,cloudy,none
CHA202304290,2023/04/29,TBA,CHA,CHI12,12,3,9,night,56,tocf,13,cloudy,none
CHA202304300,2023/04/30,TBA,CHA,CHI12,9,12,9,day,46,tolf,7,overcast,rain
CHA202305020,2023/05/02,MIN,CHA,CHI12,2,3,10,night,48,torf,7,overcast,none
CHA202305030,2023/05/03,MIN,CHA,CHI12,4,6,9,night,48,fromlf,9,sunny,none
CHA202305040,2023/05/04,MIN,CHA,CHI12,7,3,12,day,63,fromlf,4,sunny,none
CHA202305120,2023/05/12,HOU,CHA,CHI12,5,1,9,night,58,torf,7,overcast,none
CHA202305130,2023/05/13,HOU,CHA,CHI12,1,3,9,night,59,ltor,11,cloudy,none
CHA202305140,2023/05/14,HOU,CHA,CHI12,4,3,9,day,58,torf,12,overcast,none
CHA202305160,2023/05/16,CLE,CHA,CHI12,3,8,9,night,61,ltor,15,cloudy,none
CHA202305170,2023/05/17,CLE,CHA,CHI12,2,7,9,night,50,ltor,9,cloudy,none
CHA202305180,2023/05/18,CLE,CHA,CHI12,3,1,9,day,62,fromcf,5,cloudy,none
CHA202305190,2023/05/19,KCA,CHA,CHI12,0,2,9,night,61,torf,5,cloudy,none
CHA202305200,2023/05/20,KCA,CHA,CHI12,1,5,9,day,59,ltor,10,sunny,none
CHA202305210,2023/05/21,KCA,CHA,CHI12,2,5,9,day,75,ltor,4,sunny,none
CHA202305290,2023/05/29,ANA,CHA,CHI12,6,4,9,night,74,fromlf,3,cloudy,none
CHA202305300,2023/05/30,ANA,CHA,CHI12,3,7,9,night,73,fromlf,9,sunny,none
CHA202305310,2023/05/31,ANA,CHA,CHI12,12,5,9,day,84,torf,11,cloudy,none
CHA202306020,2023/06/02,DET,CHA,CHI12,0,3,9,night,76,ltor,10,sunny,none
CHA202306030,2023/06/03,DET,CHA,CHI12,1,2,10,day,79,ltor,12,sunny,none
CHA202306040,2023/06/04,DET,CHA,CHI12,2,6,9,day,71,ltor,5,overcast,none
CHA202306090,2023/06/09,MIA,CHA,CHI12,1,2,9,night,71,fromcf,8,sunny,none
CHA202306100,2023/06/10,MIA,CHA,CHI12,5,1,9,day,83,rtol,9,cloudy,none
CHA202306110,2023/06/11,MIA,CHA,CHI12,6,5,9,day,55,fromrf,7,overcast,none
CHA202306190,2023/06/19,TEX,CHA,CHI12,5,2,9,night,77,ltor,6,sunny,none
CHA202306200,2023/06/20,TEX,CHA,CHI12,6,7,9,night,72,ltor,14,sunny,none
CHA202306210,2023/06/21,TEX,CHA,CHI12,6,3,9,night,74,ltor,13,sunny,none
CHA202306230,2023/06/23,BOS,CHA,CHI12,3,1,9,night,75,ltor,7,sunny,none
CHA202306240,2023/06/24,BOS,CHA,CHI12,4,5,9,day,82,ltor,10,sunny,none
CHA202306250,2023/06/25,BOS,CHA,CHI12,1,4,9,day,86,fromrf,6,overcast,none
CHA202307040,2023/07/04,TOR,CHA,CHI12,4,3,9,night,84,fromcf,3,cloudy,none
CHA202307061,2023/07/06,TOR,CHA,CHI12,6,2,11,night,73,ltor,12,cloudy,none
CHA202307062,2023/07/06,TOR,CHA,CHI12,5,4,9,night,71,ltor,6,cloudy,none
CHA202307070,2023/07/07,SLN,CHA,CHI12,7,8,9,night,72,fromlf,9,cloudy,none
CHA202307080,2023/07/08,SLN,CHA,CHI12,3,0,9,day,65,torf,9,cloudy,none
CHA202307090,2023/07/09,SLN,CHA,CHI12,4,3,10,day,80,torf,3,cloudy,none
CHA202307250,2023/07/25,CHN,CHA,CHI12,7,3,9,night,86,unknown,9,sunny,none
CHA202307260,2023/07/26,CHN,CHA,CHI12,10,7,9,night,88,tolf,11,cloudy,none
CHA202307270,2023/07/27,CLE,CHA,CHI12,6,3,9,night,86,fromlf,7,cloudy,none
CHA202307280,2023/07/28,CLE,CHA,CHI12,0,3,9,night,86,fromlf,8,cloudy,none
CHA202307290,2023/07/29,CLE,CHA,CHI12,2,7,9,night,77,ltor,10,sunny,none
CHA202307300,2023/07/30,CLE,CHA,CHI12,5,0,9,day,79,torf,5,sunny,none
CHA202308070,2023/08/07,NYA,CHA,CHI12,1,5,9,night,74,ltor,7,cloudy,none
CHA202308080,2023/08/08,NYA,CHA,CHI12,7,1,9,night,78,tolf,8,cloudy,none
CHA202308090,2023/08/09,NYA,CHA,CHI12,2,9,9,night,76,rtol,8,cloudy,none
CHA202308110,2023/08/11,MIL,CHA,CHI12,7,6,10,night,83,tolf,12,cloudy,none
CHA202308120,2023/08/12,MIL,CHA,CHI12,3,2,9,night,81,ltor,6,sunny,none
CHA202308130,2023/08/13,MIL,CHA,CHI12,7,3,9,day,75,ltor,5,cloudy,none
CHA202308210,2023/08/21,SEA,CHA,CHI12,14,2,9,night,73,ltor,4,cloudy,none
CHA202308220,2023/08/22,SEA,CHA,CHI12,6,3,9,night,82,fromcf,9,sunny,none
CHA202308230,2023/08/23,SEA,CHA,CHI12,4,5,10,day,95,rtol,16,sunny,none
CHA202308240,2023/08/24,OAK,CHA,CHI12,8,5,9,night,91,tolf,13,sunny,none
CHA202308250,2023/08/25,OAK,CHA,CHI12,12,4,9,night,77,fromlf,3,cloudy,none
CHA202308260,2023/08/26,OAK,CHA,CHI12,2,6,9,night,72,torf,17,cloudy,none
CHA202308270,2023/08/27,OAK,CHA,CHI12,1,6,9,day,71,ltor,5,sunny,none
CHA202309010,2023/09/01,DET,CHA,CHI12,4,2,9,night,77,fromrf,8,sunny,none
CHA202309020,2023/09/02,DET,CHA,CHI12,10,0,9,night,86,tolf,11,cloudy,none
CHA202309030,2023/09/03,DET,CHA,CHI12,3,2,9,day,90,rtol,6,sunny,none
CHA202309121,2023/09/12,KCA,CHA,CHI12,2,6,9,day,69,torf,9,cloudy,none
CHA202309122,2023/09/12,KCA,CHA,CHI12,11,10,9,day,65,ltor,8,cloudy,none
CHA202309130,2023/09/13,KCA,CHA,CHI12,7,1,9,night,64,ltor,9,sunny,none
CHA202309140,2023/09/14,MIN,CHA,CHI12,10,2,9,night,67,fromlf,8,sunny,none
CHA202309150,2023/09/15,MIN,CHA,CHI12,10,2,9,night,72,ltor,4,sunny,none
CHA202309160,2023/09/16,MIN,CHA,CHI12,6,7,9,night,67,rtol,4,overcast,none
CHA202309170,2023/09/17,MIN,CHA,CHI12,4,0,9,day,64,torf,4,cloudy,none
CHA202309260,2023/09/26,ARI,CHA,CHI12,15,4,9,night,69,ltor,11,cloudy,none
CHA202309270,2023/09/27,ARI,CHA,CHI12,3,0,9,day,68,ltor,8,cloudy,none
CHA202309280,2023/09/28,ARI,CHA,CHI12,1,3,9,day,68,ltor,10,cloudy,none
CHA202309290,2023/09/29,SDN,CHA,CHI12,3,2,9,night,68,ltor,8,sunny,none
CHA202309300,2023/09/30,SDN,CHA,CHI12,6,1,9,night,76,fromcf,7,sunny,none
CHA202310010,2023/10/01,SDN,CHA,CHI12,2,1,11,day,80,ltor,3,sunny,none
CLE202304070,2023/04/07,SEA,CLE,CLE08,5,3,9,day,41,fromrf,9,cloudy,none
CLE202304080,2023/04/08,SEA,CLE,CLE08,3,2,9,night,45,fromcf,5,sunny,none
CLE202304090,2023/04/09,SEA,CLE,CLE08,6,7,12,day,52,fromcf,7,sunny,none
CLE202304100,2023/04/10,NYA,CLE,CLE08,2,3,9,night,56,fromrf,2,cloudy,none
CLE202304110,2023/04/11,NYA,CLE,CLE08,11,2,9,night,59,torf,5,sunny,none
CLE202304120,2023/04/12,NYA,CLE,CLE08,4,3,9,day,70,fromlf,3,sunny,none
CLE202304221,2023/04/22,MIA,CLE,CLE08,6,1,9,day,50,unknown,6,cloudy,none
CLE202304222,2023/04/22,MIA,CLE,CLE08,3,2,9,day,49,unknown,5,cloudy,none
CLE202304230,2023/04/23,MIA,CLE,CLE08,4,7,9,day,46,ltor,13,cloudy,none
CLE202304240,2023/04/24,COL,CLE,CLE08,6,0,9,night,44,tolf,11,sunny,none
CLE202304250,2023/04/25,COL,CLE,CLE08,5,1,9,night,45,unknown,0,overcast,none
CLE202304260,2023/04/26,COL,CLE,CLE08,1,4,9,day,46,fromcf,7,sunny,none
CLE202305050,2023/05/05,MIN,CLE,CLE08,2,0,9,night,59,fromrf,8,sunny,none
CLE202305060,2023/05/06,MIN,CLE,CLE08,3,4,9,night,62,fromcf,13,cloudy,none
CLE202305070,2023/05/07,MIN,CLE,CLE08,0,2,9,day,68,tocf,9,cloudy,none
CLE202305080,2023/05/08,DET,CLE,CLE08,6,2,9,night,55,rtol,6,cloudy,none
CLE202305090,2023/05/09,DET,CLE,CLE08,0,2,9,night,60,unknown,0,sunny,none
CLE202305100,2023/05/10,DET,CLE,CLE08,5,0,9,day,62,fromcf,8,sunny,none
CLE202305120,2023/05/12,ANA,CLE,CLE08,5,4,9,night,70,fromrf,1,overcast,none
CLE202305130,2023/05/13,ANA,CLE,CLE08,6,8,9,night,65,fromcf,3,cloudy,none
CLE202305140,2023/05/14,ANA,CLE,CLE08,3,4,9,day,64,fromrf,11,cloudy,none
CLE202305220,2023/05/22,CHA,CLE,CLE08,0,3,9,night,66,fromcf,12,cloudy,none
CLE202305230,2023/05/23,CHA,CLE,CLE08,4,2,9,night,69,fromcf,6,cloudy,none
CLE202305240,2023/05/24,CHA,CLE,CLE08,6,0,9,day,67,fromcf,6,cloudy,none
CLE202305260,2023/05/26,SLN,CLE,CLE08,3,4,9,night,63,fromcf,14,sunny,none
CLE202305270,2023/05/27,SLN,CLE,CLE08,2,1,10,night,67,rtol,11,cloudy,none
CLE202305280,2023/05/28,SLN,CLE,CLE08,3,4,9,day,71,fromrf,6,cloudy,none
CLE202306060,2023/06/06,BOS,CLE,CLE08,5,4,9,night,68,ltor,8,cloudy,none
CLE202306070,2023/06/07,BOS,CLE,CLE08,2,5,9,night,65,fromcf,7,overcast,none
CLE202306080,2023/06/08,BOS,CLE,CLE08,3,10,9,night,64,unknown,0,overcast,none
CLE202306090,2023/06/09,HOU,CLE,CLE08,9,10,14,night,70,ltor,8,sunny,none
CLE202306100,2023/06/10,HOU,CLE,CLE08,6,4,9,night,75,fromcf,1,cloudy,none
CLE202306110,2023/06/11,HOU,CLE,CLE08,0,5,9,day,78,fromcf,9,cloudy,none
CLE202306200,2023/06/20,OAK,CLE,CLE08,2,3,10,night,80,rtol,10,cloudy,none
CLE202306210,2023/06/21,OAK,CLE,CLE08,6,7,9,night,76,fromrf,12,cloudy,none
CLE202306220,2023/06/22,OAK,CLE,CLE08,1,6,9,day,71,rtol,7,cloudy,none
CLE202306230,2023/06/23,MIL,CLE,CLE08,7,1,9,night,68,fromrf,5,cloudy,none
CLE202306240,2023/06/24,MIL,CLE,CLE08,2,4,9,day,74,fromcf,3,cloudy,none
CLE202306250,2023/06/25,MIL,CLE,CLE08,5,4,10,day,86,tocf,10,sunny,none
CLE202307030,2023/07/03,ATL,CLE,CLE08,4,2,9,night,78,fromcf,2,sunny,none
CLE202307040,2023/07/04,ATL,CLE,CLE08,5,6,10,night,82,ltor,6,sunny,none
CLE202307050,2023/07/05,ATL,CLE,CLE08,8,1,9,night,84,fromrf,1,sunny,none
CLE202307060,2023/07/06,KCA,CLE,CLE08,1,6,9,night,77,ltor,3,overcast,none
CLE202307070,2023/07/07,KCA,CLE,CLE08,0,3,9,night,75,fromrf,2,sunny,none
CLE202307080,2023/07/08,KCA,CLE,CLE08,6,10,9,day,72,ltor,8,cloudy,none
CLE202307090,2023/07/09,KCA,CLE,CLE08,4,1,9,day,73,ltor,12,cloudy,none
CLE202307210,2023/07/21,PHI,CLE,CLE08,5,6,9,night,75,torf,1,sunny,none
CLE202307220,2023/07/22,PHI,CLE,CLE08,0,1,9,night,78,fromrf,1,sunny,none
CLE202307230,2023/07/23,PHI,CLE,CLE08,8,5,10,day,82,torf,5,cloudy,none
CLE202307240,2023/07/24,KCA,CLE,CLE08,5,3,9,night,79,ltor,5,sunny,none
CLE202307250,2023/07/25,KCA,CLE,CLE08,1,5,9,night,80,unknown,0,overcast,none
CLE202307260,2023/07/26,KCA,CLE,CLE08,3,8,9,day,86,fromcf,6,sunny,none
CLE202308040,2023/08/04,CHA,CLE,CLE08,2,4,9,night,78,fromlf,3,sunny,none
CLE202308050,2023/08/05,CHA,CLE,CLE08,7,4,9,night,77,fromrf,6,cloudy,none
CLE202308060,2023/08/06,CHA,CLE,CLE08,5,3,9,day,81,rtol,3,cloudy,none
CLE202308070,2023/08/07,TOR,CLE,CLE08,3,1,9,night,70,fromlf,9,cloudy,none
CLE202308080,2023/08/08,TOR,CLE,CLE08,0,1,9,night,78,ltor,12,sunny,none
CLE202308090,2023/08/09,TOR,CLE,CLE08,1,0,9,night,80,ltor,4,cloudy,none
CLE202308100,2023/08/10,TOR,CLE,CLE08,3,4,9,day,75,fromlf,9,sunny,none
CLE202308181,2023/08/18,DET,CLE,CLE08,4,2,9,night,72,ltor,19,cloudy,none
CLE202308182,2023/08/18,DET,CLE,CLE08,1,4,9,night,71,ltor,13,cloudy,none
CLE202308190,2023/08/19,DET,CLE,CLE08,4,3,9,night,74,fromrf,1,sunny,none
CLE202308200,2023/08/20,DET,CLE,CLE08,4,1,9,day,83,ltor,8,sunny,none
CLE202308220,2023/08/22,LAN,CLE,CLE08,3,8,9,night,72,rtol,17,sunny,none
CLE202308230,2023/08/23,LAN,CLE,CLE08,6,1,9,day,72,tocf,5,overcast,none
CLE202308240,2023/08/24,LAN,CLE,CLE08,9,3,9,day,78,torf,7,cloudy,none
CLE202309010,2023/09/01,TBA,CLE,CLE08,2,3,9,night,73,fromrf,15,sunny,none
CLE202309020,2023/09/02,TBA,CLE,CLE08,6,7,11,night,79,unknown,0,cloudy,none
CLE202309030,2023/09/03,TBA,CLE,CLE08,6,2,9,day,84,torf,1,cloudy,none
CLE202309040,2023/09/04,MIN,CLE,CLE08,20,6,9,night,84,ltor,1,cloudy,none
CLE202309050,2023/09/05,MIN,CLE,CLE08,8,3,9,night,86,fromcf,3,sunny,none
CLE202309060,2023/09/06,MIN,CLE,CLE08,1,2,9,day,87,tocf,12,cloudy,none
CLE202309150,2023/09/15,TEX,CLE,CLE08,3,12,9,night,67,fromrf,6,sunny,none
CLE202309160,2023/09/16,TEX,CLE,CLE08,1,2,9,night,69,fromrf,6,cloudy,none
CLE202309170,2023/09/17,TEX,CLE,CLE08,2,9,9,day,71,fromrf,2,sunny,none
CLE202309210,2023/09/21,BAL,CLE,CLE08,2,5,9,night,73,fromrf,15,sunny,none
CLE202309220,2023/09/22,BAL,CLE,CLE08,8,9,9,night,72,tolf,9,sunny,none
CLE202309230,2023/09/23,BAL,CLE,CLE08,2,1,9,night,70,fromcf,19,sunny,none
CLE202309240,2023/09/24,BAL,CLE,CLE08,5,1,9,day,68,rtol,6,overcast,none
CLE202309260,2023/09/26,CIN,CLE,CLE08,11,7,9,night,68,rtol,6,cloudy,none
CLE202309270,2023/09/27,CIN,CLE,CLE08,3,4,9,night,71,fromrf,1,cloudy,none
DET202304060,2023/04/06,BOS,DET,DET05,6,3,9,day,47,tolf,14,cloudy,none
DET202304080,2023/04/08,BOS,DET,DET05,14,5,9,day,50,fromcf,6,sunny,none
DET202304090,2023/04/09,BOS,DET,DET05,4,1,9,day,55,fromcf,7,sunny,none
DET202304140,2023/04/14,SFN,DET,DET05,5,7,11,night,80,fromlf,9,cloudy,none
DET202304150,2023/04/15,SFN,DET,DET05,6,7,11,day,76,fromcf,4,cloudy,none
DET202304181,2023/04/18,CLE,DET,DET05,3,4,9,day,39,rtol,16,cloudy,none
DET202304182,2023/04/18,CLE,DET,DET05,0,1,9,day,46,tolf,17,cloudy,none
DET202304190,2023/04/19,CLE,DET,DET05,3,2,9,day,47,ltor,6,sunny,none
DET202304270,2023/04/27,BAL,DET,DET05,7,4,9,night,58,fromlf,7,sunny,none
DET202304291,2023/04/29,BAL,DET,DET05,4,7,9,day,53,rtol,11,overcast,none
DET202304292,2023/04/29,BAL,DET,DET05,6,4,9,night,63,rtol,11,cloudy,none
DET202304300,2023/04/30,BAL,DET,DET05,5,3,9,day,51,rtol,5,cloudy,none
DET202305031,2023/05/03,NYN,DET,DET05,5,6,9,day,50,ltor,14,sunny,none
DET202305032,2023/05/03,NYN,DET,DET05,1,8,9,night,52,tolf,14,cloudy,none
DET202305040,2023/05/04,NYN,DET,DET05,0,2,9,day,59,tocf,5,cloudy,none
DET202305120,2023/05/12,SEA,DET,DET05,9,2,9,night,75,fromlf,5,overcast,none
DET202305130,2023/05/13,SEA,DET,DET05,5,0,9,day,73,ltor,7,cloudy,none
DET202305140,2023/05/14,SEA,DET,DET05,3,5,9,day,66,ltor,10,cloudy,none
DET202305160,2023/05/16,PIT,DET,DET05,0,4,9,night,78,tolf,15,overcast,none
DET202305170,2023/05/17,PIT,DET,DET05,8,0,9,day,53,ltor,11,sunny,none
DET202305250,2023/05/25,CHA,DET,DET05,2,7,9,night,62,ltor,8,sunny,none
DET202305260,2023/05/26,CHA,DET,DET05,12,3,9,night,71,ltor,9,sunny,none
DET202305270,2023/05/27,CHA,DET,DET05,3,7,9,day,72,fromlf,6,cloudy,none
DET202305280,2023/05/28,CHA,DET,DET05,5,6,10,day,78,fromlf,9,sunny,none
DET202305290,2023/05/29,TEX,DET,DET05,5,0,9,day,80,ltor,6,sunny,none
DET202305300,2023/05/30,TEX,DET,DET05,10,6,9,night,86,fromcf,11,sunny,none
DET202305310,2023/05/31,TEX,DET,DET05,2,3,9,day,85,fromcf,8,sunny,none
DET202306090,2023/06/09,ARI,DET,DET05,11,6,9,night,76,unknown,0,cloudy,none
DET202306100,2023/06/10,ARI,DET,DET05,5,0,9,day,80,rtol,7,sunny,none
DET202306110,2023/06/11,ARI,DET,DET05,7,5,9,day,67,torf,12,cloudy,none
DET202306120,2023/06/12,ATL,DET,DET05,5,6,10,night,64,rtol,13,cloudy,none
DET202306141,2023/06/14,ATL,DET,DET05,10,7,9,day,66,tolf,9,cloudy,none
DET202306142,2023/06/14,ATL,DET,DET05,6,5,9,day,73,tocf,9,cloudy,none
DET202306190,2023/06/19,KCA,DET,DET05,4,6,9,night,82,ltor,11,sunny,none
DET202306200,2023/06/20,KCA,DET,DET05,1,0,9,night,84,ltor,10,sunny,none
DET202306210,2023/06/21,KCA,DET,DET05,4,9,9,day,82,fromlf,7,sunny,none
DET202306230,2023/06/23,MIN,DET,DET05,4,1,9,night,68,ltor,6,cloudy,none
DET202306240,2023/06/24,MIN,DET,DET05,2,3,9,night,84,ltor,7,cloudy,none
DET202306250,2023/06/25,MIN,DET,DET05,6,3,10,day,82,fromcf,15,cloudy,none
DET202307040,2023/07/04,OAK,DET,DET05,1,0,10,night,86,torf,10,sunny,none
DET202307050,2023/07/05,OAK,DET,DET05,12,3,9,night,89,rtol,11,sunny,none
DET202307060,2023/07/06,OAK,DET,DET05,0,9,9,day,80,tolf,8,cloudy,none
DET202307070,2023/07/07,TOR,DET,DET05,12,2,9,night,79,fromcf,8,cloudy,none
DET202307080,2023/07/08,TOR,DET,DET05,0,2,9,day,69,rtol,9,overcast,none
DET202307090,2023/07/09,TOR,DET,DET05,4,3,10,day,74,rtol,8,cloudy,none
DET202307210,2023/07/21,SDN,DET,DET05,5,4,9,night,80,ltor,8,cloudy,none
DET202307220,2023/07/22,SDN,DET,DET05,14,3,9,night,80,ltor,8,cloudy,none
DET202307230,2023/07/23,SDN,DET,DET05,1,3,9,day,80,tolf,3,sunny,none
DET202307240,2023/07/24,SFN,DET,DET05,1,5,9,day,81,rtol,5,sunny,none
DET202307250,2023/07/25,ANA,DET,DET05,7,6,10,night,85,rtol,7,overcast,none
DET202307271,2023/07/27,ANA,DET,DET05,6,0,9,day,78,tolf,5,overcast,none
DET202307272,2023/07/27,ANA,DET,DET05,11,4,9,day,84,fromlf,3,sunny,none
DET202308040,2023/08/04,TBA,DET,DET05,8,0,9,night,81,tocf,8,cloudy,none
DET202308050,2023/08/05,TBA,DET,DET05,2,4,9,day,77,ltor,6,sunny,none
DET202308060,2023/08/06,TBA,DET,DET05,10,6,9,day,74,ltor,12,cloudy,none
DET202308070,2023/08/07,MIN,DET,DET05,9,3,9,night,72,tocf,13,overcast,none
DET202308080,2023/08/08,MIN,DET,DET05,0,6,9,night,82,rtol,11,sunny,none
DET202308090,2023/08/09,MIN,DET,DET05,5,9,9,night,81,rtol,12,cloudy,none
DET202308100,2023/08/10,MIN,DET,DET05,0,3,9,day,80,tocf,10,sunny,none
DET202308210,2023/08/21,CHN,DET,DET05,7,6,9,night,78,fromlf,10,cloudy,none
DET202308220,2023/08/22,CHN,DET,DET05,6,8,9,night,73,ltor,6,sunny,none
DET202308230,2023/08/23,CHN,DET,DET05,6,4,9,day,69,rtol,8,cloudy,none
DET202308250,2023/08/25,HOU,DET,DET05,1,4,9,night,76,tocf,6,cloudy,none
DET202308260,2023/08/26,HOU,DET,DET05,9,2,9,night,75,ltor,10,sunny,none
DET202308270,2023/08/27,HOU,DET,DET05,17,4,9,day,71,ltor,10,sunny,none
DET202308280,2023/08/28,NYA,DET,DET05,4,1,9,night,74,fromlf,6,sunny,none
DET202308290,2023/08/29,NYA,DET,DET05,4,2,9,night,74,fromcf,9,cloudy,none
DET202308300,2023/08/30,NYA,DET,DET05,6,2,9,night,64,ltor,8,sunny,none
DET202308310,2023/08/31,NYA,DET,DET05,3,4,10,day,68,fromlf,6,sunny,none
DET202309080,2023/09/08,CHA,DET,DET05,6,0,9,night,67,torf,5,overcast,none
DET202309090,2023/09/09,CHA,DET,DET05,1,3,9,night,67,ltor,6,cloudy,none
DET202309100,2023/09/10,CHA,DET,DET05,2,3,9,day,71,torf,5,overcast,none
DET202309120,2023/09/12,CIN,DET,DET05,6,5,10,night,69,tolf,9,cloudy,none
DET202309130,2023/09/13,CIN,DET,DET05,4,3,9,night,64,tocf,7,cloudy,none
DET202309140,2023/09/14,CIN,DET,DET05,2,8,9,day,67,rtol,2,sunny,none
DET202309260,2023/09/26,KCA,DET,DET05,3,6,9,night,65,ltor,13,cloudy,none
DET202309270,2023/09/27,KCA,DET,DET05,0,8,9,day,64,tolf,9,overcast,none
DET202309280,2023/09/28,KCA,DET,DET05,3,7,9,day,63,ltor,8,overcast,none
DET202309290,2023/09/29,CLE,DET,DET05,7,5,9,night,69,fromlf,4,cloudy,none
DET202309300,2023/09/30,CLE,DET,DET05,0,8,9,day,72,fromlf,5,sunny,none
DET202310010,2023/10/01,CLE,DET,DET05,2,5,9,day,78,fromlf,3,cloudy,none
HOU202303300,2023/03/30,CHA,HOU,HOU03,3,2,9,night,73,unknown,0,dome,none
HOU202303310,2023/03/31,CHA,HOU,HOU03,3,6,9,night,73,unknown,0,dome,none
HOU202304010,2023/04/01,CHA,HOU,HOU03,4,6,9,day,73,unknown,0,dome,none
HOU202304020,2023/04/02,CHA,HOU,HOU03,6,3,9,day,73,unknown,0,dome,none
HOU202304030,2023/04/03,DET,HOU,HOU03,7,6,11,night,73,unknown,0,sunny,none
HOU202304040,2023/04/04,DET,HOU,HOU03,6,3,9,night,73,unknown,0,dome,none
HOU202304050,2023/04/05,DET,HOU,HOU03,2,8,9,day,73,unknown,0,dome,none
HOU202304140,2023/04/14,TEX,HOU,HOU03,6,2,9,night,73,unknown,0,dome,none
HOU202304150,2023/04/15,TEX,HOU,HOU03,2,8,9,night,73,unknown,0,dome,none
HOU202304160,2023/04/16,TEX,HOU,HOU03,9,1,9,night,73,unknown,0,dome,none
HOU202304170,2023/04/17,TOR,HOU,HOU03,2,9,9,night,73,unknown,0,dome,none
HOU202304180,2023/04/18,TOR,HOU,HOU03,4,2,9,night,73,unknown,0,dome,none
HOU202304190,2023/04/19,TOR,HOU,HOU03,1,8,9,night,73,unknown,0,dome,none
HOU202304280,2023/04/28,PHI,HOU,HOU03,3,1,9,night,73,unknown,0,dome,none
HOU202304290,2023/04/29,PHI,HOU,HOU03,6,1,9,day,73,unknown,0,dome,none
HOU202304300,2023/04/30,PHI,HOU,HOU03,3,4,9,night,73,unknown,0,dome,none
HOU202305010,2023/05/01,SFN,HOU,HOU03,3,7,9,night,73,unknown,0,dome,none
HOU202305020,2023/05/02,SFN,HOU,HOU03,2,0,9,night,76,tolf,7,cloudy,none
HOU202305030,2023/05/03,SFN,HOU,HOU03,4,2,9,day,73,unknown,0,dome,none
HOU202305150,2023/05/15,CHN,HOU,HOU03,4,6,9,night,73,unknown,0,dome,none
HOU202305160,2023/05/16,CHN,HOU,HOU03,3,7,9,night,73,unknown,0,dome,none
HOU202305170,2023/05/17,CHN,HOU,HOU03,6,7,9,night,73,unknown,0,dome,none
HOU202305190,2023/05/19,OAK,HOU,HOU03,1,5,9,night,73,unknown,0,dome,none
HOU202305200,2023/05/20,OAK,HOU,HOU03,2,3,9,day,73,unknown,0,dome,none
HOU202305210,2023/05/21,OAK,HOU,HOU03,0,2,9,day,73,unknown,0,dome,none
HOU202305290,2023/05/29,MIN,HOU,HOU03,7,5,10,day,73,unknown,0,dome,none
HOU202305300,2023/05/30,MIN,HOU,HOU03,1,5,9,night,73,unknown,0,dome,none
HOU202305310,2023/05/31,MIN,HOU,HOU03,8,2,9,night,73,unknown,0,dome,none
HOU202306010,2023/06/01,ANA,HOU,HOU03,2,5,9,night,73,unknown,0,dome,none
HOU202306020,2023/06/02,ANA,HOU,HOU03,2,6,9,night,73,unknown,0,dome,none
HOU202306030,2023/06/03,ANA,HOU,HOU03,6,9,9,day,73,unknown,0,dome,none
HOU202306040,2023/06/04,ANA,HOU,HOU03,2,1,9,day,73,unknown,0,dome,none
HOU202306130,2023/06/13,WAS,HOU,HOU03,1,6,9,night,73,unknown,0,dome,none
HOU202306140,2023/06/14,WAS,HOU,HOU03,4,5,9,night,73,unknown,0,dome,none
HOU202306150,2023/06/15,WAS,HOU,HOU03,4,1,10,night,73,unknown,0,dome,none
HOU202306160,2023/06/16,CIN,HOU,HOU03,2,1,9,night,73,unknown,0,dome,none
HOU202306170,2023/06/17,CIN,HOU,HOU03,10,3,9,day,73,unknown,0,dome,none
HOU202306180,2023/06/18,CIN,HOU,HOU03,9,7,10,day,73,unknown,0,dome,none
HOU202306190,2023/06/19,NYN,HOU,HOU03,11,1,9,night,73,unknown,0,dome,none
HOU202306200,2023/06/20,NYN,HOU,HOU03,2,4,9,night,73,unknown,0,dome,none
HOU202306210,2023/06/21,NYN,HOU,HOU03,8,10,9,day,73,unknown,0,dome,none
HOU202307040,2023/07/04,COL,HOU,HOU03,1,4,9,day,73,unknown,0,dome,none
HOU202307050,2023/07/05,COL,HOU,HOU03,4,6,9,day,72,unknown,0,dome,none
HOU202307060,2023/07/06,SEA,HOU,HOU03,5,1,9,night,73,unknown,0,dome,none
HOU202307070,2023/07/07,SEA,HOU,HOU03,10,1,9,night,73,unknown,0,dome,none
HOU202307080,2023/07/08,SEA,HOU,HOU03,2,3,9,night,73,unknown,0,dome,none
HOU202307090,2023/07/09,SEA,HOU,HOU03,3,1,9,day,73,unknown,0,dome,none
HOU202307240,2023/07/24,TEX,HOU,HOU03,9,10,9,night,73,unknown,0,dome,none
HOU202307250,2023/07/25,TEX,HOU,HOU03,3,4,9,night,73,unknown,0,dome,none
HOU202307260,2023/07/26,TEX,HOU,HOU03,13,5,9,night,73,unknown,0,dome,none
HOU202307280,2023/07/28,TBA,HOU,HOU03,4,3,9,night,73,unknown,0,dome,none
HOU202307290,2023/07/29,TBA,HOU,HOU03,4,17,9,night,73,unknown,0,dome,none
HOU202307300,2023/07/30,TBA,HOU,HOU03,8,2,9,day,73,unknown,0,dome,none
HOU202307310,2023/07/31,CLE,HOU,HOU03,3,7,9,night,73,unknown,0,dome,none
HOU202308010,2023/08/01,CLE,HOU,HOU03,0,2,9,night,73,unknown,0,dome,none
HOU202308020,2023/08/02,CLE,HOU,HOU03,2,3,9,day,73,unknown,0,dome,none
HOU202308110,2023/08/11,ANA,HOU,HOU03,3,11,9,night,73,unknown,0,dome,none
HOU202308120,2023/08/12,ANA,HOU,HOU03,3,11,9,night,73,unknown,0,dome,none
HOU202308130,2023/08/13,ANA,HOU,HOU03,2,1,9,day,73,unknown,0,dome,none
HOU202308180,2023/08/18,SEA,HOU,HOU03,2,0,9,night,73,unknown,0,dome,none
HOU202308190,2023/08/19,SEA,HOU,HOU03,10,3,9,night,73,unknown,0,dome,none
HOU202308200,2023/08/20,SEA,HOU,HOU03,7,6,9,day,73,unknown,0,dome,none
HOU202308210,2023/08/21,BOS,HOU,HOU03,4,9,9,night,73,unknown,0,dome,none
HOU202308220,2023/08/22,BOS,HOU,HOU03,3,7,9,night,73,unknown,0,dome,none
HOU202308230,2023/08/23,BOS,HOU,HOU03,7,5,10,night,73,unknown,0,dome,none
HOU202308240,2023/08/24,BOS,HOU,HOU03,17,1,9,day,73,unknown,0,dome,none
HOU202309010,2023/09/01,NYA,HOU,HOU03,6,2,9,night,73,unknown,0,dome,none
HOU202309020,2023/09/02,NYA,HOU,HOU03,5,4,9,night,73,unknown,0,dome,none
HOU202309030,2023/09/03,NYA,HOU,HOU03,6,1,9,night,73,unknown,0,dome,none
HOU202309080,2023/09/08,SDN,HOU,HOU03,11,2,9,night,73,unknown,0,dome,none
HOU202309090,2023/09/09,SDN,HOU,HOU03,5,7,9,night,73,unknown,0,dome,none
HOU202309100,2023/09/10,SDN,HOU,HOU03,2,12,9,day,73,unknown,0,dome,none
HOU202309110,2023/09/11,OAK,HOU,HOU03,4,0,9,night,73,unknown,0,dome,none
HOU202309120,2023/09/12,OAK,HOU,HOU03,6,2,9,night,73,unknown,0,dome,none
HOU202309130,2023/09/13,OAK,HOU,HOU03,2,6,9,night,73,unknown,0,dome,none
HOU202309180,2023/09/18,BAL,HOU,HOU03,8,7,9,night,73,unknown,0,dome,none
HOU202309190,2023/09/19,BAL,HOU,HOU03,9,5,9,night,73,unknown,0,dome,none
HOU202309200,2023/09/20,BAL,HOU,HOU03,1,2,9,day,73,unknown,0,dome,none
HOU202309220,2023/09/22,KCA,HOU,HOU03,7,5,9,night,73,unknown,0,dome,none
HOU202309230,2023/09/23,KCA,HOU,HOU03,3,2,9,night,73,unknown,0,dome,none
HOU202309240,2023/09/24,KCA,HOU,HOU03,6,5,9,day,73,unknown,0,dome,none
KCA202303300,2023/03/30,MIN,KCA,KAN06,2,0,9,day,67,rtol,20,cloudy,none
KCA202304010,2023/04/01,MIN,KCA,KAN06,2,0,9,day,55,ltor,12,sunny,none
KCA202304020,2023/04/02,MIN,KCA,KAN06,7,4,9,day,72,rtol,23,sunny,none
KCA202304030,2023/04/03,TOR,KCA,KAN06,5,9,9,night,73,ltor,6,sunny,none
KCA202304040,2023/04/04,TOR,KCA,KAN06,4,1,9,night,80,rtol,22,overcast,none
KCA202304050,2023/04/05,TOR,KCA,KAN06,3,0,9,night,52,ltor,14,sunny,none
KCA202304060,2023/04/06,TOR,KCA,KAN06,6,3,9,day,51,ltor,12,sunny,none
KCA202304140,2023/04/14,ATL,KCA,KAN06,10,3,9,night,77,rtol,12,cloudy,none
KCA202304150,2023/04/15,ATL,KCA,KAN06,9,3,9,day,46,ltor,16,overcast,none
KCA202304160,2023/04/16,ATL,KCA,KAN06,5,4,9,day,51,ltor,21,cloudy,none
KCA202304170,2023/04/17,TEX,KCA,KAN06,4,0,9,night,69,ltor,6,sunny,none
KCA202304180,2023/04/18,TEX,KCA,KAN06,12,2,9,night,80,rtol,15,sunny,none
KCA202304190,2023/04/19,TEX,KCA,KAN06,12,3,9,day,73,rtol,18,cloudy,none
KCA202305020,2023/05/02,BAL,KCA,KAN06,11,7,9,night,67,ltor,14,sunny,none
KCA202305030,2023/05/03,BAL,KCA,KAN06,0,6,9,night,72,ltor,3,sunny,none
KCA202305040,2023/05/04,BAL,KCA,KAN06,13,10,9,day,72,rtol,8,overcast,none
KCA202305050,2023/05/05,OAK,KCA,KAN06,12,8,9,night,76,rtol,10,cloudy,none
KCA202305060,2023/05/06,OAK,KCA,KAN06,5,4,9,night,93,rtol,18,sunny,none
KCA202305070,2023/05/07,OAK,KCA,KAN06,1,5,9,day,86,rtol,15,sunny,none
KCA202305080,2023/05/08,CHA,KCA,KAN06,5,12,9,night,82,ltor,9,sunny,none
KCA202305090,2023/05/09,CHA,KCA,KAN06,4,2,9,night,69,rtol,25,cloudy,none
KCA202305100,2023/05/10,CHA,KCA,KAN06,1,9,9,night,81,rtol,7,cloudy,none
KCA202305110,2023/05/11,CHA,KCA,KAN06,3,4,9,day,67,rtol,11,overcast,rain
KCA202305220,2023/05/22,DET,KCA,KAN06,8,5,10,night,77,rtol,6,cloudy,none
KCA202305230,2023/05/23,DET,KCA,KAN06,1,4,9,night,80,rtol,6,sunny,none
KCA202305240,2023/05/24,DET,KCA,KAN06,6,4,9,night,76,rtol,6,cloudy,none
KCA202305260,2023/05/26,WAS,KCA,KAN06,12,10,9,night,79,fromrf,9,sunny,none
KCA202305270,2023/05/27,WAS,KCA,KAN06,4,2,9,day,78,rtol,6,sunny,none
KCA202305280,2023/05/28,WAS,KCA,KAN06,2,3,9,day,79,rtol,7,sunny,none
KCA202306020,2023/06/02,COL,KCA,KAN06,7,2,9,night,84,rtol,6,cloudy,none
KCA202306030,2023/06/03,COL,KCA,KAN06,6,4,9,day,89,rtol,6,cloudy,none
KCA202306040,2023/06/04,COL,KCA,KAN06,0,2,9,day,88,fromrf,8,sunny,none
KCA202306120,2023/06/12,CIN,KCA,KAN06,5,4,10,night,73,unknown,5,sunny,none
KCA202306130,2023/06/13,CIN,KCA,KAN06,5,4,9,night,77,ltor,8,cloudy,none
KCA202306140,2023/06/14,CIN,KCA,KAN06,7,4,9,night,82,rtol,5,sunny,none
KCA202306160,2023/06/16,ANA,KCA,KAN06,3,0,9,night,87,fromrf,8,cloudy,none
KCA202306170,2023/06/17,ANA,KCA,KAN06,9,10,9,day,86,rtol,10,cloudy,none
KCA202306180,2023/06/18,ANA,KCA,KAN06,5,2,9,day,66,rtol,6,cloudy,none
KCA202306270,2023/06/27,CLE,KCA,KAN06,2,1,9,night,87,rtol,8,sunny,none
KCA202306280,2023/06/28,CLE,KCA,KAN06,14,1,9,night,96,rtol,13,sunny,none
KCA202306290,2023/06/29,CLE,KCA,KAN06,3,4,10,day,87,ltor,8,sunny,none
KCA202306300,2023/06/30,LAN,KCA,KAN06,9,3,9,night,97,torf,6,cloudy,none
KCA202307010,2023/07/01,LAN,KCA,KAN06,4,6,9,night,75,ltor,14,sunny,none
KCA202307020,2023/07/02,LAN,KCA,KAN06,1,9,9,day,82,ltor,9,cloudy,none
KCA202307151,2023/07/15,TBA,KCA,KAN06,6,1,9,day,86,ltor,8,sunny,none
KCA202307152,2023/07/15,TBA,KCA,KAN06,4,2,9,night,88,ltor,9,cloudy,none
KCA202307160,2023/07/16,TBA,KCA,KAN06,4,8,9,day,70,rtol,5,cloudy,none
KCA202307170,2023/07/17,DET,KCA,KAN06,3,2,9,night,84,fromrf,10,cloudy,none
KCA202307180,2023/07/18,DET,KCA,KAN06,10,11,9,night,76,rtol,8,cloudy,none
KCA202307190,2023/07/19,DET,KCA,KAN06,3,2,9,night,83,fromrf,8,overcast,none
KCA202307200,2023/07/20,DET,KCA,KAN06,3,0,9,day,86,ltor,11,sunny,none
KCA202307280,2023/07/28,MIN,KCA,KAN06,5,8,10,night,97,rtol,11,sunny,none
KCA202307290,2023/07/29,MIN,KCA,KAN06,7,10,9,night,85,ltor,7,cloudy,none
KCA202307300,2023/07/30,MIN,KCA,KAN06,1,2,9,day,87,rtol,5,sunny,none
KCA202308010,2023/08/01,NYN,KCA,KAN06,6,7,10,night,93,rtol,8,cloudy,none
KCA202308020,2023/08/02,NYN,KCA,KAN06,0,4,9,night,83,fromrf,9,cloudy,none
KCA202308030,2023/08/03,NYN,KCA,KAN06,2,9,9,day,81,rtol,3,cloudy,none
KCA202308110,2023/08/11,SLN,KCA,KAN06,8,12,9,night,93,rtol,8,cloudy,none
KCA202308120,2023/08/12,SLN,KCA,KAN06,5,4,9,night,90,fromrf,5,cloudy,none
KCA202308140,2023/08/14,SEA,KCA,KAN06,6,7,9,night,76,ltor,15,sunny,none
KCA202308150,2023/08/15,SEA,KCA,KAN06,10,8,10,night,76,unknown,4,cloudy,none
KCA202308160,2023/08/16,SEA,KCA,KAN06,6,5,9,night,82,rtol,14,sunny,none
KCA202308170,2023/08/17,SEA,KCA,KAN06,6,4,9,day,82,ltor,10,sunny,none
KCA202308280,2023/08/28,PIT,KCA,KAN06,5,0,9,night,83,ltor,5,sunny,none
KCA202308290,2023/08/29,PIT,KCA,KAN06,6,3,9,night,85,ltor,16,sunny,none
KCA202308300,2023/08/30,PIT,KCA,KAN06,4,1,9,night,83,rtol,9,sunny,none
KCA202309010,2023/09/01,BOS,KCA,KAN06,2,13,9,night,87,rtol,7,sunny,none
KCA202309020,2023/09/02,BOS,KCA,KAN06,9,5,9,night,94,rtol,8,sunny,none
KCA202309030,2023/09/03,BOS,KCA,KAN06,7,3,9,day,92,ltor,11,sunny,none
KCA202309040,2023/09/04,CHA,KCA,KAN06,1,12,9,day,91,rtol,16,sunny,none
KCA202309050,2023/09/05,CHA,KCA,KAN06,6,7,9,night,92,ltor,12,sunny,none
KCA202309060,2023/09/06,CHA,KCA,KAN06,6,4,9,night,79,rtol,10,sunny,none
KCA202309150,2023/09/15,HOU,KCA,KAN06,2,4,9,night,79,rtol,3,cloudy,none
KCA202309160,2023/09/16,HOU,KCA,KAN06,8,10,9,night,71,unknown,4,cloudy,none
KCA202309170,2023/09/17,HOU,KCA,KAN06,7,1,9,day,73,ltor,8,sunny,none
KCA202309180,2023/09/18,CLE,KCA,KAN06,4,6,9,day,80,ltor,10,sunny,none
KCA202309190,2023/09/19,CLE,KCA,KAN06,6,7,9,night,76,rtol,10,cloudy,none
KCA202309200,2023/09/20,CLE,KCA,KAN06,2,6,9,day,79,rtol,7,sunny,none
KCA202309290,2023/09/29,NYA,KCA,KAN06,5,12,9,night,87,rtol,10,sunny,none
KCA202309300,2023/09/30,NYA,KCA,KAN06,5,2,9,night,88,rtol,11,sunny,none
KCA202310010,2023/10/01,NYA,KCA,KAN06,2,5,9,day,90,rtol,5,sunny,none
MIN202304070,2023/04/07,HOU,MIN,MIN04,2,3,10,day,47,rtol,10,sunny,none
MIN202304080,2023/04/08,HOU,MIN,MIN04,6,9,9,day,56,rtol,8,sunny,none
MIN202304090,2023/04/09,HOU,MIN,MIN04,5,1,9,day,62,tolf,14,cloudy,none
MIN202304100,2023/04/10,CHA,MIN,MIN04,4,3,9,day,66,torf,7,cloudy,none
MIN202304110,2023/04/11,CHA,MIN,MIN04,3,4,10,night,78,rtol,11,sunny,none
MIN202304120,2023/04/12,CHA,MIN,MIN04,1,3,9,day,76,tolf,14,sunny,none
MIN202304210,2023/04/21,WAS,MIN,MIN04,3,2,9,night,37,tocf,9,cloudy,none
MIN202304220,2023/04/22,WAS,MIN,MIN04,10,4,9,day,35,fromlf,12,cloudy,none
MIN202304230,2023/04/23,WAS,MIN,MIN04,1,3,9,day,40,tocf,10,cloudy,none
MIN202304240,2023/04/24,NYA,MIN,MIN04,1,6,9,night,49,fromlf,7,cloudy,none
MIN202304250,2023/04/25,NYA,MIN,MIN04,2,6,9,night,50,fromcf,8,cloudy,none
MIN202304260,2023/04/26,NYA,MIN,MIN04,12,6,9,day,50,rtol,6,sunny,none
MIN202304270,2023/04/27,KCA,MIN,MIN04,1,7,9,night,58,fromlf,9,overcast,none
MIN202304280,2023/04/28,KCA,MIN,MIN04,6,8,9,day,48,fromlf,12,overcast,none
MIN202304290,2023/04/29,KCA,MIN,MIN04,3,2,9,day,47,torf,10,overcast,none
MIN202304300,2023/04/30,KCA,MIN,MIN04,4,8,9,day,45,torf,18,cloudy,none
MIN202305090,2023/05/09,SDN,MIN,MIN04,6,1,9,night,66,fromcf,7,overcast,none
MIN202305100,2023/05/10,SDN,MIN,MIN04,3,4,11,night,77,ltor,8,cloudy,none
MIN202305110,2023/05/11,SDN,MIN,MIN04,3,5,9,day,71,rtol,7,cloudy,none
MIN202305120,2023/05/12,CHN,MIN,MIN04,6,2,9,night,69,fromcf,9,overcast,none
MIN202305130,2023/05/13,CHN,MIN,MIN04,1,11,9,day,63,fromrf,9,overcast,none
MIN202305140,2023/05/14,CHN,MIN,MIN04,3,16,9,day,60,fromlf,10,cloudy,none
MIN202305220,2023/05/22,SFN,MIN,MIN04,4,1,9,night,81,rtol,9,sunny,none
MIN202305230,2023/05/23,SFN,MIN,MIN04,4,3,9,night,83,tolf,4,sunny,none
MIN202305240,2023/05/24,SFN,MIN,MIN04,1,7,9,day,70,fromcf,11,cloudy,none
MIN202305260,2023/05/26,TOR,MIN,MIN04,3,1,9,night,79,rtol,9,sunny,none
MIN202305270,2023/05/27,TOR,MIN,MIN04,7,9,9,day,79,tolf,10,sunny,none
MIN202305280,2023/05/28,TOR,MIN,MIN04,3,0,9,day,78,rtol,8,cloudy,none
MIN202306010,2023/06/01,CLE,MIN,MIN04,6,7,9,night,85,rtol,10,cloudy,none
MIN202306020,2023/06/02,CLE,MIN,MIN04,0,1,9,night,83,fromcf,6,cloudy,none
MIN202306030,2023/06/03,CLE,MIN,MIN04,4,2,9,night,88,fromcf,7,sunny,none
MIN202306040,2023/06/04,CLE,MIN,MIN04,2,1,9,day,85,fromcf,6,cloudy,none
MIN202306130,2023/06/13,MIL,MIN,MIN04,5,7,9,night,84,fromlf,10,cloudy,none
MIN202306140,2023/06/14,MIL,MIN,MIN04,2,4,9,day,83,ltor,7,overcast,none
MIN202306150,2023/06/15,DET,MIN,MIN04,8,4,9,night,71,fromrf,10,sunny,none
MIN202306160,2023/06/16,DET,MIN,MIN04,7,1,9,night,77,fromrf,5,sunny,none
MIN202306170,2023/06/17,DET,MIN,MIN04,0,2,9,day,81,tocf,10,cloudy,none
MIN202306180,2023/06/18,DET,MIN,MIN04,6,4,9,day,72,rtol,9,cloudy,none
MIN202306190,2023/06/19,BOS,MIN,MIN04,9,3,9,night,89,rtol,10,cloudy,none
MIN202306200,2023/06/20,BOS,MIN,MIN04,10,4,9,night,89,fromcf,12,sunny,none
MIN202306210,2023/06/21,BOS,MIN,MIN04,4,5,10,night,90,tolf,5,cloudy,none
MIN202306220,2023/06/22,BOS,MIN,MIN04,0,6,9,day,86,torf,7,cloudy,none
MIN202307030,2023/07/03,KCA,MIN,MIN04,4,8,9,night,92,torf,10,cloudy,none
MIN202307040,2023/07/04,KCA,MIN,MIN04,3,9,9,day,79,tocf,9,overcast,none
MIN202307050,2023/07/05,KCA,MIN,MIN04,0,5,9,night,75,ltor,6,cloudy,none
MIN202307070,2023/07/07,BAL,MIN,MIN04,3,1,10,night,73,tolf,5,cloudy,none
MIN202307080,2023/07/08,BAL,MIN,MIN04,6,2,9,day,76,torf,9,cloudy,none
MIN202307090,2023/07/09,BAL,MIN,MIN04,15,2,9,day,80,tolf,13,sunny,none
MIN202307210,2023/07/21,CHA,MIN,MIN04,4,9,9,night,82,tolf,7,cloudy,none
MIN202307220,2023/07/22,CHA,MIN,MIN04,2,3,9,night,77,tocf,6,cloudy,none
MIN202307230,2023/07/23,CHA,MIN,MIN04,4,5,12,day,82,ltor,6,overcast,none
MIN202307240,2023/07/24,SEA,MIN,MIN04,3,4,10,night,83,tolf,4,cloudy,none
MIN202307250,2023/07/25,SEA,MIN,MIN04,9,7,9,night,90,tolf,9,cloudy,none
MIN202307260,2023/07/26,SEA,MIN,MIN04,8,7,9,day,83,tolf,6,cloudy,none
MIN202308040,2023/08/04,ARI,MIN,MIN04,2,3,9,night,83,fromcf,6,overcast,none
MIN202308050,2023/08/05,ARI,MIN,MIN04,1,12,9,night,84,rtol,9,cloudy,none
MIN202308060,2023/08/06,ARI,MIN,MIN04,3,5,9,day,74,rtol,8,overcast,none
MIN202308150,2023/08/15,DET,MIN,MIN04,3,5,9,night,78,tocf,10,cloudy,none
MIN202308160,2023/08/16,DET,MIN,MIN04,8,7,9,day,81,rtol,15,sunny,none
MIN202308180,2023/08/18,PIT,MIN,MIN04,1,5,9,night,78,rtol,11,sunny,none
MIN202308190,2023/08/19,PIT,MIN,MIN04,7,4,9,night,90,tocf,8,sunny,none
MIN202308200,2023/08/20,PIT,MIN,MIN04,0,2,9,day,76,ltor,8,overcast,none
MIN202308240,2023/08/24,TEX,MIN,MIN04,5,7,9,night,84,fromlf,10,cloudy,none
MIN202308250,2023/08/25,TEX,MIN,MIN04,2,12,9,night,84,torf,11,cloudy,none
MIN202308260,2023/08/26,TEX,MIN,MIN04,6,2,9,night,72,fromlf,10,overcast,none
MIN202308270,2023/08/27,TEX,MIN,MIN04,6,7,13,day,71,tolf,5,cloudy,none
MIN202308280,2023/08/28,CLE,MIN,MIN04,6,10,9,night,83,tolf,8,cloudy,none
MIN202308290,2023/08/29,CLE,MIN,MIN04,4,2,9,night,80,ltor,8,sunny,none
MIN202308300,2023/08/30,CLE,MIN,MIN04,5,2,10,day,74,fromcf,7,cloudy,none
MIN202309080,2023/09/08,NYN,MIN,MIN04,2,5,9,night,75,tolf,3,sunny,none
MIN202309090,2023/09/09,NYN,MIN,MIN04,4,8,9,day,74,tolf,6,overcast,none
MIN202309100,2023/09/10,NYN,MIN,MIN04,2,0,9,day,69,ltor,9,cloudy,none
MIN202309110,2023/09/11,TBA,MIN,MIN04,7,4,9,night,72,tolf,6,cloudy,none
MIN202309120,2023/09/12,TBA,MIN,MIN04,2,3,9,night,63,ltor,9,cloudy,none
MIN202309130,2023/09/13,TBA,MIN,MIN04,5,4,9,day,60,fromlf,4,sunny,none
MIN202309220,2023/09/22,ANA,MIN,MIN04,6,8,9,night,72,fromlf,7,cloudy,none
MIN202309230,2023/09/23,ANA,MIN,MIN04,1,0,9,day,71,fromlf,12,cloudy,none
MIN202309240,2023/09/24,ANA,MIN,MIN04,3,9,9,day,69,fromrf,9,cloudy,none
MIN202309260,2023/09/26,OAK,MIN,MIN04,3,11,9,night,64,fromlf,7,overcast,none
MIN202309270,2023/09/27,OAK,MIN,MIN04,4,6,9,night,69,fromcf,6,cloudy,none
MIN202309280,2023/09/28,OAK,MIN,MIN04,2,1,9,day,65,tolf,10,cloudy,none
NYA202303300,2023/03/30,SFN,NYA,NYC21,0,5,9,day,39,ltor,13,sunny,none
NYA202304010,2023/04/01,SFN,NYA,NYC21,7,5,9,day,68,tolf,16,sunny,none
NYA202304020,2023/04/02,SFN,NYA,NYC21,0,6,9,day,47,ltor,15,sunny,none
NYA202304030,2023/04/03,PHI,NYA,NYC21,1,8,9,night,53,tolf,17,cloudy,none
NYA202304040,2023/04/04,PHI,NYA,NYC21,4,1,9,night,65,rtol,8,cloudy,none
NYA202304050,2023/04/05,PHI,NYA,NYC21,2,4,9,day,48,ltor,15,overcast,drizzle
NYA202304130,2023/04/13,MIN,NYA,NYC21,11,2,9,night,86,tocf,12,sunny,none
NYA202304140,2023/04/14,MIN,NYA,NYC21,4,3,9,night,78,tolf,14,cloudy,none
NYA202304150,2023/04/15,MIN,NYA,NYC21,1,6,9,day,68,fromcf,11,overcast,none
NYA202304160,2023/04/16,MIN,NYA,NYC21,0,2,9,day,65,rtol,6,cloudy,none
NYA202304180,2023/04/18,ANA,NYA,NYC21,5,2,9,night,52,unknown,16,sunny,none
NYA202304190,2023/04/19,ANA,NYA,NYC21,2,3,10,night,61,ltor,9,sunny,none
NYA202304200,2023/04/20,ANA,NYA,NYC21,3,9,9,day,63,tolf,7,sunny,none
NYA202304210,2023/04/21,TOR,NYA,NYC21,6,1,9,night,60,tolf,11,cloudy,none
NYA202304220,2023/04/22,TOR,NYA,NYC21,2,3,9,day,60,fromrf,16,sunny,none
NYA202304230,2023/04/23,TOR,NYA,NYC21,5,1,9,day,62,fromrf,6,cloudy,none
NYA202305010,2023/05/01,CLE,NYA,NYC21,3,2,9,night,58,rtol,13,cloudy,none
NYA202305020,2023/05/02,CLE,NYA,NYC21,2,4,9,night,55,rtol,13,cloudy,none
NYA202305030,2023/05/03,CLE,NYA,NYC21,3,4,10,night,53,rtol,8,overcast,drizzle
NYA202305080,2023/05/08,OAK,NYA,NYC21,2,7,9,night,73,fromrf,9,sunny,none
NYA202305090,2023/05/09,OAK,NYA,NYC21,5,10,9,night,62,rtol,7,cloudy,none
NYA202305100,2023/05/10,OAK,NYA,NYC21,3,11,9,day,65,torf,5,sunny,none
NYA202305110,2023/05/11,TBA,NYA,NYC21,8,2,9,night,78,rtol,10,sunny,none
NYA202305120,2023/05/12,TBA,NYA,NYC21,5,6,9,night,82,rtol,9,sunny,none
NYA202305130,2023/05/13,TBA,NYA,NYC21,8,9,9,day,77,ltor,4,overcast,none
NYA202305140,2023/05/14,TBA,NYA,NYC21,8,7,9,day,68,torf,7,sunny,none
NYA202305230,2023/05/23,BAL,NYA,NYC21,5,6,10,night,63,rtol,10,sunny,none
NYA202305240,2023/05/24,BAL,NYA,NYC21,9,6,9,night,62,fromlf,12,overcast,none
NYA202305250,2023/05/25,BAL,NYA,NYC21,3,1,9,night,66,ltor,10,sunny,none
NYA202305260,2023/05/26,SDN,NYA,NYC21,5,1,9,night,72,torf,8,sunny,none
NYA202305270,2023/05/27,SDN,NYA,NYC21,2,3,10,day,72,rtol,6,sunny,none
NYA202305280,2023/05/28,SDN,NYA,NYC21,7,10,9,day,76,fromrf,7,sunny,none
NYA202306060,2023/06/06,CHA,NYA,NYC21,3,2,9,night,68,ltor,10,cloudy,none
NYA202306081,2023/06/08,CHA,NYA,NYC21,6,5,9,night,67,torf,9,cloudy,none
NYA202306082,2023/06/08,CHA,NYA,NYC21,0,3,9,night,66,unknown,4,cloudy,none
NYA202306090,2023/06/09,BOS,NYA,NYC21,3,2,9,night,68,unknown,6,cloudy,none
NYA202306100,2023/06/10,BOS,NYA,NYC21,1,3,9,night,75,ltor,8,sunny,none
NYA202306110,2023/06/11,BOS,NYA,NYC21,3,2,10,night,76,tolf,7,cloudy,none
NYA202306200,2023/06/20,SEA,NYA,NYC21,1,3,9,night,72,ltor,9,cloudy,none
NYA202306210,2023/06/21,SEA,NYA,NYC21,2,4,9,night,69,fromrf,14,cloudy,none
NYA202306220,2023/06/22,SEA,NYA,NYC21,10,2,9,night,69,ltor,9,cloudy,none
NYA202306230,2023/06/23,TEX,NYA,NYC21,4,2,10,night,69,rtol,7,overcast,none
NYA202306240,2023/06/24,TEX,NYA,NYC21,0,1,9,day,76,tolf,8,cloudy,none
NYA202306250,2023/06/25,TEX,NYA,NYC21,3,5,9,day,79,unknown,6,cloudy,none
NYA202307030,2023/07/03,BAL,NYA,NYC21,3,6,9,night,84,tolf,7,cloudy,none
NYA202307040,2023/07/04,BAL,NYA,NYC21,4,8,9,day,75,rtol,4,cloudy,none
NYA202307050,2023/07/05,BAL,NYA,NYC21,6,3,9,night,86,rtol,10,cloudy,none
NYA202307060,2023/07/06,BAL,NYA,NYC21,14,1,9,night,85,rtol,9,sunny,none
NYA202307070,2023/07/07,CHN,NYA,NYC21,3,0,9,night,80,fromrf,8,cloudy,none
NYA202307080,2023/07/08,CHN,NYA,NYC21,3,6,9,day,83,rtol,7,cloudy,none
NYA202307090,2023/07/09,CHN,NYA,NYC21,7,4,9,day,79,tolf,10,cloudy,none
NYA202307210,2023/07/21,KCA,NYA,NYC21,4,5,9,night,84,torf,12,cloudy,none
NYA202307220,2023/07/22,KCA,NYA,NYC21,2,5,9,day,79,ltor,5,sunny,none
NYA202307230,2023/07/23,KCA,NYA,NYC21,5,8,9,day,84,fromcf,6,sunny,none
NYA202307250,2023/07/25,NYN,NYA,NYC21,9,3,9,night,70,tocf,2,cloudy,none
NYA202307260,2023/07/26,NYN,NYA,NYC21,1,3,9,night,82,rtol,10,sunny,none
NYA202307310,2023/07/31,TBA,NYA,NYC21,5,1,9,night,80,unknown,11,cloudy,none
NYA202308010,2023/08/01,TBA,NYA,NYC21,5,2,9,night,78,ltor,8,cloudy,none
NYA202308020,2023/08/02,TBA,NYA,NYC21,2,7,9,night,78,rtol,6,cloudy,none
NYA202308030,2023/08/03,HOU,NYA,NYC21,3,4,9,night,74,tolf,13,sunny,none
NYA202308040,2023/08/04,HOU,NYA,NYC21,7,3,9,night,74,rtol,10,cloudy,none
NYA202308050,2023/08/05,HOU,NYA,NYC21,1,3,9,day,80,unknown,6,sunny,none
NYA202308060,2023/08/06,HOU,NYA,NYC21,9,7,9,day,81,rtol,7,cloudy,none
NYA202308180,2023/08/18,BOS,NYA,NYC21,8,3,9,night,78,torf,15,cloudy,none
NYA202308190,2023/08/19,BOS,NYA,NYC21,8,1,9,day,73,unknown,11,cloudy,none
NYA202308200,2023/08/20,BOS,NYA,NYC21,6,5,9,day,82,tolf,9,sunny,none
NYA202308220,2023/08/22,WAS,NYA,NYC21,2,1,9,night,77,torf,7,cloudy,none
NYA202308230,2023/08/23,WAS,NYA,NYC21,1,9,9,night,73,fromrf,9,sunny,none
NYA202308240,2023/08/24,WAS,NYA,NYC21,6,5,9,day,74,rtol,9,cloudy,none
NYA202309050,2023/09/05,DET,NYA,NYC21,1,5,9,night,87,ltor,6,cloudy,none
NYA202309060,2023/09/06,DET,NYA,NYC21,3,4,9,night,90,torf,6,sunny,none
NYA202309070,2023/09/07,DET,NYA,NYC21,10,3,9,night,90,rtol,10,cloudy,none
NYA202309080,2023/09/08,MIL,NYA,NYC21,8,2,9,night,75,unknown,5,cloudy,none
NYA202309090,2023/09/09,MIL,NYA,NYC21,9,2,9,day,76,rtol,6,cloudy,none
NYA202309100,2023/09/10,MIL,NYA,NYC21,3,4,13,day,70,unknown,6,cloudy,none
NYA202309190,2023/09/19,TOR,NYA,NYC21,7,1,9,night,70,tocf,10,sunny,none
NYA202309200,2023/09/20,TOR,NYA,NYC21,6,1,9,night,72,ltor,8,sunny,none
NYA202309210,2023/09/21,TOR,NYA,NYC21,3,5,9,night,68,torf,7,sunny,none
NYA202309220,2023/09/22,ARI,NYA,NYC21,1,7,9,night,66,fromcf,10,cloudy,none
NYA202309240,2023/09/24,ARI,NYA,NYC21,7,1,9,day,64,torf,14,overcast,rain
NYA202309250,2023/09/25,ARI,NYA,NYC21,4,6,9,day,59,torf,17,overcast,drizzle
OAK202303300,2023/03/30,ANA,OAK,OAK01,1,2,9,night,52,torf,10,cloudy,none
OAK202304010,2023/04/01,ANA,OAK,OAK01,13,1,9,day,58,torf,7,sunny,none
OAK202304020,2023/04/02,ANA,OAK,OAK01,6,0,9,day,56,torf,14,cloudy,none
OAK202304030,2023/04/03,CLE,OAK,OAK01,12,11,10,night,54,unknown,28,cloudy,none
OAK202304040,2023/04/04,CLE,OAK,OAK01,3,4,9,night,54,unknown,13,cloudy,none
OAK202304050,2023/04/05,CLE,OAK,OAK01,6,4,10,day,57,torf,7,cloudy,none
OAK202304140,2023/04/14,NYN,OAK,OAK01,17,6,9,night,56,torf,12,sunny,none
OAK202304150,2023/04/15,NYN,OAK,OAK01,3,2,9,day,58,torf,6,sunny,none
OAK202304160,2023/04/16,NYN,OAK,OAK01,4,3,10,day,59,unknown,15,cloudy,none
OAK202304170,2023/04/17,CHN,OAK,OAK01,10,1,9,night,56,torf,15,cloudy,none
OAK202304180,2023/04/18,CHN,OAK,OAK01,4,0,9,night,53,torf,16,sunny,none
OAK202304190,2023/04/19,CHN,OAK,OAK01,12,2,9,day,56,unknown,8,cloudy,none
OAK202304280,2023/04/28,CIN,OAK,OAK01,11,7,9,night,64,torf,8,cloudy,none
OAK202304290,2023/04/29,CIN,OAK,OAK01,3,2,9,day,63,torf,9,cloudy,none
OAK202304300,2023/04/30,CIN,OAK,OAK01,4,5,9,day,63,torf,14,cloudy,none
OAK202305020,2023/05/02,SEA,OAK,OAK01,2,1,9,night,54,tolf,7,cloudy,none
OAK202305030,2023/05/03,SEA,OAK,OAK01,7,2,10,night,53,torf,8,overcast,none
OAK202305040,2023/05/04,SEA,OAK,OAK01,5,3,9,day,59,torf,7,cloudy,none
OAK202305110,2023/05/11,TEX,OAK,OAK01,4,0,9,night,60,torf,11,sunny,none
OAK202305120,2023/05/12,TEX,OAK,OAK01,7,9,10,night,65,torf,16,sunny,none
OAK202305130,2023/05/13,TEX,OAK,OAK01,5,0,9,day,74,torf,7,sunny,none
OAK202305140,2023/05/14,TEX,OAK,OAK01,11,3,9,day,71,torf,6,sunny,none
OAK202305150,2023/05/15,ARI,OAK,OAK01,5,2,9,night,63,torf,13,sunny,none
OAK202305160,2023/05/16,ARI,OAK,OAK01,8,9,12,night,70,torf,7,sunny,none
OAK202305170,2023/05/17,ARI,OAK,OAK01,5,3,9,day,68,torf,5,sunny,none
OAK202305260,2023/05/26,HOU,OAK,OAK01,5,2,9,night,60,torf,15,cloudy,none
OAK202305270,2023/05/27,HOU,OAK,OAK01,6,3,9,day,62,torf,10,cloudy,none
OAK202305280,2023/05/28,HOU,OAK,OAK01,10,1,9,day,59,torf,13,overcast,none
OAK202305290,2023/05/29,ATL,OAK,OAK01,2,7,9,night,65,torf,18,cloudy,none
OAK202305300,2023/05/30,ATL,OAK,OAK01,1,2,9,night,60,torf,12,cloudy,none
OAK202305310,2023/05/31,ATL,OAK,OAK01,4,2,9,day,61,torf,12,cloudy,none
OAK202306120,2023/06/12,TBA,OAK,OAK01,3,4,9,night,63,torf,14,cloudy,none
OAK202306130,2023/06/13,TBA,OAK,OAK01,1,2,9,night,62,torf,10,cloudy,none
OAK202306140,2023/06/14,TBA,OAK,OAK01,6,3,9,night,62,torf,15,cloudy,none
OAK202306150,2023/06/15,TBA,OAK,OAK01,4,3,9,day,68,unknown,8,cloudy,none
OAK202306160,2023/06/16,PHI,OAK,OAK01,6,1,9,night,65,torf,13,cloudy,none
OAK202306170,2023/06/17,PHI,OAK,OAK01,3,2,12,day,66,torf,13,sunny,none
OAK202306180,2023/06/18,PHI,OAK,OAK01,3,2,9,day,68,torf,15,sunny,none
OAK202306270,2023/06/27,NYA,OAK,OAK01,1,2,9,night,58,unknown,13,cloudy,none
OAK202306280,2023/06/28,NYA,OAK,OAK01,11,0,9,night,59,torf,14,cloudy,none
OAK202306290,2023/06/29,NYA,OAK,OAK01,10,4,9,day,69,torf,6,sunny,none
OAK202306300,2023/06/30,CHA,OAK,OAK01,4,7,9,night,71,torf,11,sunny,none
OAK202307010,2023/07/01,CHA,OAK,OAK01,6,7,10,day,81,torf,6,sunny,none
OAK202307020,2023/07/02,CHA,OAK,OAK01,8,7,9,day,79,torf,14,cloudy,none
OAK202307140,2023/07/14,MIN,OAK,OAK01,5,4,9,night,71,torf,12,sunny,none
OAK202307150,2023/07/15,MIN,OAK,OAK01,10,7,9,day,80,torf,10,sunny,none
OAK202307160,2023/07/16,MIN,OAK,OAK01,5,4,9,day,79,unknown,8,cloudy,none
OAK202307170,2023/07/17,BOS,OAK,OAK01,7,0,9,night,67,torf,8,sunny,none
OAK202307180,2023/07/18,BOS,OAK,OAK01,0,3,9,night,63,torf,15,sunny,none
OAK202307190,2023/07/19,BOS,OAK,OAK01,5,6,9,day,69,torf,9,sunny,none
OAK202307200,2023/07/20,HOU,OAK,OAK01,3,1,9,night,71,torf,7,sunny,none
OAK202307210,2023/07/21,HOU,OAK,OAK01,6,4,9,night,71,torf,11,sunny,none
OAK202307220,2023/07/22,HOU,OAK,OAK01,1,4,9,night,75,torf,9,cloudy,none
OAK202307230,2023/07/23,HOU,OAK,OAK01,3,2,9,day,72,torf,11,cloudy,none
OAK202308050,2023/08/05,SFN,OAK,OAK01,1,2,9,day,75,unknown,14,sunny,none
OAK202308060,2023/08/06,SFN,OAK,OAK01,6,8,9,day,81,torf,8,sunny,none
OAK202308070,2023/08/07,TEX,OAK,OAK01,5,3,9,night,70,torf,11,sunny,none
OAK202308080,2023/08/08,TEX,OAK,OAK01,6,1,9,night,66,unknown,13,sunny,none
OAK202308090,2023/08/09,TEX,OAK,OAK01,0,2,9,day,71,torf,7,sunny,none
OAK202308180,2023/08/18,BAL,OAK,OAK01,9,4,9,night,68,torf,12,cloudy,none
OAK202308190,2023/08/19,BAL,OAK,OAK01,7,2,10,night,70,torf,15,cloudy,none
OAK202308200,2023/08/20,BAL,OAK,OAK01,12,1,9,day,78,torf,7,cloudy,none
OAK202308210,2023/08/21,KCA,OAK,OAK01,4,6,9,night,72,torf,8,cloudy,none
OAK202308220,2023/08/22,KCA,OAK,OAK01,4,5,9,night,72,torf,11,sunny,none
OAK202308230,2023/08/23,KCA,OAK,OAK01,4,0,9,day,82,torf,8,sunny,none
OAK202309010,2023/09/01,ANA,OAK,OAK01,2,9,9,night,65,torf,14,cloudy,none
OAK202309020,2023/09/02,ANA,OAK,OAK01,1,2,9,day,72,torf,9,cloudy,none
OAK202309030,2023/09/03,ANA,OAK,OAK01,6,10,9,day,71,torf,9,cloudy,none
OAK202309040,2023/09/04,TOR,OAK,OAK01,6,5,10,day,69,torf,9,sunny,none
OAK202309050,2023/09/05,TOR,OAK,OAK01,7,1,9,night,68,torf,13,sunny,none
OAK202309060,2023/09/06,TOR,OAK,OAK01,2,5,9,day,70,torf,8,sunny,none
OAK202309150,2023/09/15,SDN,OAK,OAK01,8,3,9,night,65,torf,12,cloudy,none
OAK202309160,2023/09/16,SDN,OAK,OAK01,5,2,9,day,68,torf,9,overcast,none
OAK202309170,2023/09/17,SDN,OAK,OAK01,10,1,9,day,70,torf,11,cloudy,none
OAK202309180,2023/09/18,SEA,OAK,OAK01,5,0,9,night,67,unknown,13,sunny,none
OAK202309190,2023/09/19,SEA,OAK,OAK01,7,2,9,night,66,torf,11,cloudy,none
OAK202309200,2023/09/20,SEA,OAK,OAK01,6,3,9,day,69,torf,5,sunny,none
OAK202309210,2023/09/21,DET,OAK,OAK01,7,3,9,night,64,torf,12,sunny,none
OAK202309220,2023/09/22,DET,OAK,OAK01,2,8,9,night,63,unknown,12,sunny,none
OAK202309230,2023/09/23,DET,OAK,OAK01,1,4,9,day,67,torf,7,cloudy,none
OAK202309240,2023/09/24,DET,OAK,OAK01,2,0,9,day,69,torf,8,sunny,none
SEA202303300,2023/03/30,CLE,SEA,SEA03,0,3,9,night,54,tolf,11,cloudy,none
SEA202303310,2023/03/31,CLE,SEA,SEA03,9,4,9,night,45,unknown,0,dome,none
SEA202304010,2023/04/01,CLE,SEA,SEA03,2,0,9,night,47,tocf,11,cloudy,none
SEA202304020,2023/04/02,CLE,SEA,SEA03,6,5,10,day,44,tocf,4,cloudy,none
SEA202304030,2023/04/03,ANA,SEA,SEA03,7,3,9,night,45,ltor,2,cloudy,none
SEA202304040,2023/04/04,ANA,SEA,SEA03,2,11,9,night,50,torf,2,cloudy,none
SEA202304050,2023/04/05,ANA,SEA,SEA03,4,3,9,day,48,tolf,2,cloudy,none
SEA202304140,2023/04/14,COL,SEA,SEA03,3,5,9,night,56,unknown,0,sunny,none
SEA202304150,2023/04/15,COL,SEA,SEA03,2,9,9,night,51,unknown,0,dome,none
SEA202304160,2023/04/16,COL,SEA,SEA03,0,1,9,day,48,unknown,0,dome,none
SEA202304170,2023/04/17,MIL,SEA,SEA03,7,3,9,night,48,tolf,9,cloudy,none
SEA202304180,2023/04/18,MIL,SEA,SEA03,6,5,11,night,46,unknown,0,dome,none
SEA202304190,2023/04/19,MIL,SEA,SEA03,5,3,9,day,48,unknown,0,dome,none
SEA202304210,2023/04/21,SLN,SEA,SEA03,2,5,9,night,52,unknown,1,cloudy,none
SEA202304220,2023/04/22,SLN,SEA,SEA03,4,5,9,night,59,fromlf,6,cloudy,none
SEA202304230,2023/04/23,SLN,SEA,SEA03,7,3,9,day,54,tolf,15,cloudy,none
SEA202305050,2023/05/05,HOU,SEA,SEA03,6,4,9,night,51,unknown,0,dome,none
SEA202305060,2023/05/06,HOU,SEA,SEA03,5,7,9,night,58,tocf,4,cloudy,none
SEA202305070,2023/05/07,HOU,SEA,SEA03,1,3,9,day,51,unknown,0,cloudy,none
SEA202305080,2023/05/08,TEX,SEA,SEA03,2,1,9,night,61,tolf,4,cloudy,none
SEA202305090,2023/05/09,TEX,SEA,SEA03,0,5,9,night,61,torf,2,sunny,none
SEA202305100,2023/05/10,TEX,SEA,SEA03,4,3,9,day,56,ltor,3,sunny,none
SEA202305220,2023/05/22,OAK,SEA,SEA03,2,11,9,night,61,tolf,6,cloudy,none
SEA202305230,2023/05/23,OAK,SEA,SEA03,2,3,9,night,62,tolf,2,cloudy,none
SEA202305240,2023/05/24,OAK,SEA,SEA03,1,6,9,night,67,ltor,9,sunny,none
SEA202305250,2023/05/25,OAK,SEA,SEA03,2,3,9,night,76,torf,2,sunny,none
SEA202305260,2023/05/26,PIT,SEA,SEA03,11,6,9,night,77,torf,5,sunny,none
SEA202305270,2023/05/27,PIT,SEA,SEA03,0,5,9,day,60,tolf,2,cloudy,none
SEA202305280,2023/05/28,PIT,SEA,SEA03,3,6,10,day,56,torf,6,cloudy,none
SEA202305290,2023/05/29,NYA,SEA,SEA03,10,4,9,night,68,fromlf,4,sunny,none
SEA202305300,2023/05/30,NYA,SEA,SEA03,10,2,9,night,60,ltor,7,sunny,none
SEA202305310,2023/05/31,NYA,SEA,SEA03,0,1,10,night,60,fromlf,8,cloudy,none
SEA202306120,2023/06/12,MIA,SEA,SEA03,1,8,9,night,76,torf,3,sunny,none
SEA202306130,2023/06/13,MIA,SEA,SEA03,3,9,9,night,64,fromcf,2,cloudy,none
SEA202306140,2023/06/14,MIA,SEA,SEA03,4,1,9,night,63,unknown,0,cloudy,none
SEA202306160,2023/06/16,CHA,SEA,SEA03,2,3,9,night,58,unknown,2,dome,none
SEA202306170,2023/06/17,CHA,SEA,SEA03,4,3,11,day,53,tocf,4,dome,none
SEA202306180,2023/06/18,CHA,SEA,SEA03,1,5,9,day,58,unknown,0,dome,none
SEA202306260,2023/06/26,WAS,SEA,SEA03,4,8,9,night,73,unknown,0,sunny,none
SEA202306270,2023/06/27,WAS,SEA,SEA03,7,4,11,night,73,fromcf,5,cloudy,none
SEA202306280,2023/06/28,WAS,SEA,SEA03,4,1,9,day,72,unknown,0,sunny,none
SEA202306300,2023/06/30,TBA,SEA,SEA03,15,4,9,night,75,ltor,4,sunny,none
SEA202307010,2023/07/01,TBA,SEA,SEA03,3,8,9,day,76,tocf,2,sunny,none
SEA202307020,2023/07/02,TBA,SEA,SEA03,6,7,9,day,71,fromlf,4,sunny,none
SEA202307140,2023/07/14,DET,SEA,SEA03,5,4,9,night,80,ltor,5,sunny,none
SEA202307150,2023/07/15,DET,SEA,SEA03,6,0,9,night,84,ltor,1,sunny,none
SEA202307160,2023/07/16,DET,SEA,SEA03,0,2,9,day,76,ltor,5,sunny,none
SEA202307170,2023/07/17,MIN,SEA,SEA03,6,7,9,night,70,fromlf,8,cloudy,none
SEA202307180,2023/07/18,MIN,SEA,SEA03,10,3,9,night,77,ltor,10,sunny,none
SEA202307190,2023/07/19,MIN,SEA,SEA03,6,3,9,night,83,ltor,9,sunny,none
SEA202307200,2023/07/20,MIN,SEA,SEA03,0,5,9,day,76,unknown,1,sunny,none
SEA202307210,2023/07/21,TOR,SEA,SEA03,2,3,9,night,79,unknown,5,sunny,none
SEA202307220,2023/07/22,TOR,SEA,SEA03,8,9,9,day,74,tocf,4,sunny,none
SEA202307230,2023/07/23,TOR,SEA,SEA03,4,3,9,day,77,torf,4,sunny,none
SEA202307310,2023/07/31,BOS,SEA,SEA03,2,6,9,night,74,fromlf,8,sunny,none
SEA202308010,2023/08/01,BOS,SEA,SEA03,6,4,9,night,77,ltor,10,sunny,none
SEA202308020,2023/08/02,BOS,SEA,SEA03,3,6,9,day,77,fromlf,5,sunny,none
SEA202308080,2023/08/08,SDN,SEA,SEA03,0,2,9,night,78,ltor,4,sunny,none
SEA202308090,2023/08/09,SDN,SEA,SEA03,1,6,9,night,75,torf,5,cloudy,none
SEA202308110,2023/08/11,BAL,SEA,SEA03,2,9,9,night,75,fromlf,6,sunny,none
SEA202308120,2023/08/12,BAL,SEA,SEA03,1,0,10,night,78,ltor,10,sunny,none
SEA202308130,2023/08/13,BAL,SEA,SEA03,5,3,10,day,82,ltor,11,sunny,none
SEA202308250,2023/08/25,KCA,SEA,SEA03,5,7,9,night,74,fromlf,10,sunny,none
SEA202308260,2023/08/26,KCA,SEA,SEA03,2,15,9,day,79,ltor,10,cloudy,none
SEA202308270,2023/08/27,KCA,SEA,SEA03,2,3,9,day,77,torf,4,sunny,none
SEA202308280,2023/08/28,OAK,SEA,SEA03,0,7,9,night,67,tocf,5,cloudy,none
SEA202308290,2023/08/29,OAK,SEA,SEA03,3,1,9,night,60,fromrf,2,dome,none
SEA202308300,2023/08/30,OAK,SEA,SEA03,4,5,9,day,69,tolf,5,cloudy,none
SEA202309110,2023/09/11,ANA,SEA,SEA03,8,5,11,night,69,ltor,4,sunny,none
SEA202309120,2023/09/12,ANA,SEA,SEA03,0,8,9,night,63,unknown,0,dome,none
SEA202309130,2023/09/13,ANA,SEA,SEA03,2,3,9,day,70,ltor,6,cloudy,none
SEA202309150,2023/09/15,LAN,SEA,SEA03,6,3,9,night,77,unknown,5,sunny,none
SEA202309160,2023/09/16,LAN,SEA,SEA03,6,2,11,night,72,ltor,6,sunny,none
SEA202309170,2023/09/17,LAN,SEA,SEA03,6,1,9,day,64,tocf,5,cloudy,none
SEA202309250,2023/09/25,HOU,SEA,SEA03,5,1,9,night,58,unknown,0,dome,none
SEA202309260,2023/09/26,HOU,SEA,SEA03,2,6,9,night,57,tolf,8,dome,none
SEA202309270,2023/09/27,HOU,SEA,SEA03,8,3,9,night,58,unknown,0,dome,none
SEA202309280,2023/09/28,TEX,SEA,SEA03,2,3,9,night,54,unknown,0,dome,none
SEA202309290,2023/09/29,TEX,SEA,SEA03,0,8,9,night,55,unknown,0,dome,none
SEA202309300,2023/09/30,TEX,SEA,SEA03,6,1,9,day,63,unknown,0,dome,none
SEA202310010,2023/10/01,TEX,SEA,SEA03,0,1,9,day,57,unknown,0,cloudy,none
TBA202303300,2023/03/30,DET,TBA,STP01,0,4,9,day,72,unknown,0,dome,none
TBA202304010,2023/04/01,DET,TBA,STP01,2,12,9,day,72,unknown,0,dome,none
TBA202304020,2023/04/02,DET,TBA,STP01,1,5,9,day,72,unknown,0,dome,none
TBA202304070,2023/04/07,OAK,TBA,STP01,5,9,9,night,72,unknown,0,dome,none
TBA202304080,2023/04/08,OAK,TBA,STP01,0,11,9,day,72,unknown,0,dome,none
TBA202304090,2023/04/09,OAK,TBA,STP01,0,11,9,day,72,unknown,0,dome,none
TBA202304100,2023/04/10,BOS,TBA,STP01,0,1,9,night,72,unknown,0,dome,none
TBA202304110,2023/04/11,BOS,TBA,STP01,2,7,9,night,72,unknown,0,dome,none
TBA202304120,2023/04/12,BOS,TBA,STP01,7,9,9,night,72,unknown,0,dome,none
TBA202304130,2023/04/13,BOS,TBA,STP01,3,9,9,day,72,unknown,0,dome,none
TBA202304210,2023/04/21,CHA,TBA,STP01,7,8,9,night,72,unknown,0,dome,none
TBA202304220,2023/04/22,CHA,TBA,STP01,3,4,10,day,72,unknown,0,dome,none
TBA202304230,2023/04/23,CHA,TBA,STP01,1,4,9,day,72,unknown,0,dome,none
TBA202304240,2023/04/24,HOU,TBA,STP01,3,8,9,night,72,unknown,0,dome,none
TBA202304250,2023/04/25,HOU,TBA,STP01,5,0,9,night,72,unknown,0,dome,none
TBA202304260,2023/04/26,HOU,TBA,STP01,1,0,9,night,72,unknown,0,dome,none
TBA202305020,2023/05/02,PIT,TBA,STP01,1,4,9,night,72,unknown,0,dome,none
TBA202305030,2023/05/03,PIT,TBA,STP01,1,8,9,night,72,unknown,0,dome,none
TBA202305040,2023/05/04,PIT,TBA,STP01,2,3,9,day,72,unknown,0,dome,none
TBA202305050,2023/05/05,NYA,TBA,STP01,4,5,9,night,72,unknown,0,dome,none
TBA202305060,2023/05/06,NYA,TBA,STP01,3,2,9,day,72,unknown,0,dome,none
TBA202305070,2023/05/07,NYA,TBA,STP01,7,8,10,day,72,unknown,0,dome,none
TBA202305190,2023/05/19,MIL,TBA,STP01,0,1,9,night,72,unknown,0,dome,none
TBA202305200,2023/05/20,MIL,TBA,STP01,4,8,9,day,72,unknown,0,dome,none
TBA202305210,2023/05/21,MIL,TBA,STP01,6,4,9,day,72,unknown,0,dome,none
TBA202305220,2023/05/22,TOR,TBA,STP01,4,6,9,night,72,unknown,0,dome,none
TBA202305230,2023/05/23,TOR,TBA,STP01,20,1,9,night,72,unknown,0,dome,none
TBA202305240,2023/05/24,TOR,TBA,STP01,3,7,9,night,72,unknown,0,dome,none
TBA202305250,2023/05/25,TOR,TBA,STP01,3,6,9,day,72,unknown,0,dome,none
TBA202305260,2023/05/26,LAN,TBA,STP01,3,9,9,night,72,unknown,0,dome,none
TBA202305270,2023/05/27,LAN,TBA,STP01,6,5,9,day,72,unknown,0,dome,none
TBA202305280,2023/05/28,LAN,TBA,STP01,10,11,9,day,72,unknown,0,dome,none
TBA202306060,2023/06/06,MIN,TBA,STP01,0,7,9,night,72,unknown,0,dome,none
TBA202306070,2023/06/07,MIN,TBA,STP01,1,2,9,night,72,unknown,0,dome,none
TBA202306080,2023/06/08,MIN,TBA,STP01,2,4,9,day,72,unknown,0,dome,none
TBA202306090,2023/06/09,TEX,TBA,STP01,3,8,9,night,72,unknown,0,dome,none
TBA202306100,2023/06/10,TEX,TBA,STP01,8,4,9,day,72,unknown,0,dome,none
TBA202306110,2023/06/11,TEX,TBA,STP01,3,7,9,day,72,unknown,0,dome,none
TBA202306200,2023/06/20,BAL,TBA,STP01,8,6,9,night,72,unknown,0,dome,none
TBA202306210,2023/06/21,BAL,TBA,STP01,2,7,9,day,72,unknown,0,dome,none
TBA202306220,2023/06/22,KCA,TBA,STP01,6,5,9,night,72,unknown,0,dome,none
TBA202306230,2023/06/23,KCA,TBA,STP01,3,11,9,night,72,unknown,0,dome,none
TBA202306240,2023/06/24,KCA,TBA,STP01,9,4,9,day,72,unknown,0,dome,none
TBA202306250,2023/06/25,KCA,TBA,STP01,1,3,9,day,72,unknown,0,dome,none
TBA202307040,2023/07/04,PHI,TBA,STP01,3,1,9,day,72,unknown,0,dome,none
TBA202307050,2023/07/05,PHI,TBA,STP01,8,4,9,night,72,unknown,0,dome,none
TBA202307060,2023/07/06,PHI,TBA,STP01,3,1,11,night,72,unknown,0,dome,none
TBA202307070,2023/07/07,ATL,TBA,STP01,2,1,9,night,72,unknown,0,dome,none
TBA202307080,2023/07/08,ATL,TBA,STP01,6,1,9,night,72,unknown,0,dome,none
TBA202307090,2023/07/09,ATL,TBA,STP01,4,10,9,day,72,unknown,0,dome,none
TBA202307200,2023/07/20,BAL,TBA,STP01,4,3,10,night,72,unknown,0,dome,none
TBA202307210,2023/07/21,BAL,TBA,STP01,0,3,9,night,72,unknown,0,dome,none
TBA202307220,2023/07/22,BAL,TBA,STP01,6,5,9,day,72,unknown,0,dome,none
TBA202307230,2023/07/23,BAL,TBA,STP01,5,3,9,day,72,unknown,0,dome,none
TBA202307250,2023/07/25,MIA,TBA,STP01,1,4,9,night,72,unknown,0,dome,none
TBA202307260,2023/07/26,MIA,TBA,STP01,7,1,9,day,72,unknown,0,dome,none
TBA202308080,2023/08/08,SLN,TBA,STP01,2,4,9,night,72,unknown,0,dome,none
TBA202308090,2023/08/09,SLN,TBA,STP01,6,4,9,night,72,unknown,0,dome,none
TBA202308100,2023/08/10,SLN,TBA,STP01,5,2,9,night,72,unknown,0,dome,none
TBA202308110,2023/08/11,CLE,TBA,STP01,8,9,9,night,72,unknown,0,dome,none
TBA202308120,2023/08/12,CLE,TBA,STP01,5,6,9,day,72,unknown,0,dome,none
TBA202308130,2023/08/13,CLE,TBA,STP01,9,2,9,day,72,unknown,0,dome,none
TBA202308220,2023/08/22,COL,TBA,STP01,4,12,9,night,72,unknown,0,dome,none
TBA202308230,2023/08/23,COL,TBA,STP01,5,6,10,night,72,unknown,0,dome,none
TBA202308240,2023/08/24,COL,TBA,STP01,3,5,9,day,72,unknown,0,dome,none
TBA202308250,2023/08/25,NYA,TBA,STP01,6,2,9,night,72,unknown,0,dome,none
TBA202308260,2023/08/26,NYA,TBA,STP01,0,3,9,day,72,unknown,0,dome,none
TBA202308270,2023/08/27,NYA,TBA,STP01,4,7,9,day,72,unknown,0,dome,none
TBA202309040,2023/09/04,BOS,TBA,STP01,7,3,9,day,72,unknown,0,dome,none
TBA202309050,2023/09/05,BOS,TBA,STP01,6,8,11,night,72,unknown,0,dome,none
TBA202309060,2023/09/06,BOS,TBA,STP01,1,3,9,night,72,unknown,0,dome,none
TBA202309070,2023/09/07,SEA,TBA,STP01,1,0,9,night,72,unknown,0,dome,none
TBA202309080,2023/09/08,SEA,TBA,STP01,4,7,9,night,72,unknown,0,dome,none
TBA202309090,2023/09/09,SEA,TBA,STP01,5,7,9,day,72,unknown,0,dome,none
TBA202309100,2023/09/10,SEA,TBA,STP01,3,6,9,day,72,unknown,0,dome,none
TBA202309190,2023/09/19,ANA,TBA,STP01,2,6,9,night,72,unknown,0,dome,none
TBA202309200,2023/09/20,ANA,TBA,STP01,8,3,9,night,72,unknown,0,dome,none
TBA202309210,2023/09/21,ANA,TBA,STP01,4,5,9,day,72,unknown,0,dome,none
TBA202309220,2023/09/22,TOR,TBA,STP01,6,2,9,night,72,unknown,0,dome,none
TBA202309230,2023/09/23,TOR,TBA,STP01,6,7,9,day,72,unknown,0,dome,none
TBA202309240,2023/09/24,TOR,TBA,STP01,9,5,9,day,72,unknown,0,dome,none
TEX202303300,2023/03/30,PHI,TEX,ARL03,7,11,9,day,69,unknown,12,cloudy,none
TEX202304010,2023/04/01,PHI,TEX,ARL03,3,16,9,day,71,fromcf,8,sunny,none
TEX202304020,2023/04/02,PHI,TEX,ARL03,1,2,9,night,72,unknown,0,dome,none
TEX202304030,2023/04/03,BAL,TEX,ARL03,2,0,9,night,74,unknown,0,dome,none
TEX202304040,2023/04/04,BAL,TEX,ARL03,7,2,9,night,74,unknown,0,dome,none
TEX202304050,2023/04/05,BAL,TEX,ARL03,2,5,9,day,74,unknown,0,dome,none
TEX202304100,2023/04/10,KCA,TEX,ARL03,2,11,9,night,73,fromlf,9,cloudy,none
TEX202304110,2023/04/11,KCA,TEX,ARL03,5,8,10,night,73,fromrf,10,cloudy,none
TEX202304120,2023/04/12,KCA,TEX,ARL03,10,1,9,night,75,unknown,12,sunny,none
TEX202304210,2023/04/21,OAK,TEX,ARL03,5,4,9,night,73,unknown,7,cloudy,none
TEX202304220,2023/04/22,OAK,TEX,ARL03,3,18,9,night,74,unknown,0,dome,none
TEX202304230,2023/04/23,OAK,TEX,ARL03,2,5,9,day,74,unknown,0,dome,none
TEX202304270,2023/04/27,NYA,TEX,ARL03,4,2,9,night,67,fromlf,8,cloudy,none
TEX202304280,2023/04/28,NYA,TEX,ARL03,2,5,9,night,74,unknown,0,dome,none
TEX202304290,2023/04/29,NYA,TEX,ARL03,0,2,9,night,74,unknown,0,dome,none
TEX202304300,2023/04/30,NYA,TEX,ARL03,2,15,9,day,82,unknown,6,sunny,none
TEX202305020,2023/05/02,ARI,TEX,ARL03,4,6,9,night,78,fromrf,9,cloudy,none
TEX202305030,2023/05/03,ARI,TEX,ARL03,12,7,9,day,79,fromrf,10,cloudy,none
TEX202305150,2023/05/15,ATL,TEX,ARL03,12,0,9,night,74,unknown,0,dome,none
TEX202305160,2023/05/16,ATL,TEX,ARL03,4,7,9,night,74,unknown,0,dome,none
TEX202305170,2023/05/17,ATL,TEX,ARL03,6,5,9,night,74,unknown,0,dome,none
TEX202305190,2023/05/19,COL,TEX,ARL03,2,7,9,night,74,unknown,0,dome,none
TEX202305200,2023/05/20,COL,TEX,ARL03,5,11,9,day,74,unknown,0,dome,none
TEX202305210,2023/05/21,COL,TEX,ARL03,3,13,9,day,73,tocf,3,cloudy,none
TEX202306020,2023/06/02,SEA,TEX,ARL03,0,2,9,night,74,unknown,0,dome,none
TEX202306030,2023/06/03,SEA,TEX,ARL03,6,16,9,day,72,unknown,0,dome,none
TEX202306040,2023/06/04,SEA,TEX,ARL03,3,12,9,day,74,unknown,0,dome,none
TEX202306050,2023/06/05,SLN,TEX,ARL03,3,4,9,night,74,unknown,0,dome,none
TEX202306060,2023/06/06,SLN,TEX,ARL03,4,6,9,night,74,unknown,0,dome,none
TEX202306070,2023/06/07,SLN,TEX,ARL03,1,0,9,night,74,unknown,0,dome,none
TEX202306120,2023/06/12,ANA,TEX,ARL03,9,6,12,night,74,unknown,0,dome,none
TEX202306130,2023/06/13,ANA,TEX,ARL03,7,3,9,night,74,unknown,0,dome,none
TEX202306140,2023/06/14,ANA,TEX,ARL03,3,6,9,night,74,unknown,0,dome,none
TEX202306150,2023/06/15,ANA,TEX,ARL03,5,3,9,night,74,unknown,0,dome,none
TEX202306160,2023/06/16,TOR,TEX,ARL03,2,1,9,night,74,unknown,0,dome,none
TEX202306170,2023/06/17,TOR,TEX,ARL03,2,4,9,day,74,unknown,0,dome,none
TEX202306180,2023/06/18,TOR,TEX,ARL03,7,11,9,day,74,unknown,0,dome,none
TEX202306260,2023/06/26,DET,TEX,ARL03,7,2,9,night,74,unknown,0,dome,none
TEX202306270,2023/06/27,DET,TEX,ARL03,3,8,9,night,74,unknown,0,dome,none
TEX202306280,2023/06/28,DET,TEX,ARL03,2,10,9,night,74,unknown,0,dome,none
TEX202306290,2023/06/29,DET,TEX,ARL03,8,5,9,day,74,unknown,0,dome,none
TEX202306300,2023/06/30,HOU,TEX,ARL03,5,3,9,night,74,unknown,0,dome,none
TEX202307010,2023/07/01,HOU,TEX,ARL03,2,5,9,day,74,unknown,0,dome,none
TEX202307020,2023/07/02,HOU,TEX,ARL03,5,3,9,day,74,unknown,0,dome,none
TEX202307030,2023/07/03,HOU,TEX,ARL03,12,11,9,day,74,unknown,0,dome,none
TEX202307140,2023/07/14,CLE,TEX,ARL03,4,12,9,night,74,unknown,0,dome,none
TEX202307150,2023/07/15,CLE,TEX,ARL03,0,2,9,day,74,unknown,0,dome,none
TEX202307160,2023/07/16,CLE,TEX,ARL03,5,6,9,day,74,unknown,0,dome,none
TEX202307170,2023/07/17,TBA,TEX,ARL03,2,3,9,night,74,unknown,0,dome,none
TEX202307180,2023/07/18,TBA,TEX,ARL03,3,5,9,night,74,unknown,0,dome,none
TEX202307190,2023/07/19,TBA,TEX,ARL03,1,5,9,day,74,unknown,0,dome,none
TEX202307210,2023/07/21,LAN,TEX,ARL03,11,5,9,night,74,unknown,0,dome,none
TEX202307220,2023/07/22,LAN,TEX,ARL03,16,3,9,day,72,unknown,0,dome,none
TEX202307230,2023/07/23,LAN,TEX,ARL03,4,8,9,day,74,unknown,0,dome,none
TEX202308010,2023/08/01,CHA,TEX,ARL03,0,2,9,night,74,unknown,0,dome,none
TEX202308020,2023/08/02,CHA,TEX,ARL03,1,11,9,night,74,unknown,0,dome,none
TEX202308030,2023/08/03,CHA,TEX,ARL03,3,5,9,day,74,unknown,0,dome,none
TEX202308040,2023/08/04,MIA,TEX,ARL03,2,6,9,night,74,unknown,0,dome,none
TEX202308050,2023/08/05,MIA,TEX,ARL03,8,9,9,day,74,unknown,0,dome,none
TEX202308060,2023/08/06,MIA,TEX,ARL03,0,6,9,day,74,unknown,0,dome,none
TEX202308140,2023/08/14,ANA,TEX,ARL03,0,12,9,night,74,unknown,0,dome,none
TEX202308150,2023/08/15,ANA,TEX,ARL03,3,7,9,night,74,unknown,0,dome,none
TEX202308160,2023/08/16,ANA,TEX,ARL03,2,0,9,night,74,unknown,0,dome,none
TEX202308180,2023/08/18,MIL,TEX,ARL03,9,8,9,night,74,unknown,0,dome,none
TEX202308190,2023/08/19,MIL,TEX,ARL03,6,1,9,day,74,unknown,0,dome,none
TEX202308200,2023/08/20,MIL,TEX,ARL03,6,2,9,day,74,unknown,0,dome,none
TEX202309010,2023/09/01,MIN,TEX,ARL03,5,1,9,night,74,unknown,0,dome,none
TEX202309020,2023/09/02,MIN,TEX,ARL03,9,7,10,night,74,unknown,0,dome,none
TEX202309030,2023/09/03,MIN,TEX,ARL03,5,6,9,day,74,unknown,0,dome,none
TEX202309040,2023/09/04,HOU,TEX,ARL03,13,6,9,day,74,unknown,0,dome,none
TEX202309050,2023/09/05,HOU,TEX,ARL03,14,1,9,night,74,unknown,0,dome,none
TEX202309060,2023/09/06,HOU,TEX,ARL03,12,3,9,night,74,unknown,0,dome,none
TEX202309080,2023/09/08,OAK,TEX,ARL03,6,3,9,night,74,unknown,0,dome,none
TEX202309090,2023/09/09,OAK,TEX,ARL03,2,3,9,night,74,unknown,0,dome,none
TEX202309100,2023/09/10,OAK,TEX,ARL03,4,9,9,day,74,unknown,0,dome,none
TEX202309180,2023/09/18,BOS,TEX,ARL03,4,2,9,night,74,unknown,0,dome,none
TEX202309190,2023/09/19,BOS,TEX,ARL03,4,6,9,night,74,unknown,0,dome,none
TEX202309200,2023/09/20,BOS,TEX,ARL03,5,15,9,day,74,unknown,0,dome,none
TEX202309220,2023/09/22,SEA,TEX,ARL03,5,8,9,night,74,unknown,0,dome,none
TEX202309230,2023/09/23,SEA,TEX,ARL03,0,2,9,night,74,unknown,0,dome,none
TEX202309240,2023/09/24,SEA,TEX,ARL03,8,9,9,day,74,unknown,0,dome,none
TOR202304110,2023/04/11,DET,TOR,TOR02,3,9,9,night,68,unknown,0,dome,none
TOR202304120,2023/04/12,DET,TOR,TOR02,3,4,10,night,61,tocf,16,sunny,none
TOR202304130,2023/04/13,DET,TOR,TOR02,3,1,9,night,59,torf,5,sunny,none
TOR202304140,2023/04/14,TBA,TOR,TOR02,3,6,9,night,59,tolf,11,sunny,none
TOR202304150,2023/04/15,TBA,TOR,TOR02,2,5,9,day,63,rtol,9,cloudy,none
TOR202304160,2023/04/16,TBA,TOR,TOR02,8,1,9,day,66,rtol,12,sunny,none
TOR202304240,2023/04/24,CHA,TOR,TOR02,2,5,9,night,68,unknown,0,dome,none
TOR202304250,2023/04/25,CHA,TOR,TOR02,0,7,9,night,68,unknown,0,dome,none
TOR202304260,2023/04/26,CHA,TOR,TOR02,0,8,9,day,68,unknown,0,dome,none
TOR202304280,2023/04/28,SEA,TOR,TOR02,2,3,9,night,68,unknown,0,dome,none
TOR202304290,2023/04/29,SEA,TOR,TOR02,0,1,10,day,68,unknown,0,dome,none
TOR202304300,2023/04/30,SEA,TOR,TOR02,10,8,10,day,68,unknown,0,dome,none
TOR202305120,2023/05/12,ATL,TOR,TOR02,0,3,9,night,72,ltor,5,cloudy,none
TOR202305130,2023/05/13,ATL,TOR,TOR02,2,5,9,day,64,rtol,7,sunny,none
TOR202305140,2023/05/14,ATL,TOR,TOR02,5,6,9,day,53,rtol,11,sunny,none
TOR202305150,2023/05/15,NYA,TOR,TOR02,7,4,9,night,72,ltor,16,sunny,none
TOR202305160,2023/05/16,NYA,TOR,TOR02,6,3,9,night,68,unknown,0,dome,none
TOR202305170,2023/05/17,NYA,TOR,TOR02,0,3,10,night,68,unknown,0,dome,none
TOR202305180,2023/05/18,NYA,TOR,TOR02,4,2,9,night,68,unknown,0,dome,none
TOR202305190,2023/05/19,BAL,TOR,TOR02,6,2,9,night,68,unknown,0,dome,none
TOR202305200,2023/05/20,BAL,TOR,TOR02,6,5,10,day,59,ltor,11,overcast,none
TOR202305210,2023/05/21,BAL,TOR,TOR02,8,3,11,day,59,tocf,7,sunny,none
TOR202305300,2023/05/30,MIL,TOR,TOR02,2,7,9,night,73,rtol,14,sunny,none
TOR202305310,2023/05/31,MIL,TOR,TOR02,4,2,9,night,75,ltor,4,sunny,none
TOR202306010,2023/06/01,MIL,TOR,TOR02,1,3,9,day,75,torf,6,sunny,none
TOR202306050,2023/06/05,HOU,TOR,TOR02,11,4,9,night,68,ltor,3,overcast,none
TOR202306060,2023/06/06,HOU,TOR,TOR02,1,5,9,night,72,fromlf,19,overcast,none
TOR202306070,2023/06/07,HOU,TOR,TOR02,2,3,9,night,68,unknown,0,dome,none
TOR202306080,2023/06/08,HOU,TOR,TOR02,2,3,9,night,68,unknown,0,dome,none
TOR202306090,2023/06/09,MIN,TOR,TOR02,3,2,10,night,70,fromlf,19,cloudy,none
TOR202306100,2023/06/10,MIN,TOR,TOR02,9,4,9,day,70,tocf,11,sunny,none
TOR202306110,2023/06/11,MIN,TOR,TOR02,6,7,9,day,68,unknown,0,dome,none
TOR202306230,2023/06/23,OAK,TOR,TOR02,5,4,9,night,68,unknown,0,dome,none
TOR202306240,2023/06/24,OAK,TOR,TOR02,3,7,9,day,68,unknown,0,dome,none
TOR202306250,2023/06/25,OAK,TOR,TOR02,1,12,9,day,77,rtol,9,sunny,none
TOR202306270,2023/06/27,SFN,TOR,TOR02,3,0,9,night,73,fromlf,21,overcast,none
TOR202306280,2023/06/28,SFN,TOR,TOR02,1,6,9,night,68,unknown,0,dome,none
TOR202306290,2023/06/29,SFN,TOR,TOR02,1,2,9,night,74,rtol,7,sunny,none
TOR202306300,2023/06/30,BOS,TOR,TOR02,5,0,9,night,68,unknown,0,dome,none
TOR202307010,2023/07/01,BOS,TOR,TOR02,7,6,9,day,80,rtol,11,overcast,none
TOR202307020,2023/07/02,BOS,TOR,TOR02,5,4,9,day,68,unknown,0,dome,none
TOR202307140,2023/07/14,ARI,TOR,TOR02,2,7,9,night,73,rtol,9,cloudy,none
TOR202307150,2023/07/15,ARI,TOR,TOR02,2,5,9,day,68,unknown,0,dome,none
TOR202307160,2023/07/16,ARI,TOR,TOR02,5,7,9,day,73,tolf,7,cloudy,none
TOR202307180,2023/07/18,SDN,TOR,TOR02,9,1,9,night,73,tolf,5,cloudy,none
TOR202307190,2023/07/19,SDN,TOR,TOR02,2,0,9,night,68,unknown,0,dome,none
TOR202307200,2023/07/20,SDN,TOR,TOR02,0,4,9,day,75,torf,8,sunny,none
TOR202307280,2023/07/28,ANA,TOR,TOR02,1,4,9,night,82,tocf,11,cloudy,none
TOR202307290,2023/07/29,ANA,TOR,TOR02,1,6,9,day,68,unknown,0,dome,none
TOR202307300,2023/07/30,ANA,TOR,TOR02,3,2,10,day,69,torf,9,sunny,none
TOR202307310,2023/07/31,BAL,TOR,TOR02,4,2,9,night,76,fromlf,9,sunny,none
TOR202308010,2023/08/01,BAL,TOR,TOR02,13,3,9,night,68,unknown,0,dome,none
TOR202308020,2023/08/02,BAL,TOR,TOR02,1,4,9,night,74,torf,9,cloudy,none
TOR202308030,2023/08/03,BAL,TOR,TOR02,6,1,9,day,82,tocf,12,sunny,none
TOR202308110,2023/08/11,CHN,TOR,TOR02,6,2,9,night,73,tocf,11,sunny,none
TOR202308120,2023/08/12,CHN,TOR,TOR02,5,4,9,day,77,tocf,15,cloudy,none
TOR202308130,2023/08/13,CHN,TOR,TOR02,4,11,9,day,75,unknown,15,cloudy,none
TOR202308150,2023/08/15,PHI,TOR,TOR02,1,2,9,night,68,unknown,0,dome,none
TOR202308160,2023/08/16,PHI,TOR,TOR02,9,4,9,night,79,tocf,9,cloudy,none
TOR202308250,2023/08/25,CLE,TOR,TOR02,5,2,9,night,77,fromcf,9,cloudy,none
TOR202308260,2023/08/26,CLE,TOR,TOR02,3,8,9,day,68,unknown,0,dome,none
TOR202308270,2023/08/27,CLE,TOR,TOR02,10,7,11,day,68,rtol,8,sunny,none
TOR202308280,2023/08/28,WAS,TOR,TOR02,3,6,9,night,68,torf,3,sunny,none
TOR202308290,2023/08/29,WAS,TOR,TOR02,5,4,9,night,71,rtol,8,sunny,none
TOR202308300,2023/08/30,WAS,TOR,TOR02,0,7,9,day,67,fromcf,12,cloudy,none
TOR202309080,2023/09/08,KCA,TOR,TOR02,4,5,9,night,68,fromcf,15,cloudy,none
TOR202309090,2023/09/09,KCA,TOR,TOR02,1,5,9,day,68,rtol,12,cloudy,none
TOR202309100,2023/09/10,KCA,TOR,TOR02,2,5,9,day,70,rtol,12,cloudy,none
TOR202309110,2023/09/11,TEX,TOR,TOR02,10,4,9,night,72,tolf,7,sunny,none
TOR202309120,2023/09/12,TEX,TOR,TOR02,6,3,9,night,68,unknown,0,dome,none
TOR202309130,2023/09/13,TEX,TOR,TOR02,10,0,9,night,65,fromlf,19,cloudy,none
TOR202309140,2023/09/14,TEX,TOR,TOR02,9,2,9,night,65,tocf,8,sunny,none
TOR202309150,2023/09/15,BOS,TOR,TOR02,0,3,9,night,64,tocf,2,sunny,none
TOR202309160,2023/09/16,BOS,TOR,TOR02,3,4,13,day,72,tolf,6,cloudy,none
TOR202309170,2023/09/17,BOS,TOR,TOR02,2,3,9,day,68,tocf,11,sunny,none
TOR202309260,2023/09/26,NYA,TOR,TOR02,2,0,9,night,65,rtol,20,sunny,none
TOR202309270,2023/09/27,NYA,TOR,TOR02,6,0,9,night,68,unknown,0,sunny,none
TOR202309280,2023/09/28,NYA,TOR,TOR02,0,6,9,night,63,rtol,16,overcast,none
TOR202309290,2023/09/29,TBA,TOR,TOR02,4,11,9,night,64,rtol,8,sunny,none
TOR202309300,2023/09/30,TBA,TOR,TOR02,7,5,10,day,68,torf,7,cloudy,none
TOR202310010,2023/10/01,TBA,TOR,TOR02,12,8,9,day,79,tocf,6,cloudy,none
ARI202304060,2023/04/06,LAN,ARI,PHO01,5,2,9,night,75,ltor,6,cloudy,none
ARI202304070,2023/04/07,LAN,ARI,PHO01,3,6,9,night,77,ltor,9,sunny,none
ARI202304080,2023/04/08,LAN,ARI,PHO01,8,12,9,night,81,tocf,4,sunny,none
ARI202304090,2023/04/09,LAN,ARI,PHO01,6,11,9,day,86,unknown,5,sunny,none
ARI202304100,2023/04/10,MIL,ARI,PHO01,0,3,9,night,94,torf,2,sunny,none
ARI202304110,2023/04/11,MIL,ARI,PHO01,7,1,9,night,93,unknown,5,sunny,none
ARI202304120,2023/04/12,MIL,ARI,PHO01,3,7,9,day,72,unknown,0,dome,none
ARI202304200,2023/04/20,SDN,ARI,PHO01,7,5,9,night,82,rtol,4,sunny,none
ARI202304210,2023/04/21,SDN,ARI,PHO01,0,9,9,night,85,ltor,8,sunny,none
ARI202304220,2023/04/22,SDN,ARI,PHO01,5,3,9,night,93,ltor,5,cloudy,none
ARI202304230,2023/04/23,SDN,ARI,PHO01,7,5,9,day,76,unknown,0,dome,none
ARI202304240,2023/04/24,KCA,ARI,PHO01,4,5,9,night,87,fromrf,5,cloudy,none
ARI202304250,2023/04/25,KCA,ARI,PHO01,5,4,9,night,86,torf,15,sunny,none
ARI202304260,2023/04/26,KCA,ARI,PHO01,0,2,9,day,82,unknown,0,dome,none
ARI202305050,2023/05/05,WAS,ARI,PHO01,1,3,9,night,79,unknown,3,cloudy,none
ARI202305060,2023/05/06,WAS,ARI,PHO01,7,8,9,night,85,ltor,9,sunny,none
ARI202305070,2023/05/07,WAS,ARI,PHO01,9,8,9,day,75,unknown,0,dome,none
ARI202305080,2023/05/08,MIA,ARI,PHO01,2,5,9,night,89,ltor,4,sunny,none
ARI202305090,2023/05/09,MIA,ARI,PHO01,6,2,9,night,91,fromlf,4,cloudy,none
ARI202305100,2023/05/10,MIA,ARI,PHO01,5,4,9,day,72,unknown,0,dome,none
ARI202305110,2023/05/11,SFN,ARI,PHO01,6,2,9,night,88,torf,4,sunny,none
ARI202305120,2023/05/12,SFN,ARI,PHO01,5,7,9,night,93,rtol,4,sunny,none
ARI202305130,2023/05/13,SFN,ARI,PHO01,2,7,9,night,78,unknown,0,dome,none
ARI202305140,2023/05/14,SFN,ARI,PHO01,1,2,9,day,74,unknown,0,dome,none
ARI202305260,2023/05/26,BOS,ARI,PHO01,7,2,9,night,77,unknown,0,dome,none
ARI202305270,2023/05/27,BOS,ARI,PHO01,2,1,9,day,75,unknown,0,dome,none
ARI202305280,2023/05/28,BOS,ARI,PHO01,2,4,9,day,76,unknown,0,dome,none
ARI202305290,2023/05/29,COL,ARI,PHO01,5,7,9,day,75,unknown,0,dome,none
ARI202305300,2023/05/30,COL,ARI,PHO01,1,5,9,night,92,torf,7,sunny,none
ARI202305310,2023/05/31,COL,ARI,PHO01,0,6,9,night,87,torf,7,cloudy,none
ARI202306010,2023/06/01,COL,ARI,PHO01,4,5,9,day,74,unknown,0,dome,none
ARI202306020,2023/06/02,ATL,ARI,PHO01,2,3,9,night,93,unknown,2,sunny,none
ARI202306030,2023/06/03,ATL,ARI,PHO01,5,2,9,night,76,unknown,0,dome,none
ARI202306040,2023/06/04,ATL,ARI,PHO01,8,5,9,day,77,unknown,0,dome,none
ARI202306120,2023/06/12,PHI,ARI,PHO01,8,9,9,night,90,ltor,3,sunny,none
ARI202306130,2023/06/13,PHI,ARI,PHO01,15,3,9,night,74,unknown,0,dome,none
ARI202306140,2023/06/14,PHI,ARI,PHO01,4,3,10,night,78,unknown,0,dome,none
ARI202306150,2023/06/15,PHI,ARI,PHO01,5,4,9,day,78,unknown,0,dome,none
ARI202306160,2023/06/16,CLE,ARI,PHO01,1,5,9,night,78,unknown,0,dome,none
ARI202306170,2023/06/17,CLE,ARI,PHO01,3,6,9,night,78,unknown,0,dome,none
ARI202306180,2023/06/18,CLE,ARI,PHO01,12,3,9,day,78,unknown,0,dome,none
ARI202306270,2023/06/27,TBA,ARI,PHO01,4,8,9,night,78,unknown,0,dome,none
ARI202306280,2023/06/28,TBA,ARI,PHO01,3,2,9,night,78,unknown,0,dome,none
ARI202306290,2023/06/29,TBA,ARI,PHO01,6,1,9,day,74,unknown,0,dome,none
ARI202307040,2023/07/04,NYN,ARI,PHO01,8,5,9,day,78,unknown,0,dome,none
ARI202307050,2023/07/05,NYN,ARI,PHO01,2,1,9,night,78,unknown,0,dome,none
ARI202307060,2023/07/06,NYN,ARI,PHO01,9,0,9,night,78,unknown,0,dome,none
ARI202307070,2023/07/07,PIT,ARI,PHO01,3,7,9,night,74,unknown,0,dome,none
ARI202307080,2023/07/08,PIT,ARI,PHO01,2,3,10,day,76,unknown,0,dome,none
ARI202307090,2023/07/09,PIT,ARI,PHO01,4,2,9,day,77,unknown,0,dome,none
ARI202307240,2023/07/24,SLN,ARI,PHO01,10,6,9,night,78,unknown,0,dome,none
ARI202307250,2023/07/25,SLN,ARI,PHO01,1,3,9,night,78,unknown,0,dome,none
ARI202307260,2023/07/26,SLN,ARI,PHO01,11,7,9,day,78,unknown,0,dome,none
ARI202307280,2023/07/28,SEA,ARI,PHO01,5,2,9,night,78,unknown,0,dome,none
ARI202307290,2023/07/29,SEA,ARI,PHO01,3,4,9,night,78,unknown,0,dome,none
ARI202307300,2023/07/30,SEA,ARI,PHO01,4,0,9,day,78,unknown,0,dome,none
ARI202308080,2023/08/08,LAN,ARI,PHO01,5,4,9,night,76,unknown,0,dome,none
ARI202308090,2023/08/09,LAN,ARI,PHO01,2,0,9,night,78,unknown,0,dome,none
ARI202308110,2023/08/11,SDN,ARI,PHO01,10,5,9,night,78,unknown,0,dome,none
ARI202308120,2023/08/12,SDN,ARI,PHO01,0,3,9,night,78,unknown,0,dome,none
ARI202308130,2023/08/13,SDN,ARI,PHO01,4,5,9,day,78,unknown,0,dome,none
ARI202308210,2023/08/21,TEX,ARI,PHO01,3,4,11,night,77,unknown,0,dome,none
ARI202308220,2023/08/22,TEX,ARI,PHO01,3,6,9,night,76,unknown,0,dome,none
ARI202308240,2023/08/24,CIN,ARI,PHO01,2,3,9,night,77,unknown,0,dome,none
ARI202308250,2023/08/25,CIN,ARI,PHO01,8,10,9,night,78,unknown,0,dome,none
ARI202308260,2023/08/26,CIN,ARI,PHO01,8,7,11,night,79,unknown,0,dome,none
ARI202308270,2023/08/27,CIN,ARI,PHO01,2,5,9,day,78,unknown,0,dome,none
ARI202309010,2023/09/01,BAL,ARI,PHO01,2,4,9,night,74,unknown,0,dome,none
ARI202309020,2023/09/02,BAL,ARI,PHO01,7,3,9,night,78,unknown,0,dome,none
ARI202309030,2023/09/03,BAL,ARI,PHO01,8,5,9,day,78,unknown,0,dome,none
ARI202309040,2023/09/04,COL,ARI,PHO01,2,4,9,day,78,unknown,0,dome,none
ARI202309050,2023/09/05,COL,ARI,PHO01,3,2,9,night,78,unknown,0,dome,none
ARI202309060,2023/09/06,COL,ARI,PHO01,5,12,9,day,75,unknown,0,dome,none
ARI202309150,2023/09/15,CHN,ARI,PHO01,4,6,9,night,78,unknown,0,dome,none
ARI202309160,2023/09/16,CHN,ARI,PHO01,6,7,13,night,79,unknown,0,dome,none
ARI202309170,2023/09/17,CHN,ARI,PHO01,2,6,9,day,78,unknown,0,dome,none
ARI202309190,2023/09/19,SFN,ARI,PHO01,4,8,9,night,95,torf,3,sunny,none
ARI202309200,2023/09/20,SFN,ARI,PHO01,1,7,9,day,78,unknown,0,dome,none
ARI202309290,2023/09/29,HOU,ARI,PHO01,2,1,9,night,94,fromlf,6,sunny,none
ARI202309300,2023/09/30,HOU,ARI,PHO01,1,0,9,night,78,unknown,0,dome,none
ARI202310010,2023/10/01,HOU,ARI,PHO01,8,1,9,day,72,unknown,0,dome,none
ATL202304060,2023/04/06,SDN,ATL,ATL03,6,7,9,night,81,rtol,3,cloudy,none
ATL202304070,2023/04/07,SDN,ATL,ATL03,5,4,9,night,66,rtol,5,cloudy,none
ATL202304080,2023/04/08,SDN,ATL,ATL03,4,1,9,night,44,ltor,12,cloudy,none
ATL202304090,2023/04/09,SDN,ATL,ATL03,10,2,9,night,63,ltor,8,sunny,none
ATL202304100,2023/04/10,CIN,ATL,ATL03,4,5,10,night,65,ltor,9,sunny,none
ATL202304110,2023/04/11,CIN,ATL,ATL03,6,7,9,night,71,ltor,4,sunny,none
ATL202304120,2023/04/12,CIN,ATL,ATL03,4,5,9,night,75,ltor,7,sunny,none
ATL202304210,2023/04/21,HOU,ATL,ATL03,6,4,9,night,75,ltor,7,overcast,none
ATL202304220,2023/04/22,HOU,ATL,ATL03,6,3,9,night,68,tolf,5,sunny,none
ATL202304230,2023/04/23,HOU,ATL,ATL03,5,2,9,day,64,rtol,8,sunny,none
ATL202304240,2023/04/24,MIA,ATL,ATL03,0,11,9,night,65,unknown,2,sunny,none
ATL202304250,2023/04/25,MIA,ATL,ATL03,4,7,9,night,69,ltor,6,cloudy,none
ATL202304260,2023/04/26,MIA,ATL,ATL03,4,6,9,night,55,torf,7,overcast,none
ATL202304270,2023/04/27,MIA,ATL,ATL03,5,4,9,day,57,ltor,5,overcast,none
ATL202305050,2023/05/05,BAL,ATL,ATL03,9,4,9,night,59,ltor,5,overcast,none
ATL202305060,2023/05/06,BAL,ATL,ATL03,4,5,9,night,73,ltor,5,overcast,none
ATL202305070,2023/05/07,BAL,ATL,ATL03,2,3,12,day,73,fromrf,6,cloudy,none
ATL202305090,2023/05/09,BOS,ATL,ATL03,3,9,9,night,77,rtol,10,cloudy,none
ATL202305100,2023/05/10,BOS,ATL,ATL03,5,2,9,night,81,ltor,6,cloudy,none
ATL202305190,2023/05/19,SEA,ATL,ATL03,2,6,9,night,74,ltor,6,cloudy,none
ATL202305200,2023/05/20,SEA,ATL,ATL03,7,3,9,night,75,torf,6,cloudy,none
ATL202305210,2023/05/21,SEA,ATL,ATL03,2,3,9,day,77,ltor,5,cloudy,none
ATL202305220,2023/05/22,LAN,ATL,ATL03,8,6,9,night,65,ltor,7,cloudy,none
ATL202305230,2023/05/23,LAN,ATL,ATL03,8,1,9,night,70,ltor,8,cloudy,none
ATL202305240,2023/05/24,LAN,ATL,ATL03,3,4,9,night,77,torf,5,cloudy,none
ATL202305250,2023/05/25,PHI,ATL,ATL03,5,8,9,night,80,ltor,6,cloudy,none
ATL202305260,2023/05/26,PHI,ATL,ATL03,6,4,9,night,76,ltor,7,sunny,none
ATL202305270,2023/05/27,PHI,ATL,ATL03,2,1,9,day,75,ltor,9,sunny,none
ATL202305280,2023/05/28,PHI,ATL,ATL03,4,11,9,night,77,tolf,11,cloudy,none
ATL202306060,2023/06/06,NYN,ATL,ATL03,4,6,9,night,74,rtol,8,cloudy,none
ATL202306070,2023/06/07,NYN,ATL,ATL03,5,7,9,night,86,unknown,3,sunny,none
ATL202306080,2023/06/08,NYN,ATL,ATL03,10,13,10,night,80,tolf,11,cloudy,none
ATL202306090,2023/06/09,WAS,ATL,ATL03,2,3,9,night,83,rtol,7,sunny,none
ATL202306100,2023/06/10,WAS,ATL,ATL03,4,6,9,day,86,ltor,5,cloudy,none
ATL202306110,2023/06/11,WAS,ATL,ATL03,6,2,9,day,73,fromlf,6,overcast,none
ATL202306150,2023/06/15,COL,ATL,ATL03,3,8,9,night,81,rtol,6,cloudy,none
ATL202306160,2023/06/16,COL,ATL,ATL03,1,8,9,night,85,rtol,9,cloudy,none
ATL202306170,2023/06/17,COL,ATL,ATL03,2,10,9,day,89,unknown,4,cloudy,none
ATL202306180,2023/06/18,COL,ATL,ATL03,6,14,9,day,84,fromlf,5,cloudy,none
ATL202306260,2023/06/26,MIN,ATL,ATL03,1,4,9,night,88,rtol,13,cloudy,none
ATL202306270,2023/06/27,MIN,ATL,ATL03,2,6,9,night,86,rtol,8,cloudy,none
ATL202306280,2023/06/28,MIN,ATL,ATL03,0,3,9,day,85,tolf,6,sunny,none
ATL202306300,2023/06/30,MIA,ATL,ATL03,4,16,9,night,76,fromcf,3,cloudy,none
ATL202307010,2023/07/01,MIA,ATL,ATL03,0,7,9,day,95,rtol,7,sunny,none
ATL202307020,2023/07/02,MIA,ATL,ATL03,3,6,9,day,89,rtol,6,cloudy,none
ATL202307140,2023/07/14,CHA,ATL,ATL03,0,9,9,night,86,unknown,3,cloudy,none
ATL202307150,2023/07/15,CHA,ATL,ATL03,6,5,9,night,86,rtol,16,cloudy,none
ATL202307160,2023/07/16,CHA,ATL,ATL03,8,1,9,day,88,rtol,9,cloudy,none
ATL202307180,2023/07/18,ARI,ATL,ATL03,16,13,9,night,90,fromrf,8,sunny,none
ATL202307190,2023/07/19,ARI,ATL,ATL03,5,3,9,night,85,tolf,7,cloudy,none
ATL202307200,2023/07/20,ARI,ATL,ATL03,5,7,9,day,90,rtol,10,cloudy,none
ATL202307280,2023/07/28,MIL,ATL,ATL03,7,10,9,night,80,ltor,4,cloudy,none
ATL202307290,2023/07/29,MIL,ATL,ATL03,5,11,9,night,89,tolf,4,cloudy,none
ATL202307300,2023/07/30,MIL,ATL,ATL03,6,8,9,day,87,rtol,7,cloudy,none
ATL202307310,2023/07/31,ANA,ATL,ATL03,4,1,9,night,89,unknown,3,sunny,none
ATL202308010,2023/08/01,ANA,ATL,ATL03,1,5,9,night,89,tocf,8,cloudy,none
ATL202308020,2023/08/02,ANA,ATL,ATL03,5,12,9,day,84,ltor,8,cloudy,none
ATL202308140,2023/08/14,NYA,ATL,ATL03,3,11,9,night,91,rtol,6,cloudy,none
ATL202308150,2023/08/15,NYA,ATL,ATL03,0,5,9,night,80,rtol,5,overcast,none
ATL202308160,2023/08/16,NYA,ATL,ATL03,0,2,9,night,82,tolf,7,cloudy,none
ATL202308180,2023/08/18,SFN,ATL,ATL03,0,4,9,night,83,tocf,8,cloudy,none
ATL202308190,2023/08/19,SFN,ATL,ATL03,5,6,9,night,87,ltor,5,sunny,none
ATL202308200,2023/08/20,SFN,ATL,ATL03,4,3,9,day,89,torf,8,sunny,none
ATL202308210,2023/08/21,NYN,ATL,ATL03,10,4,9,night,92,tocf,6,cloudy,none
ATL202308220,2023/08/22,NYN,ATL,ATL03,2,3,9,night,92,tocf,6,cloudy,none
ATL202308230,2023/08/23,NYN,ATL,ATL03,0,7,9,night,91,ltor,4,cloudy,none
ATL202309050,2023/09/05,SLN,ATL,ATL03,10,6,9,night,84,rtol,4,cloudy,none
ATL202309060,2023/09/06,SLN,ATL,ATL03,11,6,9,night,83,tolf,5,cloudy,none
ATL202309070,2023/09/07,SLN,ATL,ATL03,5,8,9,night,84,rtol,10,sunny,none
ATL202309080,2023/09/08,PIT,ATL,ATL03,2,8,9,night,83,tolf,4,cloudy,none
ATL202309090,2023/09/09,PIT,ATL,ATL03,8,4,9,night,80,unknown,4,cloudy,none
ATL202309100,2023/09/10,PIT,ATL,ATL03,2,5,9,day,83,ltor,3,cloudy,none
ATL202309180,2023/09/18,PHI,ATL,ATL03,7,1,9,night,73,tocf,6,cloudy,none
ATL202309190,2023/09/19,PHI,ATL,ATL03,3,9,9,night,76,ltor,8,cloudy,none
ATL202309200,2023/09/20,PHI,ATL,ATL03,6,5,10,day,75,fromlf,6,cloudy,none
ATL202309260,2023/09/26,CHN,ATL,ATL03,6,7,9,night,77,ltor,7,cloudy,none
ATL202309270,2023/09/27,CHN,ATL,ATL03,5,6,10,night,74,unknown,3,cloudy,none
ATL202309280,2023/09/28,CHN,ATL,ATL03,3,5,9,night,72,ltor,1,cloudy,none
ATL202309290,2023/09/29,WAS,ATL,ATL03,10,6,9,night,78,tocf,4,cloudy,none
ATL202309300,2023/09/30,WAS,ATL,ATL03,3,5,9,night,81,ltor,2,cloudy,none
ATL202310010,2023/10/01,WAS,ATL,ATL03,10,9,9,day,81,ltor,6,cloudy,none
CHN202303300,2023/03/30,MIL,CHN,CHI11,0,4,9,day,42,rtol,10,sunny,none
CHN202304010,2023/04/01,MIL,CHN,CHI11,3,1,9,day,39,fromlf,23,cloudy,none
CHN202304020,2023/04/02,MIL,CHN,CHI11,9,5,9,day,47,tocf,7,sunny,none
CHN202304070,2023/04/07,TEX,CHN,CHI11,0,2,9,day,43,fromrf,11,sunny,none
CHN202304080,2023/04/08,TEX,CHN,CHI11,3,10,9,day,57,tolf,10,sunny,none
CHN202304090,2023/04/09,TEX,CHN,CHI11,8,2,9,day,63,tolf,6,cloudy,none
CHN202304100,2023/04/10,SEA,CHN,CHI11,2,3,10,night,67,tolf,8,sunny,none
CHN202304110,2023/04/11,SEA,CHN,CHI11,9,14,9,night,76,tocf,13,cloudy,none
CHN202304120,2023/04/12,SEA,CHN,CHI11,5,2,9,day,77,tocf,19,sunny,none
CHN202304200,2023/04/20,LAN,CHN,CHI11,6,2,9,night,70,tocf,14,cloudy,none
CHN202304210,2023/04/21,LAN,CHN,CHI11,0,13,9,day,53,tolf,9,cloudy,none
CHN202304220,2023/04/22,LAN,CHN,CHI11,9,4,9,day,41,torf,14,overcast,none
CHN202304230,2023/04/23,LAN,CHN,CHI11,7,3,9,day,42,torf,4,cloudy,none
CHN202304250,2023/04/25,SDN,CHN,CHI11,0,6,9,night,41,fromlf,13,sunny,none
CHN202304260,2023/04/26,SDN,CHN,CHI11,5,3,9,night,43,fromrf,10,sunny,none
CHN202304270,2023/04/27,SDN,CHN,CHI11,2,5,9,day,60,rtol,9,sunny,none
CHN202305050,2023/05/05,MIA,CHN,CHI11,1,4,9,day,69,tolf,17,cloudy,none
CHN202305060,2023/05/06,MIA,CHN,CHI11,2,4,9,day,65,tolf,10,overcast,none
CHN202305070,2023/05/07,MIA,CHN,CHI11,5,4,14,day,77,fromrf,4,sunny,none
CHN202305080,2023/05/08,SLN,CHN,CHI11,3,1,9,night,48,fromlf,13,cloudy,none
CHN202305090,2023/05/09,SLN,CHN,CHI11,6,4,9,night,59,fromlf,6,cloudy,none
CHN202305100,2023/05/10,SLN,CHN,CHI11,4,10,9,night,65,fromrf,9,sunny,none
CHN202305230,2023/05/23,NYN,CHN,CHI11,2,7,9,night,71,fromrf,8,sunny,none
CHN202305240,2023/05/24,NYN,CHN,CHI11,2,4,9,night,51,fromcf,17,sunny,none
CHN202305250,2023/05/25,NYN,CHN,CHI11,10,1,9,night,52,fromcf,16,sunny,none
CHN202305260,2023/05/26,CIN,CHN,CHI11,9,0,9,day,59,fromcf,10,sunny,none
CHN202305270,2023/05/27,CIN,CHN,CHI11,8,5,9,night,64,fromlf,9,cloudy,none
CHN202305280,2023/05/28,CIN,CHN,CHI11,8,5,9,day,69,fromrf,11,sunny,none
CHN202305290,2023/05/29,TBA,CHN,CHI11,0,1,9,day,71,fromlf,9,sunny,none
CHN202305300,2023/05/30,TBA,CHN,CHI11,1,2,9,night,71,fromcf,4,cloudy,none
CHN202305310,2023/05/31,TBA,CHN,CHI11,4,3,9,day,83,rtol,8,sunny,none
CHN202306130,2023/06/13,PIT,CHN,CHI11,3,11,9,night,61,torf,18,overcast,none
CHN202306140,2023/06/14,PIT,CHN,CHI11,6,10,9,night,64,fromrf,7,sunny,none
CHN202306150,2023/06/15,PIT,CHN,CHI11,2,7,9,night,55,fromcf,14,cloudy,none
CHN202306160,2023/06/16,BAL,CHN,CHI11,3,10,9,day,57,fromlf,12,cloudy,none
CHN202306170,2023/06/17,BAL,CHN,CHI11,2,3,9,day,69,rtol,6,sunny,none
CHN202306180,2023/06/18,BAL,CHN,CHI11,6,3,9,day,76,rtol,4,cloudy,none
CHN202306270,2023/06/27,PHI,CHN,CHI11,5,1,9,night,66,fromcf,8,overcast,none
CHN202306280,2023/06/28,PHI,CHN,CHI11,8,5,9,night,74,rtol,5,overcast,none
CHN202306290,2023/06/29,PHI,CHN,CHI11,3,1,9,night,76,tocf,4,cloudy,none
CHN202306300,2023/06/30,CLE,CHN,CHI11,1,10,9,day,86,rtol,6,cloudy,none
CHN202307010,2023/07/01,CLE,CHN,CHI11,6,0,9,night,73,fromrf,2,overcast,none
CHN202307020,2023/07/02,CLE,CHN,CHI11,8,6,10,day,65,fromlf,13,overcast,rain
CHN202307140,2023/07/14,BOS,CHN,CHI11,8,3,9,night,86,torf,7,cloudy,none
CHN202307150,2023/07/15,BOS,CHN,CHI11,4,10,9,day,83,torf,8,cloudy,none
CHN202307160,2023/07/16,BOS,CHN,CHI11,11,5,9,day,81,ltor,4,cloudy,none
CHN202307170,2023/07/17,WAS,CHN,CHI11,7,5,9,night,72,fromrf,6,sunny,none
CHN202307180,2023/07/18,WAS,CHN,CHI11,3,17,9,night,73,fromrf,9,sunny,none
CHN202307190,2023/07/19,WAS,CHN,CHI11,3,8,9,night,77,rtol,8,cloudy,none
CHN202307200,2023/07/20,SLN,CHN,CHI11,7,2,9,night,80,ltor,13,cloudy,none
CHN202307210,2023/07/21,SLN,CHN,CHI11,3,4,9,day,74,fromlf,8,sunny,none
CHN202307220,2023/07/22,SLN,CHN,CHI11,6,8,9,day,82,tolf,9,cloudy,none
CHN202307230,2023/07/23,SLN,CHN,CHI11,2,7,9,day,78,fromrf,3,sunny,none
CHN202307310,2023/07/31,CIN,CHN,CHI11,6,5,9,night,74,fromrf,3,sunny,none
CHN202308010,2023/08/01,CIN,CHN,CHI11,9,20,9,night,84,tolf,8,cloudy,none
CHN202308020,2023/08/02,CIN,CHN,CHI11,6,16,9,night,81,rtol,8,cloudy,none
CHN202308030,2023/08/03,CIN,CHN,CHI11,3,5,9,night,83,fromcf,7,cloudy,none
CHN202308040,2023/08/04,ATL,CHN,CHI11,8,0,9,day,82,fromcf,12,cloudy,none
CHN202308050,2023/08/05,ATL,CHN,CHI11,6,8,9,day,73,fromrf,11,overcast,rain
CHN202308060,2023/08/06,ATL,CHN,CHI11,4,6,9,day,68,fromlf,5,cloudy,none
CHN202308150,2023/08/15,CHA,CHN,CHI11,5,3,9,night,71,fromlf,3,sunny,none
CHN202308160,2023/08/16,CHA,CHN,CHI11,3,4,9,night,75,torf,5,sunny,none
CHN202308180,2023/08/18,KCA,CHN,CHI11,4,3,9,day,73,rtol,5,sunny,none
CHN202308190,2023/08/19,KCA,CHN,CHI11,4,6,9,day,80,tolf,13,cloudy,none
CHN202308200,2023/08/20,KCA,CHN,CHI11,3,4,9,day,85,fromrf,7,sunny,none
CHN202308280,2023/08/28,MIL,CHN,CHI11,6,2,9,night,73,rtol,8,sunny,none
CHN202308290,2023/08/29,MIL,CHN,CHI11,0,1,9,night,70,fromlf,17,cloudy,none
CHN202308300,2023/08/30,MIL,CHN,CHI11,2,3,9,day,67,ltor,16,cloudy,none
CHN202309040,2023/09/04,SFN,CHN,CHI11,0,5,9,day,89,tocf,4,cloudy,none
CHN202309050,2023/09/05,SFN,CHN,CHI11,8,11,9,night,84,tolf,14,cloudy,none
CHN202309060,2023/09/06,SFN,CHN,CHI11,2,8,9,day,80,tocf,15,sunny,none
CHN202309070,2023/09/07,ARI,CHN,CHI11,6,2,9,night,66,fromlf,10,cloudy,none
CHN202309080,2023/09/08,ARI,CHN,CHI11,1,0,9,day,66,fromlf,12,overcast,none
CHN202309090,2023/09/09,ARI,CHN,CHI11,3,2,10,day,70,ltor,4,cloudy,none
CHN202309100,2023/09/10,ARI,CHN,CHI11,2,5,9,day,75,fromrf,6,sunny,none
CHN202309190,2023/09/19,PIT,CHN,CHI11,1,14,9,night,64,rtol,10,overcast,none
CHN202309200,2023/09/20,PIT,CHN,CHI11,13,7,9,night,75,tolf,5,cloudy,none
CHN202309210,2023/09/21,PIT,CHN,CHI11,8,6,9,night,69,fromcf,4,cloudy,none
CHN202309220,2023/09/22,COL,CHN,CHI11,0,6,9,day,74,fromrf,6,cloudy,none
CHN202309230,2023/09/23,COL,CHN,CHI11,3,6,9,day,74,rtol,9,sunny,none
CHN202309240,2023/09/24,COL,CHN,CHI11,3,4,9,day,73,tolf,7,sunny,none
CIN202303300,2023/03/30,PIT,CIN,CIN09,5,4,9,day,61,fromrf,6,sunny,none
CIN202304010,2023/04/01,PIT,CIN,CIN09,2,6,9,day,45,unknown,23,cloudy,none
CIN202304020,2023/04/02,PIT,CIN,CIN09,1,3,9,day,49,rtol,6,cloudy,none
CIN202304030,2023/04/03,CHN,CIN,CIN09,6,7,9,night,71,rtol,12,sunny,none
CIN202304040,2023/04/04,CHN,CIN,CIN09,12,5,9,night,76,unknown,8,cloudy,none
CIN202304130,2023/04/13,PHI,CIN,CIN09,2,6,9,night,82,fromrf,5,sunny,none
CIN202304140,2023/04/14,PHI,CIN,CIN09,8,3,9,night,81,fromrf,6,cloudy,none
CIN202304150,2023/04/15,PHI,CIN,CIN09,0,13,9,day,79,unknown,8,cloudy,none
CIN202304160,2023/04/16,PHI,CIN,CIN09,14,3,9,day,57,tolf,17,cloudy,none
CIN202304170,2023/04/17,TBA,CIN,CIN09,1,8,9,night,52,tolf,12,cloudy,none
CIN202304180,2023/04/18,TBA,CIN,CIN09,10,0,9,night,66,tolf,11,sunny,none
CIN202304190,2023/04/19,TBA,CIN,CIN09,8,0,9,day,68,unknown,6,sunny,none
CIN202304240,2023/04/24,TEX,CIN,CIN09,6,7,9,night,51,tocf,7,cloudy,none
CIN202304250,2023/04/25,TEX,CIN,CIN09,6,7,9,night,60,ltor,7,cloudy,none
CIN202304260,2023/04/26,TEX,CIN,CIN09,3,5,9,day,58,unknown,5,cloudy,none
CIN202305050,2023/05/05,CHA,CIN,CIN09,5,4,9,night,75,unknown,8,sunny,none
CIN202305060,2023/05/06,CHA,CIN,CIN09,3,5,9,night,76,fromrf,7,cloudy,none
CIN202305070,2023/05/07,CHA,CIN,CIN09,17,4,9,day,77,rtol,9,cloudy,none
CIN202305090,2023/05/09,NYN,CIN,CIN09,6,7,9,night,73,unknown,10,sunny,none
CIN202305100,2023/05/10,NYN,CIN,CIN09,2,1,9,night,76,fromlf,7,sunny,none
CIN202305110,2023/05/11,NYN,CIN,CIN09,0,5,9,day,76,fromcf,6,cloudy,none
CIN202305190,2023/05/19,NYA,CIN,CIN09,6,2,9,night,77,unknown,13,cloudy,none
CIN202305200,2023/05/20,NYA,CIN,CIN09,7,4,10,day,71,tocf,12,sunny,none
CIN202305210,2023/05/21,NYA,CIN,CIN09,4,1,9,day,68,ltor,3,sunny,none
CIN202305220,2023/05/22,SLN,CIN,CIN09,5,6,10,night,77,fromlf,8,cloudy,none
CIN202305230,2023/05/23,SLN,CIN,CIN09,8,5,9,night,80,unknown,9,cloudy,none
CIN202305240,2023/05/24,SLN,CIN,CIN09,3,10,9,night,80,ltor,8,cloudy,none
CIN202305250,2023/05/25,SLN,CIN,CIN09,2,1,9,day,65,unknown,6,cloudy,none
CIN202306020,2023/06/02,MIL,CIN,CIN09,5,4,11,night,92,fromlf,8,sunny,none
CIN202306030,2023/06/03,MIL,CIN,CIN09,10,8,9,day,91,ltor,7,cloudy,none
CIN202306040,2023/06/04,MIL,CIN,CIN09,5,1,9,day,81,rtol,8,cloudy,none
CIN202306050,2023/06/05,MIL,CIN,CIN09,0,2,9,night,80,unknown,8,cloudy,none
CIN202306060,2023/06/06,LAN,CIN,CIN09,8,9,9,night,81,fromcf,13,cloudy,none
CIN202306070,2023/06/07,LAN,CIN,CIN09,6,8,9,night,74,torf,9,sunny,none
CIN202306080,2023/06/08,LAN,CIN,CIN09,6,0,9,day,71,unknown,9,sunny,none
CIN202306190,2023/06/19,COL,CIN,CIN09,4,5,9,night,71,ltor,8,overcast,drizzle
CIN202306200,2023/06/20,COL,CIN,CIN09,6,8,9,night,70,ltor,12,cloudy,none
CIN202306210,2023/06/21,COL,CIN,CIN09,3,5,9,day,75,unknown,12,cloudy,none
CIN202306230,2023/06/23,ATL,CIN,CIN09,10,11,9,night,77,tolf,6,cloudy,none
CIN202306240,2023/06/24,ATL,CIN,CIN09,7,6,9,day,86,tolf,9,cloudy,none
CIN202306250,2023/06/25,ATL,CIN,CIN09,7,6,9,day,79,rtol,11,cloudy,none
CIN202306300,2023/06/30,SDN,CIN,CIN09,5,7,11,night,89,rtol,6,cloudy,none
CIN202307010,2023/07/01,SDN,CIN,CIN09,12,5,9,day,79,unknown,7,overcast,none
CIN202307020,2023/07/02,SDN,CIN,CIN09,3,4,9,day,82,rtol,13,cloudy,none
CIN202307140,2023/07/14,MIL,CIN,CIN09,1,0,9,night,91,unknown,8,cloudy,none
CIN202307150,2023/07/15,MIL,CIN,CIN09,3,0,9,night,75,rtol,8,cloudy,none
CIN202307160,2023/07/16,MIL,CIN,CIN09,4,3,9,day,83,unknown,10,overcast,none
CIN202307170,2023/07/17,SFN,CIN,CIN09,4,2,10,night,85,tocf,10,cloudy,none
CIN202307180,2023/07/18,SFN,CIN,CIN09,11,10,9,night,78,rtol,7,cloudy,none
CIN202307190,2023/07/19,SFN,CIN,CIN09,2,3,9,night,82,rtol,5,cloudy,none
CIN202307200,2023/07/20,SFN,CIN,CIN09,1,5,9,day,85,unknown,7,cloudy,none
CIN202307210,2023/07/21,ARI,CIN,CIN09,6,9,9,night,82,tocf,8,cloudy,none
CIN202307220,2023/07/22,ARI,CIN,CIN09,2,4,9,day,83,fromlf,7,cloudy,none
CIN202307230,2023/07/23,ARI,CIN,CIN09,3,7,9,day,83,rtol,8,cloudy,none
CIN202308040,2023/08/04,WAS,CIN,CIN09,6,3,10,night,89,torf,6,sunny,none
CIN202308050,2023/08/05,WAS,CIN,CIN09,7,3,9,day,87,fromcf,8,cloudy,none
CIN202308060,2023/08/06,WAS,CIN,CIN09,6,3,9,day,84,unknown,15,cloudy,none
CIN202308070,2023/08/07,MIA,CIN,CIN09,2,5,9,night,75,rtol,11,cloudy,none
CIN202308080,2023/08/08,MIA,CIN,CIN09,3,2,9,night,81,tolf,9,sunny,none
CIN202308090,2023/08/09,MIA,CIN,CIN09,5,4,9,day,81,unknown,8,cloudy,none
CIN202308150,2023/08/15,CLE,CIN,CIN09,3,0,9,night,72,unknown,12,cloudy,none
CIN202308160,2023/08/16,CLE,CIN,CIN09,2,7,9,night,79,fromlf,5,overcast,none
CIN202308180,2023/08/18,TOR,CIN,CIN09,0,1,9,night,77,tocf,6,cloudy,none
CIN202308190,2023/08/19,TOR,CIN,CIN09,4,3,9,night,83,unknown,6,sunny,none
CIN202308200,2023/08/20,TOR,CIN,CIN09,10,3,9,day,89,fromrf,6,sunny,none
CIN202309011,2023/09/01,CHN,CIN,CIN09,6,2,9,day,80,unknown,3,sunny,none
CIN202309012,2023/09/01,CHN,CIN,CIN09,2,3,9,night,84,unknown,6,sunny,none
CIN202309020,2023/09/02,CHN,CIN,CIN09,1,2,9,night,87,tolf,7,sunny,none
CIN202309030,2023/09/03,CHN,CIN,CIN09,15,7,9,day,84,rtol,8,sunny,none
CIN202309040,2023/09/04,SEA,CIN,CIN09,3,6,9,day,92,fromrf,7,cloudy,none
CIN202309050,2023/09/05,SEA,CIN,CIN09,6,7,9,night,89,unknown,10,cloudy,none
CIN202309060,2023/09/06,SEA,CIN,CIN09,8,4,9,night,83,rtol,10,cloudy,none
CIN202309080,2023/09/08,SLN,CIN,CIN09,9,4,9,night,77,torf,6,cloudy,none
CIN202309090,2023/09/09,SLN,CIN,CIN09,4,3,9,night,76,ltor,8,cloudy,none
CIN202309100,2023/09/10,SLN,CIN,CIN09,1,7,9,day,76,unknown,4,cloudy,none
CIN202309180,2023/09/18,MIN,CIN,CIN09,3,7,9,night,72,tocf,10,cloudy,none
CIN202309190,2023/09/19,MIN,CIN,CIN09,7,0,9,night,75,fromcf,6,sunny,none
CIN202309200,2023/09/20,MIN,CIN,CIN09,5,3,9,day,78,fromcf,6,sunny,none
CIN202309220,2023/09/22,PIT,CIN,CIN09,7,5,9,night,80,unknown,8,cloudy,none
CIN202309230,2023/09/23,PIT,CIN,CIN09,13,12,9,night,75,ltor,8,sunny,none
CIN202309240,2023/09/24,PIT,CIN,CIN09,2,4,9,day,77,ltor,8,sunny,none
COL202304060,2023/04/06,WAS,COL,DEN02,0,1,9,day,51,tolf,5,sunny,none
COL202304070,2023/04/07,WAS,COL,DEN02,10,5,9,night,64,fromlf,5,cloudy,none
COL202304080,2023/04/08,WAS,COL,DEN02,7,6,9,night,65,fromlf,9,cloudy,none
COL202304090,2023/04/09,WAS,COL,DEN02,6,7,9,day,63,rtol,3,cloudy,none
COL202304100,2023/04/10,SLN,COL,DEN02,4,7,9,night,75,fromcf,6,sunny,none
COL202304110,2023/04/11,SLN,COL,DEN02,9,6,9,night,82,fromcf,8,sunny,none
COL202304120,2023/04/12,SLN,COL,DEN02,7,4,9,day,85,tolf,10,cloudy,none
COL202304170,2023/04/17,PIT,COL,DEN02,14,3,9,night,72,fromcf,4,cloudy,none
COL202304180,2023/04/18,PIT,COL,DEN02,5,3,9,night,73,ltor,12,cloudy,none
COL202304190,2023/04/19,PIT,COL,DEN02,14,3,9,day,55,rtol,9,cloudy,none
COL202304280,2023/04/28,ARI,COL,DEN02,9,1,9,night,57,fromlf,9,cloudy,none
COL202304290,2023/04/29,ARI,COL,DEN02,11,4,9,night,72,fromcf,7,cloudy,none
COL202304300,2023/04/30,ARI,COL,DEN02,4,12,9,day,65,fromcf,8,cloudy,none
COL202305020,2023/05/02,MIL,COL,DEN02,2,3,9,night,66,ltor,9,cloudy,none
COL202305030,2023/05/03,MIL,COL,DEN02,1,7,9,night,77,rtol,7,cloudy,none
COL202305040,2023/05/04,MIL,COL,DEN02,6,9,9,day,70,tocf,15,cloudy,none
COL202305120,2023/05/12,PHI,COL,DEN02,6,3,9,night,59,fromcf,11,overcast,none
COL202305130,2023/05/13,PHI,COL,DEN02,7,4,9,night,57,rtol,7,overcast,none
COL202305140,2023/05/14,PHI,COL,DEN02,0,4,9,day,55,rtol,8,cloudy,none
COL202305150,2023/05/15,CIN,COL,DEN02,8,9,9,night,63,unknown,0,cloudy,none
COL202305160,2023/05/16,CIN,COL,DEN02,3,1,9,night,73,fromlf,10,cloudy,none
COL202305170,2023/05/17,CIN,COL,DEN02,6,11,9,day,77,unknown,0,cloudy,none
COL202305220,2023/05/22,MIA,COL,DEN02,3,5,9,night,75,unknown,1,cloudy,none
COL202305230,2023/05/23,MIA,COL,DEN02,4,5,9,night,75,rtol,5,cloudy,none
COL202305240,2023/05/24,MIA,COL,DEN02,10,2,9,night,67,tocf,3,cloudy,none
COL202305250,2023/05/25,MIA,COL,DEN02,6,7,9,day,73,tolf,3,cloudy,none
COL202305260,2023/05/26,NYN,COL,DEN02,5,2,9,night,63,rtol,9,cloudy,none
COL202305270,2023/05/27,NYN,COL,DEN02,7,10,9,night,68,fromcf,9,cloudy,none
COL202305280,2023/05/28,NYN,COL,DEN02,10,11,9,day,76,tolf,5,cloudy,none
COL202306060,2023/06/06,SFN,COL,DEN02,10,4,9,night,73,tocf,1,cloudy,none
COL202306070,2023/06/07,SFN,COL,DEN02,5,4,9,night,68,fromlf,3,cloudy,none
COL202306080,2023/06/08,SFN,COL,DEN02,6,4,9,day,75,tolf,3,cloudy,none
COL202306090,2023/06/09,SDN,COL,DEN02,9,6,9,night,70,rtol,1,cloudy,none
COL202306100,2023/06/10,SDN,COL,DEN02,3,2,9,day,73,tolf,2,cloudy,none
COL202306110,2023/06/11,SDN,COL,DEN02,4,5,9,day,66,tolf,4,cloudy,none
COL202306230,2023/06/23,ANA,COL,DEN02,4,7,9,night,82,fromlf,9,cloudy,none
COL202306240,2023/06/24,ANA,COL,DEN02,25,1,9,night,86,rtol,8,sunny,none
COL202306250,2023/06/25,ANA,COL,DEN02,3,4,9,day,73,fromcf,10,sunny,none
COL202306270,2023/06/27,LAN,COL,DEN02,5,0,9,night,90,rtol,2,cloudy,none
COL202306280,2023/06/28,LAN,COL,DEN02,8,9,9,night,84,fromcf,9,cloudy,none
COL202306290,2023/06/29,LAN,COL,DEN02,14,3,9,night,68,tolf,4,cloudy,none
COL202306300,2023/06/30,DET,COL,DEN02,5,8,9,night,66,ltor,4,cloudy,none
COL202307010,2023/07/01,DET,COL,DEN02,4,2,10,night,79,tolf,4,cloudy,none
COL202307020,2023/07/02,DET,COL,DEN02,14,9,9,day,86,rtol,3,cloudy,none
COL202307140,2023/07/14,NYA,COL,DEN02,2,7,9,night,82,rtol,8,cloudy,none
COL202307150,2023/07/15,NYA,COL,DEN02,6,3,9,night,85,fromcf,7,cloudy,none
COL202307160,2023/07/16,NYA,COL,DEN02,7,8,11,day,86,fromcf,5,sunny,none
COL202307180,2023/07/18,HOU,COL,DEN02,3,4,9,night,88,tolf,9,cloudy,none
COL202307190,2023/07/19,HOU,COL,DEN02,4,1,9,day,90,fromcf,8,cloudy,none
COL202307280,2023/07/28,OAK,COL,DEN02,8,5,9,night,83,fromlf,6,cloudy,none
COL202307290,2023/07/29,OAK,COL,DEN02,11,3,9,night,87,ltor,3,cloudy,none
COL202307300,2023/07/30,OAK,COL,DEN02,0,2,9,day,93,fromcf,6,cloudy,none
COL202307310,2023/07/31,SDN,COL,DEN02,3,4,10,night,70,rtol,2,overcast,rain
COL202308010,2023/08/01,SDN,COL,DEN02,8,5,9,night,70,fromlf,8,overcast,drizzle
COL202308020,2023/08/02,SDN,COL,DEN02,11,1,9,day,84,rtol,1,cloudy,none
COL202308140,2023/08/14,ARI,COL,DEN02,4,6,9,night,79,fromcf,5,sunny,none
COL202308150,2023/08/15,ARI,COL,DEN02,8,5,9,night,90,tolf,2,sunny,none
COL202308160,2023/08/16,ARI,COL,DEN02,9,7,9,day,95,fromcf,5,cloudy,none
COL202308180,2023/08/18,CHA,COL,DEN02,1,14,9,night,84,ltor,2,overcast,none
COL202308190,2023/08/19,CHA,COL,DEN02,5,11,9,night,91,tolf,5,overcast,none
COL202308200,2023/08/20,CHA,COL,DEN02,10,5,9,day,86,tocf,8,cloudy,none
COL202308280,2023/08/28,ATL,COL,DEN02,14,4,9,night,79,rtol,3,cloudy,none
COL202308290,2023/08/29,ATL,COL,DEN02,3,1,9,night,82,tolf,2,sunny,none
COL202308300,2023/08/30,ATL,COL,DEN02,7,3,9,night,91,tolf,3,sunny,none
COL202309010,2023/09/01,TOR,COL,DEN02,13,9,9,night,95,tocf,9,sunny,none
COL202309020,2023/09/02,TOR,COL,DEN02,7,8,9,night,95,fromlf,9,cloudy,none
COL202309030,2023/09/03,TOR,COL,DEN02,7,5,9,day,86,tolf,7,cloudy,none
COL202309110,2023/09/11,CHN,COL,DEN02,5,4,9,night,66,unknown,0,cloudy,none
COL202309120,2023/09/12,CHN,COL,DEN02,4,6,9,night,75,rtol,4,sunny,none
COL202309130,2023/09/13,CHN,COL,DEN02,3,7,9,day,76,tolf,4,cloudy,none
COL202309150,2023/09/15,SFN,COL,DEN02,2,3,9,night,63,tocf,2,cloudy,none
COL202309161,2023/09/16,SFN,COL,DEN02,5,9,9,day,68,tocf,2,sunny,none
COL202309162,2023/09/16,SFN,COL,DEN02,2,5,9,night,72,rtol,3,sunny,none
COL202309170,2023/09/17,SFN,COL,DEN02,11,10,9,day,75,tolf,3,sunny,none
COL202309261,2023/09/26,LAN,COL,DEN02,1,4,9,day,72,rtol,3,sunny,none
COL202309262,2023/09/26,LAN,COL,DEN02,11,2,9,night,78,rtol,4,sunny,none
COL202309270,2023/09/27,LAN,COL,DEN02,8,2,9,night,82,tocf,5,sunny,none
COL202309280,2023/09/28,LAN,COL,DEN02,5,14,9,night,81,rtol,8,cloudy,none
COL202309290,2023/09/29,MIN,COL,DEN02,7,6,9,night,82,rtol,8,cloudy,none
COL202309300,2023/09/30,MIN,COL,DEN02,14,6,9,night,82,tocf,8,cloudy,none
COL202310010,2023/10/01,MIN,COL,DEN02,2,3,11,day,79,torf,9,cloudy,none
LAN202303300,2023/03/30,ARI,LAN,LOS03,2,8,9,night,54,torf,4,sunny,none
LAN202303310,2023/03/31,ARI,LAN,LOS03,2,1,9,night,56,ltor,9,cloudy,none
LAN202304010,2023/04/01,ARI,LAN,LOS03,1,10,9,night,64,tocf,7,sunny,none
LAN202304020,2023/04/02,ARI,LAN,LOS03,2,1,9,day,68,tocf,5,sunny,none
LAN202304030,2023/04/03,COL,LAN,LOS03,4,13,9,night,57,ltor,11,sunny,none
LAN202304040,2023/04/04,COL,LAN,LOS03,2,5,9,night,58,ltor,9,cloudy,none
LAN202304140,2023/04/14,CHN,LAN,LOS03,8,2,9,night,59,ltor,4,sunny,none
LAN202304150,2023/04/15,CHN,LAN,LOS03,1,2,9,night,64,torf,6,sunny,none
LAN202304160,2023/04/16,CHN,LAN,LOS03,3,2,9,day,63,ltor,5,cloudy,none
LAN202304170,2023/04/17,NYN,LAN,LOS03,8,6,9,night,58,ltor,4,sunny,none
LAN202304180,2023/04/18,NYN,LAN,LOS03,0,5,9,night,59,ltor,2,cloudy,none
LAN202304190,2023/04/19,NYN,LAN,LOS03,5,3,9,day,68,torf,3,sunny,none
LAN202304280,2023/04/28,SLN,LAN,LOS03,3,7,9,night,62,ltor,5,sunny,none
LAN202304290,2023/04/29,SLN,LAN,LOS03,0,1,9,night,66,torf,7,sunny,none
LAN202304300,2023/04/30,SLN,LAN,LOS03,3,6,9,day,67,tocf,3,overcast,none
LAN202305010,2023/05/01,PHI,LAN,LOS03,4,13,9,night,59,torf,6,cloudy,none
LAN202305020,2023/05/02,PHI,LAN,LOS03,1,13,9,night,57,ltor,8,sunny,none
LAN202305030,2023/05/03,PHI,LAN,LOS03,6,10,9,day,64,torf,7,cloudy,none
LAN202305120,2023/05/12,SDN,LAN,LOS03,2,4,9,night,64,torf,6,sunny,none
LAN202305130,2023/05/13,SDN,LAN,LOS03,2,4,9,day,72,ltor,6,sunny,none
LAN202305140,2023/05/14,SDN,LAN,LOS03,0,4,9,day,74,ltor,3,sunny,none
LAN202305150,2023/05/15,MIN,LAN,LOS03,8,9,12,night,65,tocf,5,cloudy,none
LAN202305160,2023/05/16,MIN,LAN,LOS03,5,1,9,night,63,ltor,7,sunny,none
LAN202305170,2023/05/17,MIN,LAN,LOS03,3,7,9,day,69,tocf,6,sunny,none
LAN202305290,2023/05/29,WAS,LAN,LOS03,1,6,9,night,66,tocf,6,cloudy,none
LAN202305300,2023/05/30,WAS,LAN,LOS03,3,9,9,night,64,torf,6,cloudy,none
LAN202305310,2023/05/31,WAS,LAN,LOS03,10,6,9,day,65,unknown,2,cloudy,none
LAN202306020,2023/06/02,NYA,LAN,LOS03,4,8,9,night,67,torf,9,sunny,none
LAN202306030,2023/06/03,NYA,LAN,LOS03,6,3,9,day,72,torf,8,sunny,none
LAN202306040,2023/06/04,NYA,LAN,LOS03,4,1,9,day,72,torf,6,cloudy,none
LAN202306130,2023/06/13,CHA,LAN,LOS03,1,5,9,night,65,ltor,7,cloudy,none
LAN202306140,2023/06/14,CHA,LAN,LOS03,8,4,9,night,65,ltor,5,overcast,none
LAN202306150,2023/06/15,CHA,LAN,LOS03,4,5,11,night,65,torf,6,cloudy,none
LAN202306160,2023/06/16,SFN,LAN,LOS03,7,5,11,night,69,tocf,7,sunny,none
LAN202306170,2023/06/17,SFN,LAN,LOS03,15,0,9,night,72,tocf,6,sunny,none
LAN202306180,2023/06/18,SFN,LAN,LOS03,7,3,9,day,73,tocf,6,cloudy,none
LAN202306230,2023/06/23,HOU,LAN,LOS03,2,3,9,night,68,rtol,8,sunny,none
LAN202306240,2023/06/24,HOU,LAN,LOS03,7,8,9,day,76,torf,6,sunny,none
LAN202306250,2023/06/25,HOU,LAN,LOS03,6,5,11,day,74,tocf,9,sunny,none
LAN202307030,2023/07/03,PIT,LAN,LOS03,2,5,9,night,70,ltor,6,sunny,none
LAN202307040,2023/07/04,PIT,LAN,LOS03,9,7,9,night,73,ltor,7,sunny,none
LAN202307050,2023/07/05,PIT,LAN,LOS03,4,6,9,night,69,tocf,7,sunny,none
LAN202307060,2023/07/06,PIT,LAN,LOS03,2,5,9,night,69,ltor,7,sunny,none
LAN202307070,2023/07/07,ANA,LAN,LOS03,4,11,9,night,69,tocf,7,sunny,none
LAN202307080,2023/07/08,ANA,LAN,LOS03,5,10,9,night,73,tocf,7,sunny,none
LAN202307240,2023/07/24,TOR,LAN,LOS03,6,3,11,night,78,ltor,5,sunny,none
LAN202307250,2023/07/25,TOR,LAN,LOS03,7,8,10,night,83,ltor,7,sunny,none
LAN202307260,2023/07/26,TOR,LAN,LOS03,8,1,9,day,92,ltor,6,sunny,none
LAN202307280,2023/07/28,CIN,LAN,LOS03,6,5,9,night,79,ltor,7,sunny,none
LAN202307290,2023/07/29,CIN,LAN,LOS03,2,3,9,night,82,tocf,7,sunny,none
LAN202307300,2023/07/30,CIN,LAN,LOS03,9,0,9,day,82,tocf,4,sunny,none
LAN202308010,2023/08/01,OAK,LAN,LOS03,3,7,9,night,78,ltor,6,sunny,none
LAN202308020,2023/08/02,OAK,LAN,LOS03,1,10,9,night,78,unknown,2,sunny,none
LAN202308030,2023/08/03,OAK,LAN,LOS03,2,8,9,night,75,ltor,7,sunny,none
LAN202308100,2023/08/10,COL,LAN,LOS03,1,2,9,night,74,ltor,7,cloudy,none
LAN202308110,2023/08/11,COL,LAN,LOS03,1,6,9,night,73,torf,4,sunny,none
LAN202308120,2023/08/12,COL,LAN,LOS03,1,4,9,night,77,ltor,6,sunny,none
LAN202308130,2023/08/13,COL,LAN,LOS03,3,8,9,day,83,ltor,6,sunny,none
LAN202308150,2023/08/15,MIL,LAN,LOS03,2,6,9,night,77,tolf,4,sunny,none
LAN202308160,2023/08/16,MIL,LAN,LOS03,1,7,9,night,78,ltor,7,sunny,none
LAN202308170,2023/08/17,MIL,LAN,LOS03,0,1,9,night,74,ltor,7,sunny,none
LAN202308180,2023/08/18,MIA,LAN,LOS03,11,3,9,night,76,ltor,6,sunny,none
LAN202308191,2023/08/19,MIA,LAN,LOS03,1,3,9,day,79,ltor,4,cloudy,none
LAN202308192,2023/08/19,MIA,LAN,LOS03,1,3,9,night,77,ltor,7,cloudy,none
LAN202308280,2023/08/28,ARI,LAN,LOS03,4,7,9,night,83,ltor,6,sunny,none
LAN202308290,2023/08/29,ARI,LAN,LOS03,1,9,9,night,83,ltor,4,sunny,none
LAN202308300,2023/08/30,ARI,LAN,LOS03,0,7,9,night,82,ltor,5,sunny,none
LAN202308310,2023/08/31,ATL,LAN,LOS03,8,7,9,night,78,torf,4,sunny,none
LAN202309010,2023/09/01,ATL,LAN,LOS03,6,3,9,night,73,ltor,7,cloudy,none
LAN202309020,2023/09/02,ATL,LAN,LOS03,4,2,10,night,76,ltor,4,cloudy,none
LAN202309030,2023/09/03,ATL,LAN,LOS03,1,3,9,day,76,ltor,7,cloudy,none
LAN202309110,2023/09/11,SDN,LAN,LOS03,11,8,9,night,76,ltor,4,cloudy,none
LAN202309120,2023/09/12,SDN,LAN,LOS03,2,11,9,night,73,ltor,5,sunny,none
LAN202309130,2023/09/13,SDN,LAN,LOS03,6,1,9,night,71,ltor,7,sunny,none
LAN202309180,2023/09/18,DET,LAN,LOS03,3,8,9,night,69,torf,6,cloudy,none
LAN202309190,2023/09/19,DET,LAN,LOS03,2,3,9,night,68,ltor,5,sunny,none
LAN202309200,2023/09/20,DET,LAN,LOS03,4,2,9,night,68,ltor,6,cloudy,none
LAN202309210,2023/09/21,SFN,LAN,LOS03,2,7,9,night,67,torf,6,cloudy,none
LAN202309220,2023/09/22,SFN,LAN,LOS03,5,1,9,night,67,tocf,4,overcast,none
LAN202309230,2023/09/23,SFN,LAN,LOS03,0,7,9,night,72,ltor,6,sunny,none
LAN202309240,2023/09/24,SFN,LAN,LOS03,2,3,10,day,77,ltor,7,sunny,none
MIA202303300,2023/03/30,NYN,MIA,MIA02,5,3,9,day,76,unknown,0,dome,none
MIA202303310,2023/03/31,NYN,MIA,MIA02,1,2,9,night,80,fromlf,13,cloudy,none
MIA202304010,2023/04/01,NYN,MIA,MIA02,6,2,9,day,72,unknown,0,dome,none
MIA202304020,2023/04/02,NYN,MIA,MIA02,5,1,9,day,72,unknown,0,dome,none
MIA202304030,2023/04/03,MIN,MIA,MIA02,11,1,9,night,83,tolf,11,cloudy,none
MIA202304040,2023/04/04,MIN,MIA,MIA02,0,1,9,night,83,fromlf,10,sunny,none
MIA202304050,2023/04/05,MIN,MIA,MIA02,2,5,9,day,84,fromlf,14,cloudy,none
MIA202304140,2023/04/14,ARI,MIA,MIA02,1,5,9,night,72,unknown,0,dome,none
MIA202304150,2023/04/15,ARI,MIA,MIA02,2,3,9,day,72,unknown,0,dome,none
MIA202304160,2023/04/16,ARI,MIA,MIA02,5,0,9,day,72,unknown,0,dome,none
MIA202304170,2023/04/17,SFN,MIA,MIA02,3,4,9,night,72,unknown,0,dome,none
MIA202304180,2023/04/18,SFN,MIA,MIA02,2,4,9,night,72,unknown,0,dome,none
MIA202304190,2023/04/19,SFN,MIA,MIA02,5,2,11,day,72,unknown,0,dome,none
MIA202304280,2023/04/28,CHN,MIA,MIA02,2,3,9,night,72,unknown,0,dome,none
MIA202304290,2023/04/29,CHN,MIA,MIA02,6,7,9,day,72,unknown,0,dome,none
MIA202304300,2023/04/30,CHN,MIA,MIA02,3,4,9,day,72,unknown,0,dome,none
MIA202305020,2023/05/02,ATL,MIA,MIA02,6,0,9,night,72,unknown,0,dome,none
MIA202305030,2023/05/03,ATL,MIA,MIA02,14,6,9,night,72,unknown,0,dome,none
MIA202305040,2023/05/04,ATL,MIA,MIA02,6,3,9,day,72,unknown,0,dome,none
MIA202305120,2023/05/12,CIN,MIA,MIA02,7,4,9,night,83,fromlf,13,cloudy,none
MIA202305130,2023/05/13,CIN,MIA,MIA02,6,5,9,day,72,unknown,0,dome,none
MIA202305140,2023/05/14,CIN,MIA,MIA02,1,3,9,day,72,unknown,0,dome,none
MIA202305160,2023/05/16,WAS,MIA,MIA02,4,5,9,night,72,unknown,0,dome,none
MIA202305170,2023/05/17,WAS,MIA,MIA02,3,4,9,night,72,unknown,0,dome,none
MIA202305180,2023/05/18,WAS,MIA,MIA02,3,5,9,day,72,unknown,0,dome,none
MIA202305300,2023/05/30,SDN,MIA,MIA02,9,4,9,night,72,unknown,0,dome,none
MIA202305310,2023/05/31,SDN,MIA,MIA02,1,2,9,night,72,unknown,0,dome,none
MIA202306010,2023/06/01,SDN,MIA,MIA02,10,1,9,day,72,unknown,0,dome,none
MIA202306020,2023/06/02,OAK,MIA,MIA02,0,4,9,night,72,unknown,0,dome,none
MIA202306030,2023/06/03,OAK,MIA,MIA02,1,12,9,day,72,unknown,0,dome,none
MIA202306040,2023/06/04,OAK,MIA,MIA02,5,7,9,day,72,unknown,0,dome,none
MIA202306050,2023/06/05,KCA,MIA,MIA02,6,9,9,night,72,unknown,0,dome,none
MIA202306060,2023/06/06,KCA,MIA,MIA02,1,6,9,night,72,unknown,0,dome,none
MIA202306070,2023/06/07,KCA,MIA,MIA02,1,6,9,night,72,unknown,0,dome,none
MIA202306190,2023/06/19,TOR,MIA,MIA02,0,11,9,night,72,unknown,0,dome,none
MIA202306200,2023/06/20,TOR,MIA,MIA02,2,0,9,night,72,unknown,0,dome,none
MIA202306210,2023/06/21,TOR,MIA,MIA02,6,3,9,day,72,unknown,0,dome,none
MIA202306220,2023/06/22,PIT,MIA,MIA02,4,6,9,night,72,unknown,0,dome,none
MIA202306230,2023/06/23,PIT,MIA,MIA02,3,1,9,night,72,unknown,0,dome,none
MIA202306240,2023/06/24,PIT,MIA,MIA02,3,4,11,day,72,unknown,0,dome,none
MIA202306250,2023/06/25,PIT,MIA,MIA02,0,2,9,day,72,unknown,0,dome,none
MIA202307030,2023/07/03,SLN,MIA,MIA02,4,5,9,night,72,unknown,0,dome,none
MIA202307040,2023/07/04,SLN,MIA,MIA02,2,15,9,day,72,unknown,0,dome,none
MIA202307050,2023/07/05,SLN,MIA,MIA02,9,10,9,night,72,unknown,0,dome,none
MIA202307060,2023/07/06,SLN,MIA,MIA02,3,0,9,night,72,unknown,0,dome,none
MIA202307070,2023/07/07,PHI,MIA,MIA02,4,3,9,night,72,unknown,0,dome,none
MIA202307080,2023/07/08,PHI,MIA,MIA02,3,5,9,day,72,unknown,0,dome,none
MIA202307090,2023/07/09,PHI,MIA,MIA02,3,7,9,day,72,unknown,0,dome,none
MIA202307210,2023/07/21,COL,MIA,MIA02,6,1,9,night,72,unknown,0,dome,none
MIA202307220,2023/07/22,COL,MIA,MIA02,4,3,9,day,72,unknown,0,dome,none
MIA202307230,2023/07/23,COL,MIA,MIA02,2,3,10,day,72,unknown,0,dome,none
MIA202307280,2023/07/28,DET,MIA,MIA02,5,6,9,night,72,unknown,0,dome,none
MIA202307290,2023/07/29,DET,MIA,MIA02,5,0,9,day,72,unknown,0,dome,none
MIA202307300,2023/07/30,DET,MIA,MIA02,6,8,9,day,72,unknown,0,dome,none
MIA202307310,2023/07/31,PHI,MIA,MIA02,4,2,9,night,72,unknown,0,dome,none
MIA202308010,2023/08/01,PHI,MIA,MIA02,3,1,9,night,72,unknown,0,dome,none
MIA202308020,2023/08/02,PHI,MIA,MIA02,8,9,12,night,72,unknown,0,dome,none
MIA202308030,2023/08/03,PHI,MIA,MIA02,4,2,9,day,72,unknown,0,dome,none
MIA202308110,2023/08/11,NYA,MIA,MIA02,9,4,9,night,72,unknown,0,dome,none
MIA202308120,2023/08/12,NYA,MIA,MIA02,1,3,9,day,72,unknown,0,dome,none
MIA202308130,2023/08/13,NYA,MIA,MIA02,7,8,9,day,72,unknown,0,dome,none
MIA202308140,2023/08/14,HOU,MIA,MIA02,1,5,9,night,72,unknown,0,dome,none
MIA202308150,2023/08/15,HOU,MIA,MIA02,6,5,9,night,72,unknown,0,dome,none
MIA202308160,2023/08/16,HOU,MIA,MIA02,12,5,9,night,72,unknown,0,dome,none
MIA202308250,2023/08/25,WAS,MIA,MIA02,7,4,9,night,72,unknown,0,dome,none
MIA202308260,2023/08/26,WAS,MIA,MIA02,3,2,9,day,72,unknown,0,dome,none
MIA202308270,2023/08/27,WAS,MIA,MIA02,1,2,9,day,72,unknown,0,dome,none
MIA202308290,2023/08/29,TBA,MIA,MIA02,11,2,9,night,72,unknown,0,dome,none
MIA202308300,2023/08/30,TBA,MIA,MIA02,3,0,10,night,72,unknown,0,dome,none
MIA202309050,2023/09/05,LAN,MIA,MIA02,3,6,9,night,72,unknown,0,dome,none
MIA202309060,2023/09/06,LAN,MIA,MIA02,4,11,9,night,72,unknown,0,dome,none
MIA202309070,2023/09/07,LAN,MIA,MIA02,10,0,9,night,72,unknown,0,dome,none
MIA202309150,2023/09/15,ATL,MIA,MIA02,6,9,9,night,72,unknown,0,dome,none
MIA202309160,2023/09/16,ATL,MIA,MIA02,5,11,9,day,72,unknown,0,dome,none
MIA202309170,2023/09/17,ATL,MIA,MIA02,2,16,9,day,72,unknown,0,dome,none
MIA202309180,2023/09/18,NYN,MIA,MIA02,2,1,9,night,72,unknown,0,dome,none
MIA202309190,2023/09/19,NYN,MIA,MIA02,3,4,9,night,72,unknown,0,dome,none
MIA202309200,2023/09/20,NYN,MIA,MIA02,8,3,9,night,72,unknown,0,dome,none
MIA202309220,2023/09/22,MIL,MIA,MIA02,16,1,9,night,72,unknown,0,dome,none
MIA202309230,2023/09/23,MIL,MIA,MIA02,4,5,9,day,72,unknown,0,dome,none
MIA202309240,2023/09/24,MIL,MIA,MIA02,1,6,9,day,72,unknown,0,dome,none
MIL202304030,2023/04/03,NYN,MIL,MIL06,0,10,9,day,65,unknown,0,dome,none
MIL202304040,2023/04/04,NYN,MIL,MIL06,0,9,9,night,63,unknown,0,dome,none
MIL202304050,2023/04/05,NYN,MIL,MIL06,6,7,9,day,66,unknown,0,dome,none
MIL202304070,2023/04/07,SLN,MIL,MIL06,0,4,9,night,64,unknown,0,dome,none
MIL202304080,2023/04/08,SLN,MIL,MIL06,6,0,9,night,65,unknown,0,dome,none
MIL202304090,2023/04/09,SLN,MIL,MIL06,1,6,9,day,63,rtol,12,sunny,none
MIL202304210,2023/04/21,BOS,MIL,MIL06,5,3,9,night,62,unknown,0,dome,none
MIL202304220,2023/04/22,BOS,MIL,MIL06,4,5,9,night,62,unknown,0,dome,none
MIL202304230,2023/04/23,BOS,MIL,MIL06,12,5,9,day,61,unknown,0,dome,none
MIL202304240,2023/04/24,DET,MIL,MIL06,4,2,9,night,62,unknown,0,dome,none
MIL202304250,2023/04/25,DET,MIL,MIL06,4,3,9,night,64,unknown,0,dome,none
MIL202304260,2023/04/26,DET,MIL,MIL06,2,6,9,day,63,unknown,0,dome,none
MIL202304280,2023/04/28,ANA,MIL,MIL06,1,2,9,night,65,unknown,0,dome,none
MIL202304290,2023/04/29,ANA,MIL,MIL06,5,7,9,night,66,unknown,0,dome,none
MIL202304300,2023/04/30,ANA,MIL,MIL06,3,0,9,day,64,unknown,0,dome,none
MIL202305080,2023/05/08,LAN,MIL,MIL06,3,9,9,night,64,unknown,0,dome,none
MIL202305090,2023/05/09,LAN,MIL,MIL06,6,2,9,night,67,unknown,0,dome,none
MIL202305100,2023/05/10,LAN,MIL,MIL06,8,1,9,day,71,fromlf,7,cloudy,none
MIL202305120,2023/05/12,KCA,MIL,MIL06,1,5,9,night,70,unknown,0,dome,none
MIL202305130,2023/05/13,KCA,MIL,MIL06,3,4,9,night,68,unknown,0,dome,none
MIL202305140,2023/05/14,KCA,MIL,MIL06,6,9,9,day,65,unknown,0,dome,none
MIL202305220,2023/05/22,HOU,MIL,MIL06,12,2,9,night,69,fromcf,10,cloudy,none
MIL202305230,2023/05/23,HOU,MIL,MIL06,0,6,9,night,73,fromrf,4,sunny,none
MIL202305240,2023/05/24,HOU,MIL,MIL06,0,4,9,day,65,unknown,0,dome,none
MIL202305250,2023/05/25,SFN,MIL,MIL06,5,0,9,night,65,unknown,0,dome,none
MIL202305260,2023/05/26,SFN,MIL,MIL06,15,1,9,night,67,unknown,0,dome,none
MIL202305270,2023/05/27,SFN,MIL,MIL06,3,1,9,day,70,ltor,5,sunny,none
MIL202305280,2023/05/28,SFN,MIL,MIL06,5,7,9,day,74,fromlf,5,sunny,none
MIL202306060,2023/06/06,BAL,MIL,MIL06,3,4,10,night,71,unknown,0,dome,none
MIL202306070,2023/06/07,BAL,MIL,MIL06,2,10,9,night,70,ltor,16,dome,none
MIL202306080,2023/06/08,BAL,MIL,MIL06,6,3,9,day,70,fromrf,4,sunny,none
MIL202306090,2023/06/09,OAK,MIL,MIL06,5,2,9,night,74,ltor,10,sunny,none
MIL202306100,2023/06/10,OAK,MIL,MIL06,2,1,10,day,81,ltor,7,cloudy,none
MIL202306110,2023/06/11,OAK,MIL,MIL06,8,6,9,day,66,unknown,0,dome,none
MIL202306160,2023/06/16,PIT,MIL,MIL06,4,5,9,night,64,ltor,1,sunny,none
MIL202306170,2023/06/17,PIT,MIL,MIL06,0,5,9,day,77,ltor,7,sunny,none
MIL202306180,2023/06/18,PIT,MIL,MIL06,2,5,9,day,73,fromlf,8,overcast,none
MIL202306190,2023/06/19,ARI,MIL,MIL06,9,1,9,night,79,unknown,1,sunny,none
MIL202306200,2023/06/20,ARI,MIL,MIL06,5,7,9,night,74,ltor,15,sunny,none
MIL202306210,2023/06/21,ARI,MIL,MIL06,5,1,9,day,78,ltor,10,sunny,none
MIL202307030,2023/07/03,CHN,MIL,MIL06,6,8,9,day,83,ltor,8,sunny,none
MIL202307040,2023/07/04,CHN,MIL,MIL06,7,6,11,day,86,ltor,7,cloudy,none
MIL202307050,2023/07/05,CHN,MIL,MIL06,4,3,9,night,81,unknown,0,dome,none
MIL202307060,2023/07/06,CHN,MIL,MIL06,5,6,9,day,76,ltor,7,cloudy,none
MIL202307070,2023/07/07,CIN,MIL,MIL06,3,7,9,night,77,unknown,0,dome,none
MIL202307080,2023/07/08,CIN,MIL,MIL06,8,5,9,day,75,ltor,9,cloudy,none
MIL202307090,2023/07/09,CIN,MIL,MIL06,0,1,9,day,75,fromlf,9,cloudy,none
MIL202307210,2023/07/21,ATL,MIL,MIL06,6,4,9,night,79,ltor,6,sunny,none
MIL202307220,2023/07/22,ATL,MIL,MIL06,3,4,9,night,78,unknown,0,dome,none
MIL202307230,2023/07/23,ATL,MIL,MIL06,4,2,9,day,80,fromrf,5,cloudy,none
MIL202307240,2023/07/24,CIN,MIL,MIL06,2,3,9,night,78,ltor,3,overcast,none
MIL202307250,2023/07/25,CIN,MIL,MIL06,4,3,9,night,85,ltor,10,sunny,none
MIL202307260,2023/07/26,CIN,MIL,MIL06,0,3,9,day,80,unknown,0,dome,none
MIL202308030,2023/08/03,PIT,MIL,MIL06,1,14,9,night,88,rtol,5,sunny,none
MIL202308040,2023/08/04,PIT,MIL,MIL06,8,4,9,night,75,ltor,10,cloudy,none
MIL202308050,2023/08/05,PIT,MIL,MIL06,2,3,10,night,75,ltor,5,cloudy,none
MIL202308060,2023/08/06,PIT,MIL,MIL06,4,1,9,day,74,ltor,13,cloudy,none
MIL202308070,2023/08/07,COL,MIL,MIL06,1,12,9,night,74,ltor,2,cloudy,none
MIL202308080,2023/08/08,COL,MIL,MIL06,7,3,10,night,82,ltor,7,cloudy,none
MIL202308090,2023/08/09,COL,MIL,MIL06,6,7,10,day,82,fromrf,10,overcast,none
MIL202308220,2023/08/22,MIN,MIL,MIL06,3,7,9,night,76,fromrf,10,sunny,none
MIL202308230,2023/08/23,MIN,MIL,MIL06,7,8,10,day,97,fromrf,14,sunny,none
MIL202308250,2023/08/25,SDN,MIL,MIL06,3,7,9,night,75,ltor,2,cloudy,none
MIL202308260,2023/08/26,SDN,MIL,MIL06,4,5,9,night,67,unknown,0,dome,none
MIL202308270,2023/08/27,SDN,MIL,MIL06,6,10,9,day,71,fromlf,10,sunny,none
MIL202309010,2023/09/01,PHI,MIL,MIL06,5,7,9,night,77,fromrf,5,sunny,none
MIL202309020,2023/09/02,PHI,MIL,MIL06,5,7,9,night,85,fromrf,15,cloudy,none
MIL202309030,2023/09/03,PHI,MIL,MIL06,4,2,9,day,89,rtol,7,sunny,none
MIL202309110,2023/09/11,MIA,MIL,MIL06,0,12,9,night,70,unknown,0,dome,none
MIL202309120,2023/09/12,MIA,MIL,MIL06,1,3,9,night,68,unknown,0,dome,none
MIL202309130,2023/09/13,MIA,MIL,MIL06,2,0,9,night,70,unknown,0,dome,none
MIL202309140,2023/09/14,MIA,MIL,MIL06,2,4,9,day,70,fromlf,4,cloudy,none
MIL202309150,2023/09/15,WAS,MIL,MIL06,3,5,9,night,68,fromrf,5,sunny,none
MIL202309160,2023/09/16,WAS,MIL,MIL06,5,9,9,night,74,fromrf,8,dome,none
MIL202309170,2023/09/17,WAS,MIL,MIL06,2,1,11,day,67,fromlf,16,cloudy,none
MIL202309260,2023/09/26,SLN,MIL,MIL06,4,1,9,night,72,unknown,0,dome,none
MIL202309270,2023/09/27,SLN,MIL,MIL06,2,3,9,night,70,unknown,0,dome,none
MIL202309280,2023/09/28,SLN,MIL,MIL06,0,3,9,day,65,unknown,0,dome,none
MIL202309290,2023/09/29,CHN,MIL,MIL06,3,4,10,night,66,fromrf,4,sunny,none
MIL202309300,2023/09/30,CHN,MIL,MIL06,10,6,9,night,75,fromrf,5,sunny,none
MIL202310010,2023/10/01,CHN,MIL,MIL06,0,4,9,day,85,rtol,8,sunny,none
NYN202304070,2023/04/07,MIA,NYN,NYC20,3,9,9,day,56,ltor,6,cloudy,none
NYN202304080,2023/04/08,MIA,NYN,NYC20,2,5,9,day,52,fromlf,2,cloudy,none
NYN202304090,2023/04/09,MIA,NYN,NYC20,7,2,9,day,49,fromcf,6,sunny,none
NYN202304100,2023/04/10,SDN,NYN,NYC20,0,5,9,night,55,tolf,9,sunny,none
NYN202304110,2023/04/11,SDN,NYN,NYC20,4,2,9,night,69,torf,8,cloudy,none
NYN202304120,2023/04/12,SDN,NYN,NYC20,2,5,9,day,77,ltor,12,sunny,none
NYN202304250,2023/04/25,WAS,NYN,NYC20,5,0,9,night,57,torf,4,cloudy,none
NYN202304260,2023/04/26,WAS,NYN,NYC20,4,1,9,night,54,tolf,9,cloudy,none
NYN202304270,2023/04/27,WAS,NYN,NYC20,8,9,9,night,55,tolf,7,cloudy,none
NYN202304280,2023/04/28,ATL,NYN,NYC20,4,0,5,night,52,fromrf,5,cloudy,none
NYN202305011,2023/05/01,ATL,NYN,NYC20,9,8,9,day,59,torf,15,cloudy,none
NYN202305012,2023/05/01,ATL,NYN,NYC20,3,5,9,day,62,tocf,7,cloudy,none
NYN202305050,2023/05/05,COL,NYN,NYC20,0,1,9,night,55,tolf,4,cloudy,none
NYN202305060,2023/05/06,COL,NYN,NYC20,5,2,9,day,71,fromlf,7,sunny,none
NYN202305070,2023/05/07,COL,NYN,NYC20,13,6,9,day,75,torf,4,sunny,none
NYN202305160,2023/05/16,TBA,NYN,NYC20,8,5,9,night,78,tocf,5,cloudy,none
NYN202305170,2023/05/17,TBA,NYN,NYC20,7,8,10,night,60,fromlf,11,sunny,none
NYN202305180,2023/05/18,TBA,NYN,NYC20,2,3,9,day,58,tolf,8,sunny,none
NYN202305190,2023/05/19,CLE,NYN,NYC20,9,10,10,night,62,tolf,6,sunny,none
NYN202305211,2023/05/21,CLE,NYN,NYC20,4,5,9,day,69,ltor,11,cloudy,none
NYN202305212,2023/05/21,CLE,NYN,NYC20,1,2,9,night,70,fromlf,6,cloudy,none
NYN202305300,2023/05/30,PHI,NYN,NYC20,0,2,9,night,65,fromrf,7,sunny,none
NYN202305310,2023/05/31,PHI,NYN,NYC20,1,4,9,night,69,tolf,7,sunny,none
NYN202306010,2023/06/01,PHI,NYN,NYC20,2,4,9,day,82,tolf,4,sunny,none
NYN202306020,2023/06/02,TOR,NYN,NYC20,3,0,9,night,73,rtol,2,cloudy,none
NYN202306030,2023/06/03,TOR,NYN,NYC20,2,1,9,day,65,fromrf,5,cloudy,none
NYN202306040,2023/06/04,TOR,NYN,NYC20,6,4,9,day,64,fromlf,5,cloudy,none
NYN202306130,2023/06/13,NYA,NYN,NYC20,7,6,9,night,77,torf,11,sunny,none
NYN202306140,2023/06/14,NYA,NYN,NYC20,3,4,10,night,70,torf,10,cloudy,none
NYN202306160,2023/06/16,SLN,NYN,NYC20,1,6,9,night,66,rtol,5,cloudy,none
NYN202306170,2023/06/17,SLN,NYN,NYC20,5,3,9,day,78,ltor,14,cloudy,none
NYN202306180,2023/06/18,SLN,NYN,NYC20,8,7,9,day,78,ltor,9,cloudy,none
NYN202306260,2023/06/26,MIL,NYN,NYC20,2,1,9,night,74,tolf,5,cloudy,none
NYN202306270,2023/06/27,MIL,NYN,NYC20,2,7,9,night,76,tolf,9,cloudy,none
NYN202306280,2023/06/28,MIL,NYN,NYC20,5,2,9,night,78,torf,6,overcast,none
NYN202306290,2023/06/29,MIL,NYN,NYC20,3,2,9,night,77,tolf,8,cloudy,none
NYN202306300,2023/06/30,SFN,NYN,NYC20,5,4,9,night,77,tolf,8,cloudy,none
NYN202307010,2023/07/01,SFN,NYN,NYC20,1,4,9,day,80,tolf,11,sunny,none
NYN202307020,2023/07/02,SFN,NYN,NYC20,4,8,9,night,75,tolf,3,cloudy,none
NYN202307140,2023/07/14,LAN,NYN,NYC20,6,0,9,night,82,tolf,9,cloudy,none
NYN202307150,2023/07/15,LAN,NYN,NYC20,5,1,9,night,79,tolf,3,overcast,drizzle
NYN202307160,2023/07/16,LAN,NYN,NYC20,1,2,10,night,79,tolf,7,cloudy,none
NYN202307180,2023/07/18,CHA,NYN,NYC20,10,11,9,night,80,tolf,7,sunny,none
NYN202307190,2023/07/19,CHA,NYN,NYC20,1,5,9,night,79,tolf,4,cloudy,none
NYN202307200,2023/07/20,CHA,NYN,NYC20,6,2,9,day,85,ltor,3,sunny,none
NYN202307270,2023/07/27,WAS,NYN,NYC20,1,2,9,night,90,torf,6,sunny,none
NYN202307280,2023/07/28,WAS,NYN,NYC20,1,5,9,night,87,tolf,7,cloudy,none
NYN202307290,2023/07/29,WAS,NYN,NYC20,11,6,9,night,79,torf,8,cloudy,none
NYN202307300,2023/07/30,WAS,NYN,NYC20,2,5,9,day,77,ltor,9,sunny,none
NYN202308070,2023/08/07,CHN,NYN,NYC20,2,11,9,night,78,tolf,15,cloudy,none
NYN202308080,2023/08/08,CHN,NYN,NYC20,3,2,9,night,77,torf,14,cloudy,none
NYN202308090,2023/08/09,CHN,NYN,NYC20,3,4,9,night,84,torf,10,cloudy,none
NYN202308110,2023/08/11,ATL,NYN,NYC20,7,0,9,night,82,torf,6,sunny,none
NYN202308121,2023/08/12,ATL,NYN,NYC20,21,3,9,day,83,tolf,9,cloudy,none
NYN202308122,2023/08/12,ATL,NYN,NYC20,6,0,9,night,79,tolf,9,cloudy,none
NYN202308130,2023/08/13,ATL,NYN,NYC20,6,7,9,night,85,torf,9,cloudy,none
NYN202308140,2023/08/14,PIT,NYN,NYC20,2,7,9,night,81,tolf,9,cloudy,none
NYN202308150,2023/08/15,PIT,NYN,NYC20,7,4,9,night,78,rtol,6,cloudy,none
NYN202308160,2023/08/16,PIT,NYN,NYC20,3,8,9,day,78,rtol,3,cloudy,none
NYN202308250,2023/08/25,ANA,NYN,NYC20,3,1,9,night,76,tolf,6,cloudy,none
NYN202308260,2023/08/26,ANA,NYN,NYC20,5,3,9,night,82,tolf,2,sunny,none
NYN202308270,2023/08/27,ANA,NYN,NYC20,2,3,9,day,79,fromlf,7,sunny,none
NYN202308280,2023/08/28,TEX,NYN,NYC20,4,3,9,night,73,rtol,7,cloudy,none
NYN202308290,2023/08/29,TEX,NYN,NYC20,2,1,9,night,76,rtol,6,cloudy,none
NYN202308300,2023/08/30,TEX,NYN,NYC20,5,6,10,night,81,ltor,11,cloudy,none
NYN202309010,2023/09/01,SEA,NYN,NYC20,1,2,9,night,72,tolf,6,sunny,none
NYN202309020,2023/09/02,SEA,NYN,NYC20,8,7,9,night,71,tolf,10,cloudy,none
NYN202309030,2023/09/03,SEA,NYN,NYC20,3,6,9,day,87,torf,3,sunny,none
NYN202309110,2023/09/11,ARI,NYN,NYC20,4,3,9,night,73,fromlf,3,cloudy,none
NYN202309120,2023/09/12,ARI,NYN,NYC20,4,7,9,night,78,tolf,6,cloudy,none
NYN202309130,2023/09/13,ARI,NYN,NYC20,1,7,9,night,77,ltor,3,cloudy,none
NYN202309140,2023/09/14,ARI,NYN,NYC20,1,11,9,day,78,fromlf,9,sunny,none
NYN202309150,2023/09/15,CIN,NYN,NYC20,5,3,9,night,67,fromlf,11,cloudy,none
NYN202309160,2023/09/16,CIN,NYN,NYC20,3,2,9,night,72,ltor,8,sunny,none
NYN202309170,2023/09/17,CIN,NYN,NYC20,4,8,9,day,77,tocf,5,sunny,none
NYN202309271,2023/09/27,MIA,NYN,NYC20,2,11,9,night,66,rtol,8,cloudy,none
NYN202309272,2023/09/27,MIA,NYN,NYC20,4,2,9,night,61,fromrf,5,sunny,none
NYN202309280,2023/09/28,MIA,NYN,NYC20,0,1,8,night,62,rtol,7,cloudy,none
NYN202309301,2023/09/30,PHI,NYN,NYC20,3,4,9,night,65,fromlf,9,cloudy,none
NYN202309302,2023/09/30,PHI,NYN,NYC20,4,11,9,night,63,fromlf,5,cloudy,none
NYN202310010,2023/10/01,PHI,NYN,NYC20,9,1,9,day,77,fromlf,10,sunny,none
PHI202304070,2023/04/07,CIN,PHI,PHI13,2,5,9,day,57,ltor,10,cloudy,none
PHI202304080,2023/04/08,CIN,PHI,PHI13,2,3,9,day,53,rtol,3,cloudy,none
PHI202304090,2023/04/09,CIN,PHI,PHI13,6,4,9,day,58,fromlf,5,sunny,none
PHI202304100,2023/04/10,MIA,PHI,PHI13,3,15,9,night,64,tocf,9,sunny,none
PHI202304110,2023/04/11,MIA,PHI,PHI13,8,4,9,night,70,ltor,13,cloudy,none
PHI202304120,2023/04/12,MIA,PHI,PHI13,3,2,10,day,84,torf,15,sunny,none
PHI202304200,2023/04/20,COL,PHI,PHI13,5,0,9,night,75,tolf,3,sunny,none
PHI202304210,2023/04/21,COL,PHI,PHI13,3,4,9,night,73,tolf,7,sunny,none
PHI202304220,2023/04/22,COL,PHI,PHI13,3,4,9,day,78,tocf,8,cloudy,none
PHI202304230,2023/04/23,COL,PHI,PHI13,3,9,9,day,63,ltor,13,sunny,none
PHI202304250,2023/04/25,SEA,PHI,PHI13,5,3,9,night,57,torf,6,cloudy,none
PHI202304260,2023/04/26,SEA,PHI,PHI13,5,6,9,night,54,fromlf,4,cloudy,none
PHI202304270,2023/04/27,SEA,PHI,PHI13,0,1,9,day,55,rtol,5,cloudy,none
PHI202305050,2023/05/05,BOS,PHI,PHI13,5,3,9,night,59,tocf,6,cloudy,none
PHI202305060,2023/05/06,BOS,PHI,PHI13,7,4,9,night,72,ltor,7,cloudy,none
PHI202305070,2023/05/07,BOS,PHI,PHI13,1,6,9,day,76,tocf,9,cloudy,none
PHI202305090,2023/05/09,TOR,PHI,PHI13,4,8,9,night,70,torf,3,sunny,none
PHI202305100,2023/05/10,TOR,PHI,PHI13,1,2,10,day,72,tocf,6,sunny,none
PHI202305190,2023/05/19,CHN,PHI,PHI13,10,1,9,night,69,fromlf,11,cloudy,none
PHI202305200,2023/05/20,CHN,PHI,PHI13,3,12,9,day,69,tocf,2,cloudy,none
PHI202305210,2023/05/21,CHN,PHI,PHI13,1,2,9,day,70,fromlf,11,cloudy,none
PHI202305220,2023/05/22,ARI,PHI,PHI13,6,3,9,night,77,rtol,7,cloudy,none
PHI202305230,2023/05/23,ARI,PHI,PHI13,4,3,9,night,69,fromrf,10,sunny,none
PHI202305240,2023/05/24,ARI,PHI,PHI13,5,6,10,day,77,tocf,4,sunny,none
PHI202306050,2023/06/05,DET,PHI,PHI13,3,8,9,night,76,fromlf,11,cloudy,none
PHI202306060,2023/06/06,DET,PHI,PHI13,0,1,9,night,75,ltor,12,cloudy,none
PHI202306080,2023/06/08,DET,PHI,PHI13,2,3,9,night,75,ltor,7,overcast,none
PHI202306090,2023/06/09,LAN,PHI,PHI13,4,5,9,night,73,ltor,11,cloudy,none
PHI202306100,2023/06/10,LAN,PHI,PHI13,9,0,9,day,82,fromlf,10,cloudy,none
PHI202306110,2023/06/11,LAN,PHI,PHI13,3,7,9,day,86,ltor,8,sunny,none
PHI202306200,2023/06/20,ATL,PHI,PHI13,4,2,9,night,75,rtol,12,cloudy,none
PHI202306220,2023/06/22,ATL,PHI,PHI13,5,1,10,day,65,fromrf,13,cloudy,none
PHI202306230,2023/06/23,NYN,PHI,PHI13,1,5,9,night,72,rtol,6,overcast,none
PHI202306240,2023/06/24,NYN,PHI,PHI13,4,2,9,day,78,tocf,7,cloudy,none
PHI202306250,2023/06/25,NYN,PHI,PHI13,6,7,9,day,88,tolf,5,cloudy,none
PHI202306300,2023/06/30,WAS,PHI,PHI13,2,1,9,night,85,tocf,3,overcast,none
PHI202307010,2023/07/01,WAS,PHI,PHI13,4,19,9,day,86,tocf,11,cloudy,none
PHI202307020,2023/07/02,WAS,PHI,PHI13,5,4,9,day,87,tocf,7,cloudy,none
PHI202307140,2023/07/14,SDN,PHI,PHI13,8,3,9,night,87,torf,8,cloudy,none
PHI202307151,2023/07/15,SDN,PHI,PHI13,4,6,9,day,90,tocf,6,sunny,none
PHI202307152,2023/07/15,SDN,PHI,PHI13,4,9,9,night,86,tocf,11,cloudy,none
PHI202307160,2023/07/16,SDN,PHI,PHI13,6,7,12,day,77,unknown,3,cloudy,none
PHI202307180,2023/07/18,MIL,PHI,PHI13,3,4,9,night,89,ltor,12,cloudy,none
PHI202307190,2023/07/19,MIL,PHI,PHI13,5,3,9,night,82,tocf,3,cloudy,none
PHI202307200,2023/07/20,MIL,PHI,PHI13,4,0,9,day,84,tolf,4,cloudy,none
PHI202307240,2023/07/24,BAL,PHI,PHI13,3,2,9,night,85,tocf,11,cloudy,none
PHI202307250,2023/07/25,BAL,PHI,PHI13,3,4,9,night,72,unknown,4,cloudy,none
PHI202307260,2023/07/26,BAL,PHI,PHI13,4,6,9,night,89,torf,7,sunny,none
PHI202308040,2023/08/04,KCA,PHI,PHI13,7,5,9,night,76,tocf,7,cloudy,none
PHI202308050,2023/08/05,KCA,PHI,PHI13,6,9,9,night,86,fromlf,7,cloudy,none
PHI202308060,2023/08/06,KCA,PHI,PHI13,4,8,9,day,87,tocf,6,cloudy,none
PHI202308081,2023/08/08,WAS,PHI,PHI13,4,8,9,night,79,ltor,15,cloudy,none
PHI202308082,2023/08/08,WAS,PHI,PHI13,5,4,9,night,81,ltor,14,cloudy,none
PHI202308090,2023/08/09,WAS,PHI,PHI13,0,7,9,night,86,torf,11,cloudy,none
PHI202308100,2023/08/10,WAS,PHI,PHI13,2,6,9,night,74,torf,6,cloudy,none
PHI202308110,2023/08/11,MIN,PHI,PHI13,2,13,9,night,84,torf,10,cloudy,none
PHI202308120,2023/08/12,MIN,PHI,PHI13,8,1,9,night,84,torf,8,cloudy,none
PHI202308130,2023/08/13,MIN,PHI,PHI13,3,0,9,day,86,ltor,13,cloudy,none
PHI202308210,2023/08/21,SFN,PHI,PHI13,4,10,9,night,88,fromcf,9,cloudy,none
PHI202308220,2023/08/22,SFN,PHI,PHI13,3,4,9,night,79,fromcf,11,sunny,none
PHI202308230,2023/08/23,SFN,PHI,PHI13,8,6,10,day,82,torf,4,cloudy,none
PHI202308250,2023/08/25,SLN,PHI,PHI13,2,7,9,night,85,ltor,4,cloudy,none
PHI202308260,2023/08/26,SLN,PHI,PHI13,1,12,9,night,85,fromcf,8,cloudy,none
PHI202308270,2023/08/27,SLN,PHI,PHI13,0,3,9,day,86,tolf,7,sunny,none
PHI202308280,2023/08/28,ANA,PHI,PHI13,4,6,9,night,77,rtol,9,cloudy,none
PHI202308290,2023/08/29,ANA,PHI,PHI13,7,12,9,night,78,tolf,5,cloudy,none
PHI202308300,2023/08/30,ANA,PHI,PHI13,10,8,9,day,83,fromlf,6,cloudy,none
PHI202309080,2023/09/08,MIA,PHI,PHI13,3,2,9,night,80,tolf,11,cloudy,none
PHI202309090,2023/09/09,MIA,PHI,PHI13,4,8,9,night,73,rtol,5,cloudy,none
PHI202309100,2023/09/10,MIA,PHI,PHI13,5,4,9,day,74,rtol,3,cloudy,none
PHI202309111,2023/09/11,ATL,PHI,PHI13,10,8,10,day,78,tocf,4,sunny,none
PHI202309112,2023/09/11,ATL,PHI,PHI13,5,7,9,night,76,ltor,8,cloudy,none
PHI202309120,2023/09/12,ATL,PHI,PHI13,7,6,10,night,83,tocf,4,cloudy,none
PHI202309130,2023/09/13,ATL,PHI,PHI13,4,1,9,night,81,torf,7,cloudy,none
PHI202309210,2023/09/21,NYN,PHI,PHI13,4,5,9,night,69,fromcf,7,cloudy,none
PHI202309220,2023/09/22,NYN,PHI,PHI13,4,5,10,night,66,fromrf,14,cloudy,none
PHI202309230,2023/09/23,NYN,PHI,PHI13,5,7,9,day,61,fromrf,19,cloudy,none
PHI202309240,2023/09/24,NYN,PHI,PHI13,2,5,9,night,66,tocf,11,cloudy,none
PHI202309260,2023/09/26,PIT,PHI,PHI13,2,3,10,night,59,tolf,11,cloudy,none
PHI202309270,2023/09/27,PIT,PHI,PHI13,6,7,9,night,64,fromrf,10,cloudy,none
PHI202309280,2023/09/28,PIT,PHI,PHI13,3,2,9,night,62,fromrf,12,cloudy,none
PIT202304070,2023/04/07,CHA,PIT,PIT08,9,13,9,day,53,tocf,7,cloudy,none
PIT202304080,2023/04/08,CHA,PIT,PIT08,11,5,9,night,51,fromlf,4,cloudy,none
PIT202304090,2023/04/09,CHA,PIT,PIT08,0,1,9,day,56,fromcf,8,sunny,none
PIT202304100,2023/04/10,HOU,PIT,PIT08,8,2,9,night,69,tolf,3,sunny,none
PIT202304110,2023/04/11,HOU,PIT,PIT08,4,7,9,night,72,tocf,13,sunny,none
PIT202304120,2023/04/12,HOU,PIT,PIT08,7,0,9,day,77,tolf,13,sunny,none
PIT202304200,2023/04/20,CIN,PIT,PIT08,3,4,9,night,83,tolf,12,cloudy,none
PIT202304210,2023/04/21,CIN,PIT,PIT08,2,4,9,night,82,tolf,11,sunny,none
PIT202304220,2023/04/22,CIN,PIT,PIT08,1,2,9,night,56,tolf,9,cloudy,none
PIT202304230,2023/04/23,CIN,PIT,PIT08,0,2,9,day,47,tolf,12,cloudy,none
PIT202304250,2023/04/25,LAN,PIT,PIT08,8,7,9,night,56,tocf,6,cloudy,none
PIT202304260,2023/04/26,LAN,PIT,PIT08,1,8,9,night,61,fromlf,11,sunny,none
PIT202304270,2023/04/27,LAN,PIT,PIT08,2,6,9,day,60,fromcf,6,sunny,none
PIT202305050,2023/05/05,TOR,PIT,PIT08,4,0,9,night,67,unknown,5,cloudy,none
PIT202305060,2023/05/06,TOR,PIT,PIT08,8,2,9,night,72,fromlf,3,cloudy,none
PIT202305070,2023/05/07,TOR,PIT,PIT08,10,1,9,day,60,tocf,9,cloudy,none
PIT202305080,2023/05/08,COL,PIT,PIT08,0,2,9,night,71,torf,6,overcast,none
PIT202305090,2023/05/09,COL,PIT,PIT08,10,1,9,night,72,tolf,12,sunny,none
PIT202305100,2023/05/10,COL,PIT,PIT08,4,3,9,day,66,fromcf,8,overcast,snow
PIT202305190,2023/05/19,ARI,PIT,PIT08,3,13,9,night,74,tolf,9,cloudy,none
PIT202305200,2023/05/20,ARI,PIT,PIT08,4,3,9,day,62,unknown,7,overcast,none
PIT202305210,2023/05/21,ARI,PIT,PIT08,8,3,9,day,71,tocf,5,sunny,none
PIT202305220,2023/05/22,TEX,PIT,PIT08,4,6,9,night,77,tolf,2,cloudy,none
PIT202305230,2023/05/23,TEX,PIT,PIT08,6,1,9,night,77,fromcf,8,cloudy,none
PIT202305240,2023/05/24,TEX,PIT,PIT08,3,2,9,day,70,tocf,7,sunny,none
PIT202306020,2023/06/02,SLN,PIT,PIT08,5,7,9,night,90,fromcf,7,cloudy,none
PIT202306030,2023/06/03,SLN,PIT,PIT08,3,4,9,day,90,ltor,8,cloudy,none
PIT202306040,2023/06/04,SLN,PIT,PIT08,1,2,9,day,73,fromcf,9,cloudy,none
PIT202306050,2023/06/05,OAK,PIT,PIT08,4,5,9,night,73,tocf,7,sunny,none
PIT202306060,2023/06/06,OAK,PIT,PIT08,11,2,9,night,76,torf,13,cloudy,none
PIT202306070,2023/06/07,OAK,PIT,PIT08,9,5,9,day,69,tocf,4,sunny,none
PIT202306090,2023/06/09,NYN,PIT,PIT08,7,14,9,night,70,tocf,8,cloudy,none
PIT202306100,2023/06/10,NYN,PIT,PIT08,5,1,9,day,81,tolf,10,cloudy,none
PIT202306110,2023/06/11,NYN,PIT,PIT08,1,2,9,day,81,tolf,8,cloudy,none
PIT202306190,2023/06/19,CHN,PIT,PIT08,8,0,9,night,85,fromlf,5,cloudy,none
PIT202306200,2023/06/20,CHN,PIT,PIT08,4,0,9,night,77,fromlf,9,cloudy,none
PIT202306210,2023/06/21,CHN,PIT,PIT08,8,3,9,day,77,ltor,11,sunny,none
PIT202306270,2023/06/27,SDN,PIT,PIT08,4,9,9,night,68,tocf,10,cloudy,none
PIT202306280,2023/06/28,SDN,PIT,PIT08,1,7,9,night,73,tocf,6,overcast,none
PIT202306290,2023/06/29,SDN,PIT,PIT08,4,5,9,day,78,fromcf,3,overcast,none
PIT202306300,2023/06/30,MIL,PIT,PIT08,7,8,9,night,83,tolf,8,cloudy,none
PIT202307010,2023/07/01,MIL,PIT,PIT08,11,8,9,day,80,rtol,7,cloudy,none
PIT202307020,2023/07/02,MIL,PIT,PIT08,6,3,9,day,73,rtol,11,overcast,drizzle
PIT202307140,2023/07/14,SFN,PIT,PIT08,6,4,9,night,85,tolf,6,cloudy,none
PIT202307150,2023/07/15,SFN,PIT,PIT08,3,1,9,night,86,tolf,7,overcast,none
PIT202307160,2023/07/16,SFN,PIT,PIT08,8,4,10,day,79,tolf,9,cloudy,none
PIT202307170,2023/07/17,CLE,PIT,PIT08,11,0,9,night,67,rtol,9,overcast,drizzle
PIT202307180,2023/07/18,CLE,PIT,PIT08,10,1,9,night,80,tolf,8,cloudy,none
PIT202307190,2023/07/19,CLE,PIT,PIT08,5,7,9,day,75,tolf,4,cloudy,none
PIT202307280,2023/07/28,PHI,PIT,PIT08,2,1,9,night,90,tocf,7,cloudy,none
PIT202307290,2023/07/29,PHI,PIT,PIT08,6,7,9,night,79,tolf,10,cloudy,none
PIT202307300,2023/07/30,PHI,PIT,PIT08,4,6,10,day,70,tolf,2,cloudy,none
PIT202308010,2023/08/01,DET,PIT,PIT08,1,4,9,night,75,tocf,6,cloudy,none
PIT202308020,2023/08/02,DET,PIT,PIT08,6,3,9,day,73,fromrf,3,cloudy,none
PIT202308070,2023/08/07,ATL,PIT,PIT08,6,7,9,night,74,rtol,10,cloudy,none
PIT202308080,2023/08/08,ATL,PIT,PIT08,8,6,9,night,81,tolf,12,cloudy,none
PIT202308090,2023/08/09,ATL,PIT,PIT08,6,5,9,night,81,tolf,10,cloudy,none
PIT202308100,2023/08/10,ATL,PIT,PIT08,5,7,9,day,73,tocf,6,overcast,none
PIT202308110,2023/08/11,CIN,PIT,PIT08,9,2,9,night,83,tolf,7,cloudy,none
PIT202308131,2023/08/13,CIN,PIT,PIT08,2,4,9,day,79,tolf,9,cloudy,none
PIT202308132,2023/08/13,CIN,PIT,PIT08,6,5,10,night,82,rtol,8,cloudy,none
PIT202308210,2023/08/21,SLN,PIT,PIT08,1,11,9,night,86,unknown,7,cloudy,none
PIT202308220,2023/08/22,SLN,PIT,PIT08,3,6,9,night,76,fromlf,7,cloudy,none
PIT202308230,2023/08/23,SLN,PIT,PIT08,6,4,9,day,76,torf,6,cloudy,none
PIT202308240,2023/08/24,CHN,PIT,PIT08,5,4,10,night,84,unknown,5,cloudy,none
PIT202308250,2023/08/25,CHN,PIT,PIT08,1,2,9,night,80,tolf,9,cloudy,none
PIT202308260,2023/08/26,CHN,PIT,PIT08,10,6,9,night,79,tocf,6,cloudy,none
PIT202308270,2023/08/27,CHN,PIT,PIT08,10,1,9,day,73,ltor,3,cloudy,none
PIT202309040,2023/09/04,MIL,PIT,PIT08,2,4,9,night,86,tocf,10,cloudy,none
PIT202309050,2023/09/05,MIL,PIT,PIT08,7,3,9,night,90,tocf,5,cloudy,none
PIT202309060,2023/09/06,MIL,PIT,PIT08,4,5,9,day,87,tolf,5,sunny,none
PIT202309110,2023/09/11,WAS,PIT,PIT08,6,2,9,night,77,tocf,3,sunny,none
PIT202309120,2023/09/12,WAS,PIT,PIT08,1,5,9,night,66,unknown,4,cloudy,none
PIT202309130,2023/09/13,WAS,PIT,PIT08,6,7,9,night,70,torf,8,cloudy,none
PIT202309140,2023/09/14,WAS,PIT,PIT08,0,2,9,day,67,unknown,6,cloudy,none
PIT202309150,2023/09/15,NYA,PIT,PIT08,7,5,9,night,70,fromlf,5,sunny,none
PIT202309160,2023/09/16,NYA,PIT,PIT08,6,3,9,night,71,unknown,5,sunny,none
PIT202309170,2023/09/17,NYA,PIT,PIT08,2,3,9,day,62,fromrf,4,overcast,rain
PIT202309290,2023/09/29,MIA,PIT,PIT08,4,3,9,night,76,unknown,3,cloudy,none
PIT202309300,2023/09/30,MIA,PIT,PIT08,7,3,9,night,75,fromlf,7,cloudy,none
PIT202310010,2023/10/01,MIA,PIT,PIT08,0,3,9,day,80,fromlf,5,sunny,none
SDN202303300,2023/03/30,COL,SDN,SAN02,7,2,9,night,56,ltor,7,cloudy,none
SDN202303310,2023/03/31,COL,SDN,SAN02,4,1,9,night,58,ltor,8,cloudy,none
SDN202304010,2023/04/01,COL,SDN,SAN02,4,8,9,night,60,ltor,12,sunny,none
SDN202304020,2023/04/02,COL,SDN,SAN02,1,3,9,day,62,ltor,8,sunny,none
SDN202304030,2023/04/03,ARI,SDN,SAN02,4,5,9,night,56,torf,16,cloudy,none
SDN202304040,2023/04/04,ARI,SDN,SAN02,8,6,9,day,57,ltor,13,sunny,none
SDN202304130,2023/04/13,MIL,SDN,SAN02,4,3,10,night,55,ltor,8,cloudy,none
SDN202304140,2023/04/14,MIL,SDN,SAN02,11,2,9,night,59,ltor,8,cloudy,none
SDN202304150,2023/04/15,MIL,SDN,SAN02,3,10,9,day,64,ltor,9,sunny,none
SDN202304160,2023/04/16,MIL,SDN,SAN02,1,0,9,day,62,ltor,7,overcast,none
SDN202304170,2023/04/17,ATL,SDN,SAN02,2,0,9,night,58,ltor,6,cloudy,none
SDN202304180,2023/04/18,ATL,SDN,SAN02,8,1,9,night,60,ltor,9,cloudy,none
SDN202304190,2023/04/19,ATL,SDN,SAN02,0,1,9,day,64,ltor,11,cloudy,none
SDN202304290,2023/04/29,SFN,SDN,MEX02,11,16,9,night,81,torf,9,cloudy,none
SDN202304300,2023/04/30,SFN,SDN,MEX02,4,6,9,day,80,fromcf,5,sunny,none
SDN202305010,2023/05/01,CIN,SDN,SAN02,3,8,9,night,60,rtol,10,cloudy,none
SDN202305020,2023/05/02,CIN,SDN,SAN02,2,1,10,night,61,ltor,10,cloudy,none
SDN202305030,2023/05/03,CIN,SDN,SAN02,1,7,9,day,63,ltor,9,cloudy,none
SDN202305050,2023/05/05,LAN,SDN,SAN02,2,5,9,night,63,ltor,9,sunny,none
SDN202305060,2023/05/06,LAN,SDN,SAN02,2,1,9,night,63,ltor,14,sunny,none
SDN202305070,2023/05/07,LAN,SDN,SAN02,5,2,10,day,67,fromlf,11,sunny,none
SDN202305150,2023/05/15,KCA,SDN,SAN02,0,4,9,night,63,ltor,6,cloudy,none
SDN202305160,2023/05/16,KCA,SDN,SAN02,5,4,9,night,65,ltor,9,sunny,none
SDN202305170,2023/05/17,KCA,SDN,SAN02,4,3,9,day,62,ltor,7,cloudy,none
SDN202305190,2023/05/19,BOS,SDN,SAN02,6,1,9,night,62,ltor,8,cloudy,none
SDN202305200,2023/05/20,BOS,SDN,SAN02,4,2,9,night,63,unknown,7,overcast,none
SDN202305210,2023/05/21,BOS,SDN,SAN02,0,7,9,day,68,ltor,8,cloudy,none
SDN202306020,2023/06/02,CHN,SDN,SAN02,2,1,9,night,66,ltor,9,cloudy,none
SDN202306030,2023/06/03,CHN,SDN,SAN02,0,6,9,night,65,ltor,9,cloudy,none
SDN202306040,2023/06/04,CHN,SDN,SAN02,7,1,9,day,66,unknown,8,sunny,none
SDN202306050,2023/06/05,CHN,SDN,SAN02,0,5,9,night,63,ltor,8,cloudy,none
SDN202306060,2023/06/06,SEA,SDN,SAN02,4,1,9,night,65,ltor,11,cloudy,none
SDN202306070,2023/06/07,SEA,SDN,SAN02,3,10,9,day,66,ltor,9,cloudy,none
SDN202306130,2023/06/13,CLE,SDN,SAN02,3,6,9,night,65,ltor,11,cloudy,none
SDN202306140,2023/06/14,CLE,SDN,SAN02,0,5,9,night,66,ltor,8,cloudy,none
SDN202306150,2023/06/15,CLE,SDN,SAN02,8,6,9,night,68,ltor,9,cloudy,none
SDN202306160,2023/06/16,TBA,SDN,SAN02,6,2,9,night,68,ltor,9,cloudy,none
SDN202306170,2023/06/17,TBA,SDN,SAN02,0,2,9,day,70,ltor,15,sunny,none
SDN202306180,2023/06/18,TBA,SDN,SAN02,4,5,9,day,68,ltor,8,cloudy,none
SDN202306230,2023/06/23,WAS,SDN,SAN02,3,13,9,night,66,ltor,11,sunny,none
SDN202306240,2023/06/24,WAS,SDN,SAN02,2,0,9,night,68,ltor,11,sunny,none
SDN202306250,2023/06/25,WAS,SDN,SAN02,8,3,9,day,70,ltor,10,sunny,none
SDN202307030,2023/07/03,ANA,SDN,SAN02,3,10,9,night,68,ltor,10,sunny,none
SDN202307040,2023/07/04,ANA,SDN,SAN02,5,8,9,day,71,ltor,10,sunny,none
SDN202307050,2023/07/05,ANA,SDN,SAN02,3,5,9,night,68,ltor,10,sunny,none
SDN202307070,2023/07/07,NYN,SDN,SAN02,7,5,10,night,67,unknown,8,cloudy,none
SDN202307080,2023/07/08,NYN,SDN,SAN02,1,3,9,night,65,ltor,8,cloudy,none
SDN202307090,2023/07/09,NYN,SDN,SAN02,2,6,9,day,70,ltor,6,sunny,none
SDN202307240,2023/07/24,PIT,SDN,SAN02,8,4,9,night,72,ltor,8,sunny,none
SDN202307250,2023/07/25,PIT,SDN,SAN02,1,5,9,night,75,ltor,6,sunny,none
SDN202307260,2023/07/26,PIT,SDN,SAN02,3,2,9,day,81,ltor,8,sunny,none
SDN202307280,2023/07/28,TEX,SDN,SAN02,1,7,9,night,73,ltor,5,sunny,none
SDN202307290,2023/07/29,TEX,SDN,SAN02,0,4,9,night,74,ltor,7,sunny,none
SDN202307300,2023/07/30,TEX,SDN,SAN02,3,5,9,day,77,ltor,4,cloudy,none
SDN202308040,2023/08/04,LAN,SDN,SAN02,10,5,9,night,72,ltor,8,sunny,none
SDN202308050,2023/08/05,LAN,SDN,SAN02,3,8,9,night,74,ltor,8,sunny,none
SDN202308060,2023/08/06,LAN,SDN,SAN02,8,2,9,day,74,ltor,8,sunny,none
SDN202308070,2023/08/07,LAN,SDN,SAN02,13,7,9,day,76,ltor,8,sunny,none
SDN202308140,2023/08/14,BAL,SDN,SAN02,4,1,9,night,69,ltor,8,cloudy,none
SDN202308150,2023/08/15,BAL,SDN,SAN02,3,10,9,night,73,ltor,9,cloudy,none
SDN202308160,2023/08/16,BAL,SDN,SAN02,2,5,9,night,76,ltor,10,sunny,none
SDN202308170,2023/08/17,ARI,SDN,SAN02,3,1,9,night,71,ltor,10,sunny,none
SDN202308180,2023/08/18,ARI,SDN,SAN02,0,4,9,night,72,ltor,7,sunny,none
SDN202308191,2023/08/19,ARI,SDN,SAN02,6,4,9,day,71,ltor,7,overcast,none
SDN202308192,2023/08/19,ARI,SDN,SAN02,8,1,9,night,72,ltor,7,overcast,none
SDN202308210,2023/08/21,MIA,SDN,SAN02,2,6,9,night,72,ltor,6,overcast,none
SDN202308220,2023/08/22,MIA,SDN,SAN02,3,0,9,night,73,ltor,9,sunny,none
SDN202308230,2023/08/23,MIA,SDN,SAN02,0,4,9,day,74,ltor,9,sunny,none
SDN202308310,2023/08/31,SFN,SDN,SAN02,7,2,9,night,71,ltor,6,cloudy,none
SDN202309010,2023/09/01,SFN,SDN,SAN02,3,7,9,night,72,ltor,10,cloudy,none
SDN202309020,2023/09/02,SFN,SDN,SAN02,1,6,9,night,76,ltor,6,sunny,none
SDN202309030,2023/09/03,SFN,SDN,SAN02,0,4,9,day,75,ltor,8,cloudy,none
SDN202309040,2023/09/04,PHI,SDN,SAN02,9,7,9,day,74,ltor,12,cloudy,none
SDN202309050,2023/09/05,PHI,SDN,SAN02,0,8,9,night,71,ltor,7,cloudy,none
SDN202309060,2023/09/06,PHI,SDN,SAN02,5,1,9,day,74,ltor,9,sunny,none
SDN202309180,2023/09/18,COL,SDN,SAN02,9,11,9,night,70,ltor,9,sunny,none
SDN202309190,2023/09/19,COL,SDN,SAN02,0,2,9,night,69,ltor,6,cloudy,none
SDN202309200,2023/09/20,COL,SDN,SAN02,2,3,9,day,72,ltor,7,cloudy,none
SDN202309220,2023/09/22,SLN,SDN,SAN02,2,4,9,night,67,ltor,7,cloudy,none
SDN202309230,2023/09/23,SLN,SDN,SAN02,5,2,11,night,70,ltor,9,sunny,none
SDN202309240,2023/09/24,SLN,SDN,SAN02,2,12,9,day,72,ltor,13,sunny,none
SFN202304070,2023/04/07,KCA,SFN,SFO03,3,1,9,day,57,rtol,12,cloudy,none
SFN202304080,2023/04/08,KCA,SFN,SFO03,6,5,9,day,59,unknown,6,overcast,none
SFN202304090,2023/04/09,KCA,SFN,SFO03,1,3,9,day,65,torf,7,cloudy,none
SFN202304100,2023/04/10,LAN,SFN,SFO03,9,1,9,night,55,tocf,12,cloudy,none
SFN202304110,2023/04/11,LAN,SFN,SFO03,0,5,9,night,56,unknown,23,cloudy,none
SFN202304120,2023/04/12,LAN,SFN,SFO03,10,5,9,night,55,torf,19,sunny,none
SFN202304200,2023/04/20,NYN,SFN,SFO03,9,4,9,night,59,tocf,12,sunny,none
SFN202304210,2023/04/21,NYN,SFN,SFO03,7,0,9,night,62,tocf,8,cloudy,none
SFN202304220,2023/04/22,NYN,SFN,SFO03,4,7,9,day,66,tocf,12,sunny,none
SFN202304230,2023/04/23,NYN,SFN,SFO03,4,5,9,day,61,tocf,18,cloudy,none
SFN202304240,2023/04/24,SLN,SFN,SFO03,0,4,9,night,58,tocf,15,cloudy,none
SFN202304250,2023/04/25,SLN,SFN,SFO03,4,5,9,night,63,tocf,16,sunny,none
SFN202304260,2023/04/26,SLN,SFN,SFO03,3,7,9,night,62,tocf,11,cloudy,none
SFN202304270,2023/04/27,SLN,SFN,SFO03,6,0,9,day,67,unknown,5,sunny,none
SFN202305050,2023/05/05,MIL,SFN,SFO03,4,6,9,night,55,unknown,12,cloudy,none
SFN202305060,2023/05/06,MIL,SFN,SFO03,1,4,9,day,59,tocf,16,cloudy,none
SFN202305070,2023/05/07,MIL,SFN,SFO03,7,3,9,day,60,tocf,7,cloudy,none
SFN202305080,2023/05/08,WAS,SFN,SFO03,5,1,9,night,57,tocf,16,cloudy,none
SFN202305090,2023/05/09,WAS,SFN,SFO03,1,4,9,night,57,tocf,17,cloudy,none
SFN202305100,2023/05/10,WAS,SFN,SFO03,11,6,9,day,57,tocf,15,cloudy,none
SFN202305150,2023/05/15,PHI,SFN,SFO03,3,6,9,night,60,tocf,13,sunny,none
SFN202305160,2023/05/16,PHI,SFN,SFO03,3,4,9,night,64,tocf,15,sunny,none
SFN202305170,2023/05/17,PHI,SFN,SFO03,4,7,9,day,60,unknown,12,sunny,none
SFN202305190,2023/05/19,MIA,SFN,SFO03,3,4,9,night,57,tocf,16,cloudy,none
SFN202305200,2023/05/20,MIA,SFN,SFO03,1,0,9,day,58,tocf,17,cloudy,none
SFN202305210,2023/05/21,MIA,SFN,SFO03,5,7,9,day,63,tocf,10,sunny,none
SFN202305290,2023/05/29,PIT,SFN,SFO03,4,14,9,day,64,tocf,15,cloudy,none
SFN202305300,2023/05/30,PIT,SFN,SFO03,2,1,9,night,60,unknown,17,sunny,none
SFN202305310,2023/05/31,PIT,SFN,SFO03,9,4,9,day,60,unknown,14,cloudy,none
SFN202306020,2023/06/02,BAL,SFN,SFO03,3,2,9,night,60,unknown,15,sunny,none
SFN202306030,2023/06/03,BAL,SFN,SFO03,0,4,9,night,62,tocf,15,cloudy,none
SFN202306040,2023/06/04,BAL,SFN,SFO03,8,3,9,day,62,tocf,9,sunny,none
SFN202306090,2023/06/09,CHN,SFN,SFO03,3,2,9,night,60,tocf,16,cloudy,none
SFN202306100,2023/06/10,CHN,SFN,SFO03,4,0,9,day,60,tocf,10,cloudy,none
SFN202306110,2023/06/11,CHN,SFN,SFO03,3,13,9,day,61,tocf,9,cloudy,none
SFN202306190,2023/06/19,SDN,SFN,SFO03,4,7,10,night,61,tocf,21,sunny,none
SFN202306200,2023/06/20,SDN,SFN,SFO03,3,4,9,night,61,tocf,20,sunny,none
SFN202306210,2023/06/21,SDN,SFN,SFO03,2,4,9,night,59,unknown,18,sunny,none
SFN202306220,2023/06/22,SDN,SFN,SFO03,10,0,9,day,61,tocf,11,cloudy,none
SFN202306230,2023/06/23,ARI,SFN,SFO03,5,8,9,night,60,tocf,15,cloudy,none
SFN202306240,2023/06/24,ARI,SFN,SFO03,6,7,9,day,62,tocf,14,cloudy,none
SFN202306250,2023/06/25,ARI,SFN,SFO03,5,2,9,day,59,tocf,13,cloudy,none
SFN202307030,2023/07/03,SEA,SFN,SFO03,6,5,9,night,60,unknown,16,sunny,none
SFN202307040,2023/07/04,SEA,SFN,SFO03,6,0,9,day,69,tocf,11,sunny,none
SFN202307050,2023/07/05,SEA,SFN,SFO03,0,2,9,night,62,unknown,12,cloudy,none
SFN202307070,2023/07/07,COL,SFN,SFO03,5,2,9,night,60,tocf,18,sunny,none
SFN202307080,2023/07/08,COL,SFN,SFO03,3,5,9,day,62,tocf,20,cloudy,none
SFN202307090,2023/07/09,COL,SFN,SFO03,0,1,9,day,60,tocf,17,cloudy,none
SFN202307250,2023/07/25,OAK,SFN,SFO03,1,2,9,night,67,tocf,15,cloudy,none
SFN202307260,2023/07/26,OAK,SFN,SFO03,3,8,9,night,61,tocf,16,cloudy,none
SFN202307280,2023/07/28,BOS,SFN,SFO03,3,2,9,night,62,tocf,16,sunny,none
SFN202307290,2023/07/29,BOS,SFN,SFO03,2,3,9,day,65,unknown,17,sunny,none
SFN202307300,2023/07/30,BOS,SFN,SFO03,3,4,11,day,65,unknown,9,cloudy,none
SFN202307310,2023/07/31,ARI,SFN,SFO03,4,3,11,night,62,tocf,16,cloudy,none
SFN202308010,2023/08/01,ARI,SFN,SFO03,3,4,9,night,60,tocf,16,overcast,none
SFN202308020,2023/08/02,ARI,SFN,SFO03,2,4,9,night,61,tocf,17,cloudy,none
SFN202308030,2023/08/03,ARI,SFN,SFO03,0,1,9,day,62,tocf,15,overcast,none
SFN202308110,2023/08/11,TEX,SFN,SFO03,2,1,9,night,64,unknown,15,cloudy,none
SFN202308120,2023/08/12,TEX,SFN,SFO03,9,3,9,night,67,tocf,16,sunny,none
SFN202308130,2023/08/13,TEX,SFN,SFO03,2,3,10,day,72,unknown,7,sunny,none
SFN202308140,2023/08/14,TBA,SFN,SFO03,10,2,9,night,68,unknown,14,cloudy,none
SFN202308150,2023/08/15,TBA,SFN,SFO03,0,7,9,night,67,tocf,14,cloudy,none
SFN202308160,2023/08/16,TBA,SFN,SFO03,6,1,9,day,71,tocf,8,cloudy,none
SFN202308250,2023/08/25,ATL,SFN,SFO03,5,1,9,night,64,unknown,16,sunny,none
SFN202308260,2023/08/26,ATL,SFN,SFO03,7,3,9,day,64,tocf,8,cloudy,none
SFN202308270,2023/08/27,ATL,SFN,SFO03,5,8,9,day,70,unknown,17,sunny,none
SFN202308280,2023/08/28,CIN,SFN,SFO03,1,4,9,night,67,tocf,17,sunny,none
SFN202308290,2023/08/29,CIN,SFN,SFO03,1,6,9,night,74,unknown,15,sunny,none
SFN202308300,2023/08/30,CIN,SFN,SFO03,4,1,9,day,73,tocf,6,sunny,none
SFN202309080,2023/09/08,COL,SFN,SFO03,8,9,9,night,63,unknown,14,sunny,none
SFN202309090,2023/09/09,COL,SFN,SFO03,1,9,9,night,67,tocf,14,cloudy,none
SFN202309100,2023/09/10,COL,SFN,SFO03,3,6,9,night,67,tocf,15,sunny,none
SFN202309110,2023/09/11,CLE,SFN,SFO03,4,5,10,night,65,unknown,12,sunny,none
SFN202309120,2023/09/12,CLE,SFN,SFO03,3,1,9,night,64,unknown,15,sunny,none
SFN202309130,2023/09/13,CLE,SFN,SFO03,5,6,10,day,66,tocf,7,sunny,none
SFN202309250,2023/09/25,SDN,SFN,SFO03,1,2,9,night,68,unknown,14,sunny,none
SFN202309260,2023/09/26,SDN,SFN,SFO03,4,0,9,night,64,unknown,16,sunny,none
SFN202309270,2023/09/27,SDN,SFN,SFO03,5,2,10,night,62,tocf,19,cloudy,none
SFN202309290,2023/09/29,LAN,SFN,SFO03,6,2,9,night,62,tocf,15,cloudy,none
SFN202309300,2023/09/30,LAN,SFN,SFO03,1,2,9,night,65,tocf,8,overcast,none
SFN202310010,2023/10/01,LAN,SFN,SFO03,5,2,9,day,64,tocf,5,cloudy,none
SLN202303300,2023/03/30,TOR,SLN,STL10,10,9,9,day,70,tolf,16,sunny,none
SLN202304010,2023/04/01,TOR,SLN,STL10,1,4,9,day,46,torf,23,cloudy,none
SLN202304020,2023/04/02,TOR,SLN,STL10,4,9,9,day,63,fromrf,13,sunny,none
SLN202304030,2023/04/03,ATL,SLN,STL10,8,4,9,night,77,rtol,15,sunny,none
SLN202304040,2023/04/04,ATL,SLN,STL10,4,1,9,night,82,tolf,18,overcast,none
SLN202304050,2023/04/05,ATL,SLN,STL10,5,2,9,day,60,torf,10,cloudy,none
SLN202304130,2023/04/13,PIT,SLN,STL10,5,0,9,night,79,tolf,10,sunny,none
SLN202304140,2023/04/14,PIT,SLN,STL10,0,3,9,night,78,rtol,12,sunny,none
SLN202304150,2023/04/15,PIT,SLN,STL10,6,3,10,day,70,fromrf,10,overcast,rain
SLN202304160,2023/04/16,PIT,SLN,STL10,4,5,10,day,47,torf,17,overcast,none
SLN202304170,2023/04/17,ARI,SLN,STL10,6,3,9,night,67,torf,17,sunny,none
SLN202304180,2023/04/18,ARI,SLN,STL10,8,7,9,night,71,fromlf,10,cloudy,none
SLN202304190,2023/04/19,ARI,SLN,STL10,5,14,9,day,78,fromrf,16,sunny,none
SLN202305020,2023/05/02,ANA,SLN,STL10,5,1,9,night,66,torf,21,sunny,none
SLN202305030,2023/05/03,ANA,SLN,STL10,6,4,9,night,68,torf,9,sunny,none
SLN202305040,2023/05/04,ANA,SLN,STL10,11,7,9,day,72,fromrf,5,sunny,none
SLN202305050,2023/05/05,DET,SLN,STL10,5,4,9,night,70,rtol,12,cloudy,none
SLN202305060,2023/05/06,DET,SLN,STL10,6,5,10,day,73,rtol,12,overcast,none
SLN202305070,2023/05/07,DET,SLN,STL10,6,12,9,day,87,torf,8,cloudy,none
SLN202305150,2023/05/15,MIL,SLN,STL10,1,18,9,night,74,fromlf,8,overcast,none
SLN202305160,2023/05/16,MIL,SLN,STL10,3,2,9,night,69,ltor,8,overcast,none
SLN202305170,2023/05/17,MIL,SLN,STL10,0,3,9,night,78,fromlf,4,cloudy,none
SLN202305180,2023/05/18,LAN,SLN,STL10,8,16,9,night,81,tolf,5,cloudy,none
SLN202305190,2023/05/19,LAN,SLN,STL10,5,0,9,night,67,torf,11,overcast,none
SLN202305200,2023/05/20,LAN,SLN,STL10,5,6,9,night,72,fromlf,9,sunny,none
SLN202305210,2023/05/21,LAN,SLN,STL10,5,10,9,day,75,fromrf,11,sunny,none
SLN202305290,2023/05/29,KCA,SLN,STL10,7,0,9,day,85,ltor,3,cloudy,none
SLN202305300,2023/05/30,KCA,SLN,STL10,1,2,9,night,88,tolf,7,cloudy,none
SLN202306090,2023/06/09,CIN,SLN,STL10,4,7,9,night,82,rtol,3,cloudy,none
SLN202306100,2023/06/10,CIN,SLN,STL10,8,4,9,day,85,fromrf,8,sunny,none
SLN202306110,2023/06/11,CIN,SLN,STL10,4,3,9,day,65,fromlf,9,overcast,none
SLN202306120,2023/06/12,SFN,SLN,STL10,4,3,9,night,73,ltor,9,cloudy,none
SLN202306130,2023/06/13,SFN,SLN,STL10,11,3,9,night,80,torf,12,sunny,none
SLN202306140,2023/06/14,SFN,SLN,STL10,8,5,10,day,84,tocf,8,cloudy,none
SLN202306240,2023/06/24,CHN,SLN,LON01,9,1,9,night,81,unknown,5,cloudy,none
SLN202306250,2023/06/25,CHN,SLN,LON01,5,7,9,day,87,unknown,12,sunny,none
SLN202306270,2023/06/27,HOU,SLN,STL10,2,4,9,night,87,fromlf,6,cloudy,none
SLN202306280,2023/06/28,HOU,SLN,STL10,10,7,9,night,91,fromrf,11,cloudy,none
SLN202306290,2023/06/29,HOU,SLN,STL10,14,0,9,night,85,fromrf,10,cloudy,none
SLN202307011,2023/07/01,NYA,SLN,STL10,4,11,9,day,90,tolf,9,cloudy,none
SLN202307012,2023/07/01,NYA,SLN,STL10,6,2,9,night,76,tolf,5,cloudy,none
SLN202307020,2023/07/02,NYA,SLN,STL10,1,5,9,day,83,torf,11,cloudy,none
SLN202307140,2023/07/14,WAS,SLN,STL10,7,5,10,day,91,fromrf,8,cloudy,none
SLN202307150,2023/07/15,WAS,SLN,STL10,6,9,9,night,77,torf,8,cloudy,none
SLN202307160,2023/07/16,WAS,SLN,STL10,4,8,9,day,89,torf,8,sunny,none
SLN202307170,2023/07/17,MIA,SLN,STL10,4,6,9,night,80,torf,7,cloudy,none
SLN202307180,2023/07/18,MIA,SLN,STL10,2,5,10,night,81,rtol,3,sunny,none
SLN202307190,2023/07/19,MIA,SLN,STL10,4,6,9,day,85,rtol,5,cloudy,none
SLN202307270,2023/07/27,CHN,SLN,STL10,10,3,9,night,99,tolf,8,sunny,none
SLN202307280,2023/07/28,CHN,SLN,STL10,3,2,9,night,96,torf,11,sunny,none
SLN202307290,2023/07/29,CHN,SLN,STL10,5,1,9,night,78,torf,12,overcast,rain
SLN202307300,2023/07/30,CHN,SLN,STL10,0,3,9,day,86,fromlf,4,cloudy,none
SLN202308010,2023/08/01,MIN,SLN,STL10,3,2,9,night,84,rtol,9,cloudy,none
SLN202308020,2023/08/02,MIN,SLN,STL10,3,7,9,night,81,rtol,8,overcast,none
SLN202308030,2023/08/03,MIN,SLN,STL10,5,3,9,night,83,fromrf,5,cloudy,none
SLN202308040,2023/08/04,COL,SLN,STL10,9,4,9,night,83,fromrf,6,cloudy,none
SLN202308050,2023/08/05,COL,SLN,STL10,2,6,9,night,84,ltor,11,cloudy,none
SLN202308060,2023/08/06,COL,SLN,STL10,1,0,9,day,83,tolf,8,cloudy,none
SLN202308140,2023/08/14,OAK,SLN,STL10,5,7,9,night,79,torf,13,cloudy,none
SLN202308150,2023/08/15,OAK,SLN,STL10,2,6,9,night,74,torf,8,cloudy,none
SLN202308160,2023/08/16,OAK,SLN,STL10,8,0,9,night,83,tolf,6,sunny,none
SLN202308170,2023/08/17,NYN,SLN,STL10,4,2,9,night,84,torf,12,cloudy,none
SLN202308180,2023/08/18,NYN,SLN,STL10,7,1,9,night,79,tolf,4,sunny,none
SLN202308190,2023/08/19,NYN,SLN,STL10,13,2,9,night,87,rtol,11,sunny,none
SLN202308200,2023/08/20,NYN,SLN,STL10,3,7,9,day,95,tolf,5,cloudy,none
SLN202308280,2023/08/28,SDN,SLN,STL10,4,1,9,night,79,ltor,7,sunny,none
SLN202308290,2023/08/29,SDN,SLN,STL10,5,6,10,night,85,ltor,6,sunny,none
SLN202308300,2023/08/30,SDN,SLN,STL10,4,5,9,day,79,fromcf,12,cloudy,none
SLN202309010,2023/09/01,PIT,SLN,STL10,4,2,10,night,80,fromlf,7,sunny,none
SLN202309020,2023/09/02,PIT,SLN,STL10,7,6,9,night,87,rtol,10,sunny,none
SLN202309030,2023/09/03,PIT,SLN,STL10,4,6,9,day,89,fromrf,7,cloudy,none
SLN202309150,2023/09/15,PHI,SLN,STL10,5,4,9,night,73,fromrf,5,sunny,none
SLN202309160,2023/09/16,PHI,SLN,STL10,6,1,9,night,75,torf,3,cloudy,none
SLN202309170,2023/09/17,PHI,SLN,STL10,5,6,9,day,74,tocf,9,cloudy,none
SLN202309180,2023/09/18,MIL,SLN,STL10,0,1,9,night,75,fromrf,5,sunny,none
SLN202309190,2023/09/19,MIL,SLN,STL10,7,3,9,night,81,rtol,14,cloudy,none
SLN202309200,2023/09/20,MIL,SLN,STL10,8,2,9,night,70,fromlf,3,cloudy,none
SLN202309210,2023/09/21,MIL,SLN,STL10,6,0,9,day,77,fromrf,7,cloudy,none
SLN202309290,2023/09/29,CIN,SLN,STL10,19,2,9,night,80,fromcf,5,sunny,none
SLN202309300,2023/09/30,CIN,SLN,STL10,6,15,9,night,86,fromrf,8,sunny,none
SLN202310010,2023/10/01,CIN,SLN,STL10,3,4,9,day,86,rtol,6,sunny,none
WAS202303300,2023/03/30,ATL,WAS,WAS11,7,2,9,day,45,torf,8,sunny,none
WAS202304010,2023/04/01,ATL,WAS,WAS11,7,1,9,day,73,tolf,18,cloudy,none
WAS202304020,2023/04/02,ATL,WAS,WAS11,1,4,9,day,54,torf,10,sunny,none
WAS202304030,2023/04/03,TBA,WAS,WAS11,6,2,9,night,70,rtol,4,cloudy,none
WAS202304040,2023/04/04,TBA,WAS,WAS11,10,6,9,night,80,rtol,2,cloudy,none
WAS202304050,2023/04/05,TBA,WAS,WAS11,7,2,9,day,83,tocf,11,cloudy,none
WAS202304140,2023/04/14,CLE,WAS,WAS11,4,3,9,night,73,tolf,7,cloudy,none
WAS202304150,2023/04/15,CLE,WAS,WAS11,6,4,9,day,72,tocf,7,cloudy,none
WAS202304160,2023/04/16,CLE,WAS,WAS11,6,7,9,day,79,tocf,2,cloudy,none
WAS202304180,2023/04/18,BAL,WAS,WAS11,1,0,9,night,69,torf,12,sunny,none
WAS202304190,2023/04/19,BAL,WAS,WAS11,4,0,9,night,74,tolf,2,sunny,none
WAS202304291,2023/04/29,PIT,WAS,WAS11,6,3,9,day,60,fromlf,3,overcast,none
WAS202304292,2023/04/29,PIT,WAS,WAS11,16,1,9,night,69,rtol,1,cloudy,none
WAS202304300,2023/04/30,PIT,WAS,WAS11,2,7,9,day,62,ltor,2,overcast,none
WAS202305010,2023/05/01,CHN,WAS,WAS11,5,1,9,night,57,torf,8,cloudy,none
WAS202305020,2023/05/02,CHN,WAS,WAS11,1,4,9,night,53,fromlf,2,overcast,none
WAS202305030,2023/05/03,CHN,WAS,WAS11,1,2,9,night,54,ltor,11,cloudy,none
WAS202305040,2023/05/04,CHN,WAS,WAS11,3,4,9,day,60,fromlf,9,cloudy,none
WAS202305120,2023/05/12,NYN,WAS,WAS11,3,2,9,night,81,tocf,6,cloudy,none
WAS202305130,2023/05/13,NYN,WAS,WAS11,2,3,9,day,67,fromlf,5,cloudy,none
WAS202305140,2023/05/14,NYN,WAS,WAS11,8,2,9,day,79,fromlf,3,sunny,none
WAS202305150,2023/05/15,NYN,WAS,WAS11,3,10,9,day,76,torf,6,sunny,none
WAS202305190,2023/05/19,DET,WAS,WAS11,8,6,9,night,72,tolf,4,cloudy,none
WAS202305200,2023/05/20,DET,WAS,WAS11,2,5,9,day,78,rtol,7,cloudy,none
WAS202305210,2023/05/21,DET,WAS,WAS11,4,6,9,day,72,fromlf,11,sunny,none
WAS202305230,2023/05/23,SDN,WAS,WAS11,7,4,9,night,70,rtol,2,cloudy,none
WAS202305240,2023/05/24,SDN,WAS,WAS11,3,5,9,night,79,tocf,7,sunny,none
WAS202305250,2023/05/25,SDN,WAS,WAS11,8,6,9,day,70,fromrf,3,sunny,none
WAS202306020,2023/06/02,PHI,WAS,WAS11,7,8,9,night,90,fromrf,7,cloudy,none
WAS202306030,2023/06/03,PHI,WAS,WAS11,4,2,9,day,79,fromrf,14,cloudy,none
WAS202306040,2023/06/04,PHI,WAS,WAS11,11,3,9,day,69,torf,1,cloudy,none
WAS202306060,2023/06/06,ARI,WAS,WAS11,10,5,9,night,80,torf,9,cloudy,none
WAS202306070,2023/06/07,ARI,WAS,WAS11,6,2,9,night,77,rtol,2,cloudy,none
WAS202306160,2023/06/16,MIA,WAS,WAS11,6,5,9,night,79,fromlf,3,cloudy,none
WAS202306170,2023/06/17,MIA,WAS,WAS11,5,2,9,day,79,ltor,14,cloudy,none
WAS202306180,2023/06/18,MIA,WAS,WAS11,4,2,9,day,81,fromrf,2,sunny,none
WAS202306190,2023/06/19,SLN,WAS,WAS11,8,6,9,day,86,rtol,6,cloudy,none
WAS202306200,2023/06/20,SLN,WAS,WAS11,9,3,9,night,75,fromrf,10,cloudy,none
WAS202306210,2023/06/21,SLN,WAS,WAS11,0,3,9,day,64,fromrf,16,cloudy,none
WAS202306220,2023/06/22,ARI,WAS,WAS11,5,3,9,day,65,fromcf,7,overcast,none
WAS202307030,2023/07/03,CIN,WAS,WAS11,3,2,9,night,86,tocf,5,cloudy,none
WAS202307040,2023/07/04,CIN,WAS,WAS11,8,4,9,day,83,ltor,3,cloudy,none
WAS202307050,2023/07/05,CIN,WAS,WAS11,9,2,9,night,86,tolf,1,cloudy,none
WAS202307060,2023/07/06,CIN,WAS,WAS11,5,4,10,day,88,tolf,4,cloudy,none
WAS202307070,2023/07/07,TEX,WAS,WAS11,7,2,9,night,85,tolf,3,sunny,none
WAS202307080,2023/07/08,TEX,WAS,WAS11,3,8,9,day,87,rtol,7,cloudy,none
WAS202307090,2023/07/09,TEX,WAS,WAS11,2,7,9,day,83,ltor,5,cloudy,none
WAS202307210,2023/07/21,SFN,WAS,WAS11,3,5,9,night,87,fromlf,6,cloudy,none
WAS202307220,2023/07/22,SFN,WAS,WAS11,1,10,9,night,84,fromcf,4,cloudy,none
WAS202307230,2023/07/23,SFN,WAS,WAS11,1,6,9,day,87,tolf,4,cloudy,none
WAS202307240,2023/07/24,COL,WAS,WAS11,10,6,9,night,85,tocf,6,cloudy,none
WAS202307250,2023/07/25,COL,WAS,WAS11,5,6,9,night,82,torf,6,cloudy,none
WAS202307260,2023/07/26,COL,WAS,WAS11,4,5,9,day,86,tocf,3,sunny,none
WAS202307310,2023/07/31,MIL,WAS,WAS11,3,5,9,night,84,fromcf,4,sunny,none
WAS202308010,2023/08/01,MIL,WAS,WAS11,6,4,9,night,79,rtol,4,cloudy,none
WAS202308020,2023/08/02,MIL,WAS,WAS11,2,3,9,day,81,fromrf,2,cloudy,none
WAS202308110,2023/08/11,OAK,WAS,WAS11,2,8,9,night,82,torf,1,cloudy,none
WAS202308120,2023/08/12,OAK,WAS,WAS11,2,3,9,night,87,tolf,7,cloudy,none
WAS202308130,2023/08/13,OAK,WAS,WAS11,7,8,9,day,88,fromlf,7,cloudy,none
WAS202308150,2023/08/15,BOS,WAS,WAS11,5,4,9,night,81,unknown,0,cloudy,none
WAS202308160,2023/08/16,BOS,WAS,WAS11,2,6,9,night,83,fromcf,3,cloudy,none
WAS202308170,2023/08/17,BOS,WAS,WAS11,7,10,9,day,90,tolf,4,cloudy,none
WAS202308180,2023/08/18,PHI,WAS,WAS11,7,8,9,night,84,fromlf,9,sunny,none
WAS202308190,2023/08/19,PHI,WAS,WAS11,12,3,9,day,80,rtol,5,sunny,none
WAS202308200,2023/08/20,PHI,WAS,WIL02,3,4,9,night,79,tolf,4,sunny,none
WAS202308310,2023/08/31,MIA,WAS,WAS11,6,1,9,night,78,fromrf,8,sunny,none
WAS202309010,2023/09/01,MIA,WAS,WAS11,8,5,11,night,75,tolf,3,sunny,none
WAS202309020,2023/09/02,MIA,WAS,WAS11,11,5,9,day,84,tolf,6,sunny,none
WAS202309030,2023/09/03,MIA,WAS,WAS11,6,4,9,day,91,ltor,6,sunny,none
WAS202309050,2023/09/05,NYN,WAS,WAS11,11,5,9,night,92,ltor,2,cloudy,none
WAS202309060,2023/09/06,NYN,WAS,WAS11,2,3,9,night,97,fromrf,1,sunny,none
WAS202309080,2023/09/08,LAN,WAS,WAS11,8,5,9,night,89,fromlf,14,cloudy,none
WAS202309090,2023/09/09,LAN,WAS,WAS11,6,7,11,day,72,unknown,0,cloudy,none
WAS202309100,2023/09/10,LAN,WAS,WAS11,7,3,9,day,80,tolf,1,cloudy,none
WAS202309180,2023/09/18,CHA,WAS,WAS11,6,1,9,night,74,fromlf,13,sunny,none
WAS202309190,2023/09/19,CHA,WAS,WAS11,3,4,9,night,74,fromlf,6,sunny,none
WAS202309200,2023/09/20,CHA,WAS,WAS11,3,13,9,day,75,torf,5,cloudy,none
WAS202309210,2023/09/21,ATL,WAS,WAS11,10,3,9,night,75,unknown,0,cloudy,none
WAS202309220,2023/09/22,ATL,WAS,WAS11,9,6,9,night,68,fromrf,19,cloudy,none
WAS202309241,2023/09/24,ATL,WAS,WAS11,2,3,9,day,67,tolf,1,overcast,rain
WAS202309242,2023/09/24,ATL,WAS,WAS11,8,5,9,night,67,unknown,0,cloudy,none
ANA202404050,2024/04/05,BOS,ANA,ANA01,8,6,9,night,54,ltor,8,cloudy,none
ANA202404060,2024/04/06,BOS,ANA,ANA01,1,2,9,night,61,rtol,7,sunny,none
ANA202404070,2024/04/07,BOS,ANA,ANA01,12,2,9,day,66,tocf,9,cloudy,none
ANA202404080,2024/04/08,TBA,ANA,ANA01,1,7,9,night,70,unknown,2,sunny,none
ANA202404090,2024/04/09,TBA,ANA,ANA01,6,4,9,night,77,rtol,4,sunny,none
ANA202404100,2024/04/10,TBA,ANA,ANA01,4,2,9,day,80,tocf,6,sunny,none
ANA202404220,2024/04/22,BAL,ANA,ANA01,4,2,9,night,59,torf,6,cloudy,none
ANA202404230,2024/04/23,BAL,ANA,ANA01,4,7,9,night,66,torf,4,cloudy,none
ANA202404240,2024/04/24,BAL,ANA,ANA01,6,5,9,day,67,tocf,10,cloudy,none
ANA202404260,2024/04/26,MIN,ANA,ANA01,5,3,9,night,64,torf,7,cloudy,none
ANA202404270,2024/04/27,MIN,ANA,ANA01,16,5,9,night,67,rtol,9,sunny,none
ANA202404280,2024/04/28,MIN,ANA,ANA01,11,5,9,day,73,tocf,6,sunny,none
ANA202404290,2024/04/29,PHI,ANA,ANA01,5,6,9,night,71,tocf,7,sunny,none
ANA202404300,2024/04/30,PHI,ANA,ANA01,7,5,9,night,68,tocf,10,sunny,none
ANA202405010,2024/05/01,PHI,ANA,ANA01,2,1,9,day,71,torf,6,sunny,none
ANA202405090,2024/05/09,KCA,ANA,ANA01,10,4,9,night,67,tocf,11,sunny,none
ANA202405100,2024/05/10,KCA,ANA,ANA01,2,1,9,night,66,tocf,6,cloudy,none
ANA202405110,2024/05/11,KCA,ANA,ANA01,3,9,9,night,67,rtol,10,sunny,none
ANA202405120,2024/05/12,KCA,ANA,ANA01,4,2,9,day,73,ltor,6,sunny,none
ANA202405130,2024/05/13,SLN,ANA,ANA01,10,5,9,night,65,tocf,8,sunny,none
ANA202405140,2024/05/14,SLN,ANA,ANA01,7,6,9,night,66,tocf,8,sunny,none
ANA202405150,2024/05/15,SLN,ANA,ANA01,2,7,9,night,68,tocf,8,cloudy,none
ANA202405240,2024/05/24,CLE,ANA,ANA01,10,4,9,night,66,tocf,8,cloudy,none
ANA202405250,2024/05/25,CLE,ANA,ANA01,4,3,9,night,66,rtol,9,cloudy,none
ANA202405260,2024/05/26,CLE,ANA,ANA01,5,4,9,day,71,torf,4,cloudy,none
ANA202405280,2024/05/28,NYA,ANA,ANA01,3,4,9,night,69,tocf,6,sunny,none
ANA202405290,2024/05/29,NYA,ANA,ANA01,2,1,9,night,68,tocf,9,sunny,none
ANA202405300,2024/05/30,NYA,ANA,ANA01,8,3,9,night,68,tocf,11,sunny,none
ANA202406030,2024/06/03,SDN,ANA,ANA01,1,2,9,night,69,tocf,6,cloudy,none
ANA202406040,2024/06/04,SDN,ANA,ANA01,2,4,9,night,73,tocf,8,sunny,none
ANA202406050,2024/06/05,SDN,ANA,ANA01,2,3,9,night,70,torf,9,sunny,none
ANA202406070,2024/06/07,HOU,ANA,ANA01,7,1,9,night,68,tocf,8,sunny,none
ANA202406080,2024/06/08,HOU,ANA,ANA01,6,1,9,night,69,rtol,9,cloudy,none
ANA202406090,2024/06/09,HOU,ANA,ANA01,7,9,9,day,72,tocf,7,overcast,none
ANA202406170,2024/06/17,MIL,ANA,ANA01,3,5,9,night,71,torf,9,sunny,none
ANA202406180,2024/06/18,MIL,ANA,ANA01,6,3,9,night,74,tocf,10,sunny,none
ANA202406190,2024/06/19,MIL,ANA,ANA01,2,0,9,night,72,tocf,6,sunny,none
ANA202406240,2024/06/24,OAK,ANA,ANA01,1,5,9,night,84,rtol,10,sunny,none
ANA202406250,2024/06/25,OAK,ANA,ANA01,5,7,9,night,79,tocf,4,sunny,none
ANA202406260,2024/06/26,OAK,ANA,ANA01,2,5,9,day,80,tocf,4,sunny,none
ANA202406270,2024/06/27,DET,ANA,ANA01,0,5,9,night,77,tocf,9,sunny,none
ANA202406280,2024/06/28,DET,ANA,ANA01,2,5,9,night,76,rtol,10,sunny,none
ANA202406290,2024/06/29,DET,ANA,ANA01,5,6,10,night,77,rtol,7,sunny,none
ANA202406300,2024/06/30,DET,ANA,ANA01,7,6,9,day,87,tocf,6,cloudy,none
ANA202407080,2024/07/08,TEX,ANA,ANA01,9,4,9,night,78,rtol,10,sunny,none
ANA202407090,2024/07/09,TEX,ANA,ANA01,5,4,9,night,81,tocf,8,sunny,none
ANA202407100,2024/07/10,TEX,ANA,ANA01,2,7,9,night,81,rtol,8,sunny,none
ANA202407110,2024/07/11,SEA,ANA,ANA01,11,0,9,night,77,rtol,8,sunny,none
ANA202407120,2024/07/12,SEA,ANA,ANA01,5,6,10,night,75,tocf,6,cloudy,none
ANA202407130,2024/07/13,SEA,ANA,ANA01,1,2,9,night,77,tocf,10,sunny,none
ANA202407140,2024/07/14,SEA,ANA,ANA01,2,3,9,day,81,tocf,7,cloudy,none
ANA202407250,2024/07/25,OAK,ANA,ANA01,6,5,9,night,88,rtol,7,sunny,none
ANA202407260,2024/07/26,OAK,ANA,ANA01,5,4,9,night,77,tocf,9,sunny,none
ANA202407270,2024/07/27,OAK,ANA,ANA01,3,1,9,night,80,tocf,8,sunny,none
ANA202407280,2024/07/28,OAK,ANA,ANA01,6,8,9,day,80,tocf,9,sunny,none
ANA202407300,2024/07/30,COL,ANA,ANA01,7,10,9,night,79,tocf,6,sunny,none
ANA202407310,2024/07/31,COL,ANA,ANA01,2,1,9,night,80,rtol,8,sunny,none
ANA202408010,2024/08/01,COL,ANA,ANA01,5,4,10,night,79,torf,6,sunny,none
ANA202408020,2024/08/02,NYN,ANA,ANA01,5,1,9,night,84,tocf,11,cloudy,none
ANA202408030,2024/08/03,NYN,ANA,ANA01,4,5,9,night,88,rtol,8,sunny,none
ANA202408040,2024/08/04,NYN,ANA,ANA01,2,3,9,day,87,tocf,7,sunny,none
ANA202408120,2024/08/12,TOR,ANA,ANA01,4,2,9,night,82,tocf,8,sunny,none
ANA202408130,2024/08/13,TOR,ANA,ANA01,6,1,9,night,81,rtol,9,sunny,none
ANA202408140,2024/08/14,TOR,ANA,ANA01,9,2,9,night,82,tocf,8,sunny,none
ANA202408160,2024/08/16,ATL,ANA,ANA01,2,3,9,night,81,rtol,9,cloudy,none
ANA202408170,2024/08/17,ATL,ANA,ANA01,11,3,9,night,76,rtol,8,sunny,none
ANA202408180,2024/08/18,ATL,ANA,ANA01,3,1,9,day,83,tolf,9,sunny,none
ANA202408300,2024/08/30,SEA,ANA,ANA01,9,5,9,night,73,rtol,10,sunny,none
ANA202408310,2024/08/31,SEA,ANA,ANA01,4,5,9,night,77,tolf,7,sunny,none
ANA202409010,2024/09/01,SEA,ANA,ANA01,2,3,9,day,83,tolf,5,sunny,none
ANA202409030,2024/09/03,LAN,ANA,ANA01,6,2,10,night,82,tocf,6,sunny,none
ANA202409040,2024/09/04,LAN,ANA,ANA01,1,10,9,night,93,tocf,6,sunny,none
ANA202409130,2024/09/13,HOU,ANA,ANA01,5,3,9,night,73,torf,8,sunny,none
ANA202409140,2024/09/14,HOU,ANA,ANA01,5,3,9,night,72,rtol,8,sunny,none
ANA202409150,2024/09/15,HOU,ANA,ANA01,6,4,9,day,76,tocf,6,cloudy,none
ANA202409160,2024/09/16,CHA,ANA,ANA01,8,4,9,night,68,tocf,12,cloudy,none
ANA202409170,2024/09/17,CHA,ANA,ANA01,0,5,9,night,71,tocf,7,cloudy,none
ANA202409180,2024/09/18,CHA,ANA,ANA01,3,4,13,day,75,tocf,8,cloudy,none
ANA202409270,2024/09/27,TEX,ANA,ANA01,5,2,9,night,69,tocf,6,cloudy,none
ANA202409280,2024/09/28,TEX,ANA,ANA01,9,8,9,night,71,rtol,6,sunny,none
ANA202409290,2024/09/29,TEX,ANA,ANA01,8,0,9,day,75,tocf,6,sunny,none
BAL202403280,2024/03/28,ANA,BAL,BAL12,3,11,9,day,54,fromlf,9,cloudy,none
BAL202403300,2024/03/30,ANA,BAL,BAL12,4,13,9,day,68,rtol,4,cloudy,none
BAL202403310,2024/03/31,ANA,BAL,BAL12,4,1,9,day,65,ltor,3,cloudy,none
BAL202404010,2024/04/01,KCA,BAL,BAL12,4,6,9,night,57,rtol,2,overcast,none
BAL202404020,2024/04/02,KCA,BAL,BAL12,4,1,9,night,52,fromrf,9,cloudy,none
BAL202404030,2024/04/03,KCA,BAL,BAL12,3,4,9,day,46,fromrf,4,overcast,drizzle
BAL202404120,2024/04/12,MIL,BAL,BAL12,11,1,9,night,62,torf,13,cloudy,none
BAL202404130,2024/04/13,MIL,BAL,BAL12,11,5,9,day,66,ltor,14,cloudy,none
BAL202404140,2024/04/14,MIL,BAL,BAL12,4,6,9,day,81,tocf,15,sunny,none
BAL202404150,2024/04/15,MIN,BAL,BAL12,4,7,9,night,80,torf,8,cloudy,none
BAL202404160,2024/04/16,MIN,BAL,BAL12,3,11,9,night,71,tolf,7,sunny,none
BAL202404170,2024/04/17,MIN,BAL,BAL12,2,4,9,day,68,tolf,6,cloudy,none
BAL202404260,2024/04/26,OAK,BAL,BAL12,3,2,10,night,60,tolf,6,sunny,none
BAL202404270,2024/04/27,OAK,BAL,BAL12,0,7,9,day,61,tolf,7,cloudy,none
BAL202404280,2024/04/28,OAK,BAL,BAL12,7,6,9,day,78,tocf,2,sunny,none
BAL202404290,2024/04/29,NYA,BAL,BAL12,0,2,9,night,85,tolf,7,sunny,none
BAL202404300,2024/04/30,NYA,BAL,BAL12,2,4,9,night,86,tocf,6,cloudy,none
BAL202405010,2024/05/01,NYA,BAL,BAL12,2,0,9,night,81,fromlf,4,cloudy,none
BAL202405020,2024/05/02,NYA,BAL,BAL12,2,7,9,day,89,torf,5,sunny,none
BAL202405100,2024/05/10,ARI,BAL,BAL12,2,4,9,night,55,fromcf,5,overcast,none
BAL202405110,2024/05/11,ARI,BAL,BAL12,4,5,11,day,70,tolf,3,cloudy,none
BAL202405120,2024/05/12,ARI,BAL,BAL12,9,2,9,day,68,ltor,11,cloudy,none
BAL202405130,2024/05/13,TOR,BAL,BAL12,3,2,10,night,75,tolf,9,cloudy,none
BAL202405150,2024/05/15,TOR,BAL,BAL12,2,3,9,day,64,torf,6,cloudy,none
BAL202405170,2024/05/17,SEA,BAL,BAL12,2,9,9,night,69,tolf,4,cloudy,none
BAL202405180,2024/05/18,SEA,BAL,BAL12,4,3,9,day,67,tolf,5,cloudy,none
BAL202405190,2024/05/19,SEA,BAL,BAL12,3,6,9,day,70,fromrf,1,overcast,none
BAL202405270,2024/05/27,BOS,BAL,BAL12,3,11,9,day,82,tolf,7,overcast,none
BAL202405280,2024/05/28,BOS,BAL,BAL12,8,3,9,night,77,torf,13,cloudy,none
BAL202405290,2024/05/29,BOS,BAL,BAL12,1,6,9,night,67,torf,8,overcast,none
BAL202405310,2024/05/31,TBA,BAL,BAL12,1,3,9,night,74,fromlf,7,sunny,none
BAL202406010,2024/06/01,TBA,BAL,BAL12,5,9,9,day,83,tolf,4,cloudy,none
BAL202406020,2024/06/02,TBA,BAL,BAL12,4,3,9,day,81,tocf,8,cloudy,none
BAL202406110,2024/06/11,ATL,BAL,BAL12,0,4,9,night,74,fromlf,6,cloudy,none
BAL202406120,2024/06/12,ATL,BAL,BAL12,2,4,9,night,81,tolf,3,cloudy,none
BAL202406130,2024/06/13,ATL,BAL,BAL12,6,3,9,day,85,tolf,6,cloudy,none
BAL202406140,2024/06/14,PHI,BAL,BAL12,5,3,11,night,87,fromlf,8,overcast,none
BAL202406150,2024/06/15,PHI,BAL,BAL12,2,6,9,day,84,fromlf,6,sunny,none
BAL202406160,2024/06/16,PHI,BAL,BAL12,3,8,9,day,83,rtol,8,cloudy,none
BAL202406240,2024/06/24,CLE,BAL,BAL12,3,2,9,night,84,fromlf,12,cloudy,none
BAL202406250,2024/06/25,CLE,BAL,BAL12,10,8,9,night,91,tolf,10,cloudy,none
BAL202406260,2024/06/26,CLE,BAL,BAL12,2,4,9,night,89,torf,8,cloudy,none
BAL202406270,2024/06/27,TEX,BAL,BAL12,2,11,9,night,88,torf,4,cloudy,none
BAL202406280,2024/06/28,TEX,BAL,BAL12,1,2,9,night,81,rtol,11,cloudy,none
BAL202406290,2024/06/29,TEX,BAL,BAL12,5,6,9,night,90,tolf,11,cloudy,none
BAL202406300,2024/06/30,TEX,BAL,BAL12,11,2,9,night,93,tocf,4,cloudy,none
BAL202407090,2024/07/09,CHN,BAL,BAL12,9,2,9,night,91,tolf,7,cloudy,none
BAL202407100,2024/07/10,CHN,BAL,BAL12,4,0,9,night,90,tolf,12,cloudy,none
BAL202407110,2024/07/11,CHN,BAL,BAL12,8,0,9,night,89,torf,4,cloudy,none
BAL202407120,2024/07/12,NYA,BAL,BAL12,4,1,9,night,81,tolf,2,cloudy,none
BAL202407130,2024/07/13,NYA,BAL,BAL12,6,1,9,day,90,rtol,2,cloudy,none
BAL202407140,2024/07/14,NYA,BAL,BAL12,5,6,9,day,93,torf,4,cloudy,none
BAL202407260,2024/07/26,SDN,BAL,BAL12,6,4,9,night,83,torf,3,cloudy,none
BAL202407270,2024/07/27,SDN,BAL,BAL12,9,4,9,day,90,fromrf,3,cloudy,none
BAL202407280,2024/07/28,SDN,BAL,BAL12,6,8,9,day,89,tolf,3,cloudy,none
BAL202407291,2024/07/29,TOR,BAL,BAL12,5,11,9,day,90,tolf,7,cloudy,none
BAL202407292,2024/07/29,TOR,BAL,BAL12,8,4,9,day,83,tolf,6,cloudy,none
BAL202407300,2024/07/30,TOR,BAL,BAL12,2,6,9,night,79,tolf,13,overcast,none
BAL202407310,2024/07/31,TOR,BAL,BAL12,4,10,9,day,90,tolf,2,cloudy,none
BAL202408130,2024/08/13,WAS,BAL,BAL12,9,3,9,night,85,fromrf,8,sunny,none
BAL202408140,2024/08/14,WAS,BAL,BAL12,1,4,9,night,83,fromlf,4,cloudy,none
BAL202408150,2024/08/15,BOS,BAL,BAL12,1,5,9,night,86,fromcf,3,sunny,none
BAL202408160,2024/08/16,BOS,BAL,BAL12,12,10,9,night,83,tolf,9,cloudy,none
BAL202408170,2024/08/17,BOS,BAL,BAL12,5,1,9,night,75,tolf,5,overcast,none
BAL202408180,2024/08/18,BOS,BAL,BAL12,2,4,9,day,81,tolf,4,cloudy,none
BAL202408220,2024/08/22,HOU,BAL,BAL12,6,0,9,night,75,ltor,3,sunny,none
BAL202408230,2024/08/23,HOU,BAL,BAL12,5,7,9,night,77,tolf,2,sunny,none
BAL202408240,2024/08/24,HOU,BAL,BAL12,2,3,9,day,84,rtol,8,cloudy,none
BAL202408250,2024/08/25,HOU,BAL,BAL12,6,3,9,night,86,rtol,5,cloudy,none
BAL202409020,2024/09/02,CHA,BAL,BAL12,3,13,9,day,81,fromlf,8,sunny,none
BAL202409030,2024/09/03,CHA,BAL,BAL12,0,9,9,night,73,fromcf,6,sunny,none
BAL202409040,2024/09/04,CHA,BAL,BAL12,8,1,9,night,77,rtol,5,cloudy,none
BAL202409060,2024/09/06,TBA,BAL,BAL12,0,2,9,night,76,tolf,6,cloudy,none
BAL202409070,2024/09/07,TBA,BAL,BAL12,7,1,9,day,68,ltor,3,overcast,none
BAL202409080,2024/09/08,TBA,BAL,BAL12,2,0,9,day,66,torf,6,sunny,none
BAL202409170,2024/09/17,SFN,BAL,BAL12,10,0,9,night,75,fromrf,6,overcast,none
BAL202409180,2024/09/18,SFN,BAL,BAL12,5,3,9,night,75,fromcf,6,cloudy,none
BAL202409190,2024/09/19,SFN,BAL,BAL12,3,5,9,day,79,fromlf,7,cloudy,none
BAL202409200,2024/09/20,DET,BAL,BAL12,1,7,9,night,81,tolf,3,sunny,none
BAL202409210,2024/09/21,DET,BAL,BAL12,6,4,10,day,79,rtol,4,cloudy,none
BAL202409220,2024/09/22,DET,BAL,BAL12,4,3,9,day,75,tolf,5,cloudy,none
BOS202404090,2024/04/09,BAL,BOS,BOS07,7,1,9,day,57,torf,5,sunny,none
BOS202404100,2024/04/10,BAL,BOS,BOS07,7,5,9,night,59,tolf,4,cloudy,none
BOS202404110,2024/04/11,BAL,BOS,BOS07,9,4,10,night,50,rtol,1,cloudy,none
BOS202404120,2024/04/12,ANA,BOS,BOS07,7,0,9,night,54,tolf,9,cloudy,none
BOS202404130,2024/04/13,ANA,BOS,BOS07,2,7,9,day,54,torf,7,cloudy,none
BOS202404140,2024/04/14,ANA,BOS,BOS07,4,5,9,day,59,torf,6,sunny,none
BOS202404150,2024/04/15,CLE,BOS,BOS07,6,0,9,day,60,torf,3,cloudy,none
BOS202404160,2024/04/16,CLE,BOS,BOS07,10,7,11,night,64,fromlf,5,cloudy,none
BOS202404170,2024/04/17,CLE,BOS,BOS07,0,2,9,night,51,rtol,4,cloudy,none
BOS202404180,2024/04/18,CLE,BOS,BOS07,5,4,9,day,48,ltor,8,cloudy,none
BOS202404260,2024/04/26,CHN,BOS,BOS07,7,1,9,night,54,tocf,6,sunny,none
BOS202404270,2024/04/27,CHN,BOS,BOS07,0,17,9,day,61,fromrf,11,cloudy,none
BOS202404280,2024/04/28,CHN,BOS,BOS07,4,5,9,night,66,tocf,4,cloudy,none
BOS202404300,2024/04/30,SFN,BOS,BOS07,0,4,9,night,52,tolf,2,cloudy,none
BOS202405010,2024/05/01,SFN,BOS,BOS07,2,6,9,night,51,fromrf,4,sunny,none
BOS202405020,2024/05/02,SFN,BOS,BOS07,3,1,9,day,66,fromrf,4,cloudy,none
BOS202405100,2024/05/10,WAS,BOS,BOS07,5,1,9,night,51,fromrf,5,sunny,none
BOS202405110,2024/05/11,WAS,BOS,BOS07,2,4,9,day,54,fromrf,4,sunny,none
BOS202405120,2024/05/12,WAS,BOS,BOS07,2,3,9,day,61,tocf,2,cloudy,none
BOS202405130,2024/05/13,TBA,BOS,BOS07,5,3,9,night,64,tocf,9,cloudy,none
BOS202405140,2024/05/14,TBA,BOS,BOS07,4,5,12,night,69,tocf,7,sunny,none
BOS202405150,2024/05/15,TBA,BOS,BOS07,4,3,9,night,67,tolf,2,overcast,none
BOS202405160,2024/05/16,TBA,BOS,BOS07,7,5,9,night,60,fromrf,2,cloudy,none
BOS202405240,2024/05/24,MIL,BOS,BOS07,7,2,9,night,82,torf,8,sunny,none
BOS202405250,2024/05/25,MIL,BOS,BOS07,6,3,9,day,77,rtol,7,cloudy,none
BOS202405260,2024/05/26,MIL,BOS,BOS07,1,2,9,day,81,fromrf,3,sunny,none
BOS202405300,2024/05/30,DET,BOS,BOS07,5,0,9,night,62,torf,3,cloudy,none
BOS202405310,2024/05/31,DET,BOS,BOS07,3,7,9,night,73,torf,9,cloudy,none
BOS202406010,2024/06/01,DET,BOS,BOS07,3,6,9,day,80,torf,9,sunny,none
BOS202406020,2024/06/02,DET,BOS,BOS07,8,4,10,day,83,torf,4,cloudy,none
BOS202406040,2024/06/04,ATL,BOS,BOS07,8,3,9,night,72,rtol,8,cloudy,none
BOS202406050,2024/06/05,ATL,BOS,BOS07,0,9,9,day,80,tolf,6,cloudy,none
BOS202406110,2024/06/11,PHI,BOS,BOS07,4,1,9,night,70,fromrf,3,cloudy,none
BOS202406120,2024/06/12,PHI,BOS,BOS07,6,8,9,night,75,fromrf,6,cloudy,none
BOS202406130,2024/06/13,PHI,BOS,BOS07,3,9,9,night,79,tocf,11,cloudy,none
BOS202406140,2024/06/14,NYA,BOS,BOS07,8,1,9,night,70,fromcf,4,overcast,none
BOS202406150,2024/06/15,NYA,BOS,BOS07,4,8,9,night,76,ltor,10,sunny,none
BOS202406160,2024/06/16,NYA,BOS,BOS07,3,9,9,night,68,fromlf,3,cloudy,none
BOS202406240,2024/06/24,TOR,BOS,BOS07,6,7,9,night,77,fromlf,10,cloudy,none
BOS202406250,2024/06/25,TOR,BOS,BOS07,9,4,9,night,85,tocf,5,cloudy,none
BOS202406260,2024/06/26,TOR,BOS,BOS07,4,1,9,day,81,tolf,8,cloudy,none
BOS202406280,2024/06/28,SDN,BOS,BOS07,9,2,9,night,75,tocf,6,sunny,none
BOS202406290,2024/06/29,SDN,BOS,BOS07,11,1,9,day,73,tolf,3,cloudy,none
BOS202406300,2024/06/30,SDN,BOS,BOS07,1,4,9,day,86,tolf,8,cloudy,none
BOS202407090,2024/07/09,OAK,BOS,BOS07,9,12,9,night,86,torf,11,sunny,none
BOS202407100,2024/07/10,OAK,BOS,BOS07,5,2,9,night,83,fromlf,5,cloudy,none
BOS202407110,2024/07/11,OAK,BOS,BOS07,0,7,9,night,85,tocf,6,sunny,none
BOS202407120,2024/07/12,KCA,BOS,BOS07,6,1,9,night,82,tolf,7,cloudy,none
BOS202407130,2024/07/13,KCA,BOS,BOS07,0,5,9,day,80,tolf,11,cloudy,none
BOS202407140,2024/07/14,KCA,BOS,BOS07,4,5,9,day,91,tolf,2,cloudy,none
BOS202407260,2024/07/26,NYA,BOS,BOS07,7,9,9,night,84,fromlf,5,sunny,none
BOS202407270,2024/07/27,NYA,BOS,BOS07,11,8,10,night,81,tolf,8,sunny,none
BOS202407280,2024/07/28,NYA,BOS,BOS07,8,2,9,night,74,fromrf,2,cloudy,none
BOS202407290,2024/07/29,SEA,BOS,BOS07,7,14,9,night,72,torf,4,cloudy,none
BOS202407300,2024/07/30,SEA,BOS,BOS07,10,6,9,night,84,tocf,5,sunny,none
BOS202407310,2024/07/31,SEA,BOS,BOS07,2,3,10,day,80,tolf,12,cloudy,none
BOS202408090,2024/08/09,HOU,BOS,BOS07,8,4,9,night,82,torf,12,cloudy,none
BOS202408100,2024/08/10,HOU,BOS,BOS07,5,4,9,day,87,fromlf,6,cloudy,none
BOS202408110,2024/08/11,HOU,BOS,BOS07,10,2,9,day,81,rtol,4,cloudy,none
BOS202408120,2024/08/12,TEX,BOS,BOS07,4,5,10,night,71,rtol,3,cloudy,none
BOS202408130,2024/08/13,TEX,BOS,BOS07,4,9,9,night,81,fromlf,4,cloudy,none
BOS202408140,2024/08/14,TEX,BOS,BOS07,9,7,10,night,77,tolf,4,cloudy,none
BOS202408230,2024/08/23,ARI,BOS,BOS07,12,2,9,night,78,fromlf,3,cloudy,none
BOS202408240,2024/08/24,ARI,BOS,BOS07,4,1,9,day,83,fromlf,6,cloudy,none
BOS202408250,2024/08/25,ARI,BOS,BOS07,7,5,9,day,84,tocf,3,cloudy,none
BOS202408260,2024/08/26,TOR,BOS,BOS07,7,3,9,night,75,tocf,5,cloudy,none
BOS202408270,2024/08/27,TOR,BOS,BOS07,3,6,9,night,79,tocf,3,sunny,none
BOS202408280,2024/08/28,TOR,BOS,BOS07,0,3,9,night,87,fromcf,7,sunny,none
BOS202408290,2024/08/29,TOR,BOS,BOS07,2,0,9,night,66,tocf,2,sunny,none
BOS202409060,2024/09/06,CHA,BOS,BOS07,1,3,9,night,71,tolf,4,cloudy,none
BOS202409070,2024/09/07,CHA,BOS,BOS07,5,7,9,night,71,fromlf,5,cloudy,none
BOS202409080,2024/09/08,CHA,BOS,BOS07,7,2,9,day,69,torf,11,sunny,none
BOS202409090,2024/09/09,BAL,BOS,BOS07,3,12,9,night,71,tolf,6,cloudy,none
BOS202409100,2024/09/10,BAL,BOS,BOS07,5,3,9,night,74,fromlf,7,sunny,none
BOS202409110,2024/09/11,BAL,BOS,BOS07,3,5,10,night,72,tocf,3,sunny,none
BOS202409200,2024/09/20,MIN,BOS,BOS07,4,2,12,night,64,tocf,9,cloudy,none
BOS202409221,2024/09/22,MIN,BOS,BOS07,1,8,9,day,66,fromrf,10,cloudy,none
BOS202409222,2024/09/22,MIN,BOS,BOS07,3,9,9,night,64,fromcf,9,cloudy,none
BOS202409270,2024/09/27,TBA,BOS,BOS07,2,1,9,night,72,tolf,6,cloudy,none
BOS202409280,2024/09/28,TBA,BOS,BOS07,7,2,9,day,71,rtol,8,sunny,none
BOS202409290,2024/09/29,TBA,BOS,BOS07,1,3,9,day,69,tolf,6,cloudy,none
CHA202403280,2024/03/28,DET,CHA,CHI12,1,0,9,day,50,tolf,14,cloudy,none
CHA202403300,2024/03/30,DET,CHA,CHI12,7,6,10,day,61,ltor,12,cloudy,none
CHA202403310,2024/03/31,DET,CHA,CHI12,3,2,9,day,47,ltor,3,cloudy,none
CHA202404010,2024/04/01,ATL,CHA,CHI12,9,0,8,day,46,ltor,13,cloudy,none
CHA202404020,2024/04/02,ATL,CHA,CHI12,2,3,9,night,44,tolf,9,overcast,none
CHA202404120,2024/04/12,CIN,CHA,CHI12,11,1,9,night,54,torf,11,cloudy,none
CHA202404130,2024/04/13,CIN,CHA,CHI12,5,0,9,day,62,fromlf,7,sunny,none
CHA202404140,2024/04/14,CIN,CHA,CHI12,11,4,9,day,78,torf,5,cloudy,none
CHA202404150,2024/04/15,KCA,CHA,CHI12,2,0,9,night,65,fromlf,9,sunny,none
CHA202404171,2024/04/17,KCA,CHA,CHI12,4,2,9,day,62,rtol,20,cloudy,none
CHA202404172,2024/04/17,KCA,CHA,CHI12,1,2,9,day,61,rtol,21,cloudy,none
CHA202404260,2024/04/26,TBA,CHA,CHI12,4,9,9,night,53,fromrf,14,cloudy,none
CHA202404270,2024/04/27,TBA,CHA,CHI12,7,8,10,night,77,rtol,16,cloudy,none
CHA202404280,2024/04/28,TBA,CHA,CHI12,2,4,9,day,69,rtol,5,cloudy,none
CHA202404290,2024/04/29,MIN,CHA,CHI12,3,2,9,night,69,rtol,13,cloudy,none
CHA202404300,2024/04/30,MIN,CHA,CHI12,6,5,9,night,70,ltor,8,sunny,none
CHA202405010,2024/05/01,MIN,CHA,CHI12,10,5,9,day,75,tocf,17,sunny,none
CHA202405090,2024/05/09,CLE,CHA,CHI12,2,3,9,night,53,ltor,12,overcast,drizzle
CHA202405100,2024/05/10,CLE,CHA,CHI12,3,6,9,night,67,rtol,10,cloudy,none
CHA202405110,2024/05/11,CLE,CHA,CHI12,1,3,9,night,58,fromcf,8,sunny,none
CHA202405120,2024/05/12,CLE,CHA,CHI12,7,0,9,day,78,fromrf,6,sunny,none
CHA202405141,2024/05/14,WAS,CHA,CHI12,6,3,9,day,55,torf,17,cloudy,none
CHA202405142,2024/05/14,WAS,CHA,CHI12,0,4,9,day,55,torf,15,cloudy,none
CHA202405150,2024/05/15,WAS,CHA,CHI12,0,2,9,day,60,torf,14,sunny,none
CHA202405230,2024/05/23,BAL,CHA,CHI12,8,6,9,night,73,fromlf,10,sunny,none
CHA202405240,2024/05/24,BAL,CHA,CHI12,6,4,9,night,73,fromrf,17,cloudy,none
CHA202405250,2024/05/25,BAL,CHA,CHI12,5,3,9,day,68,fromlf,9,sunny,none
CHA202405260,2024/05/26,BAL,CHA,CHI12,4,1,9,day,62,ltor,11,overcast,none
CHA202405270,2024/05/27,TOR,CHA,CHI12,5,1,9,day,66,tocf,6,cloudy,none
CHA202405280,2024/05/28,TOR,CHA,CHI12,7,2,9,night,61,tocf,9,overcast,rain
CHA202405290,2024/05/29,TOR,CHA,CHI12,3,1,9,night,60,ltor,13,sunny,none
CHA202406060,2024/06/06,BOS,CHA,CHI12,14,2,9,night,76,tocf,17,cloudy,none
CHA202406070,2024/06/07,BOS,CHA,CHI12,2,7,9,night,73,ltor,10,cloudy,none
CHA202406080,2024/06/08,BOS,CHA,CHI12,1,6,9,day,77,tolf,12,cloudy,none
CHA202406090,2024/06/09,BOS,CHA,CHI12,6,4,10,day,78,tocf,7,sunny,none
CHA202406180,2024/06/18,HOU,CHA,CHI12,0,2,9,night,88,rtol,17,cloudy,none
CHA202406190,2024/06/19,HOU,CHA,CHI12,4,1,9,night,90,rtol,9,cloudy,none
CHA202406200,2024/06/20,HOU,CHA,CHI12,5,3,9,day,77,ltor,9,sunny,none
CHA202406240,2024/06/24,LAN,CHA,CHI12,3,0,9,night,80,fromlf,6,sunny,none
CHA202406250,2024/06/25,LAN,CHA,CHI12,4,3,9,night,81,rtol,12,cloudy,none
CHA202406260,2024/06/26,LAN,CHA,CHI12,4,0,9,night,80,torf,9,cloudy,none
CHA202406270,2024/06/27,ATL,CHA,CHI12,0,1,9,day,70,ltor,10,sunny,none
CHA202406280,2024/06/28,COL,CHA,CHI12,3,5,9,night,74,fromrf,5,cloudy,none
CHA202406290,2024/06/29,COL,CHA,CHI12,3,11,9,day,87,tolf,8,sunny,none
CHA202406300,2024/06/30,COL,CHA,CHI12,5,4,14,day,66,ltor,14,sunny,none
CHA202407080,2024/07/08,MIN,CHA,CHI12,8,6,11,night,84,tocf,9,cloudy,none
CHA202407101,2024/07/10,MIN,CHA,CHI12,1,3,9,day,76,ltor,9,sunny,none
CHA202407102,2024/07/10,MIN,CHA,CHI12,3,2,9,day,79,ltor,8,cloudy,none
CHA202407120,2024/07/12,PIT,CHA,CHI12,4,1,9,night,78,ltor,8,sunny,none
CHA202407130,2024/07/13,PIT,CHA,CHI12,6,2,9,day,85,rtol,10,cloudy,none
CHA202407140,2024/07/14,PIT,CHA,CHI12,9,4,9,day,83,rtol,5,sunny,none
CHA202407260,2024/07/26,SEA,CHA,CHI12,10,0,9,night,76,ltor,10,sunny,none
CHA202407270,2024/07/27,SEA,CHA,CHI12,6,3,9,night,84,fromcf,9,cloudy,none
CHA202407280,2024/07/28,SEA,CHA,CHI12,6,3,9,day,81,fromrf,5,cloudy,none
CHA202407290,2024/07/29,KCA,CHA,CHI12,8,5,9,night,79,tolf,9,cloudy,none
CHA202407300,2024/07/30,KCA,CHA,CHI12,4,3,9,night,84,ltor,6,cloudy,none
CHA202407310,2024/07/31,KCA,CHA,CHI12,10,3,9,day,86,rtol,7,cloudy,none
CHA202408090,2024/08/09,CHN,CHA,CHI12,7,6,9,night,69,ltor,13,overcast,none
CHA202408100,2024/08/10,CHN,CHA,CHI12,3,1,9,night,76,tolf,15,cloudy,none
CHA202408120,2024/08/12,NYA,CHA,CHI12,2,12,9,night,77,fromcf,8,cloudy,none
CHA202408130,2024/08/13,NYA,CHA,CHI12,4,1,9,night,80,fromlf,7,sunny,none
CHA202408140,2024/08/14,NYA,CHA,CHI12,10,2,9,night,79,fromlf,8,cloudy,none
CHA202408230,2024/08/23,DET,CHA,CHI12,5,2,9,night,80,fromrf,8,sunny,none
CHA202408240,2024/08/24,DET,CHA,CHI12,13,4,9,night,86,fromlf,9,cloudy,none
CHA202408250,2024/08/25,DET,CHA,CHI12,9,4,9,day,90,rtol,11,sunny,none
CHA202408260,2024/08/26,DET,CHA,CHI12,6,3,9,night,91,rtol,12,sunny,none
CHA202408270,2024/08/27,TEX,CHA,CHI12,3,1,9,day,77,ltor,3,cloudy,none
CHA202408280,2024/08/28,TEX,CHA,CHI12,4,3,9,night,78,unknown,3,cloudy,none
CHA202408290,2024/08/29,TEX,CHA,CHI12,2,1,9,day,81,torf,6,sunny,none
CHA202408300,2024/08/30,NYN,CHA,CHI12,5,1,9,night,80,tocf,8,cloudy,none
CHA202408310,2024/08/31,NYN,CHA,CHI12,5,3,9,night,82,fromcf,6,sunny,none
CHA202409010,2024/09/01,NYN,CHA,CHI12,2,0,9,day,73,ltor,12,sunny,none
CHA202409090,2024/09/09,CLE,CHA,CHI12,5,3,9,night,79,tolf,9,sunny,none
CHA202409100,2024/09/10,CLE,CHA,CHI12,5,0,9,night,80,fromrf,3,sunny,none
CHA202409110,2024/09/11,CLE,CHA,CHI12,6,4,9,day,81,tocf,6,cloudy,none
CHA202409130,2024/09/13,OAK,CHA,CHI12,2,0,9,night,78,ltor,12,cloudy,none
CHA202409140,2024/09/14,OAK,CHA,CHI12,6,7,9,night,81,ltor,9,cloudy,none
CHA202409150,2024/09/15,OAK,CHA,CHI12,3,4,9,day,90,ltor,3,sunny,none
CHA202409240,2024/09/24,ANA,CHA,CHI12,2,3,9,night,64,tocf,10,cloudy,none
CHA202409250,2024/09/25,ANA,CHA,CHI12,3,4,10,night,70,fromlf,6,sunny,none
CHA202409260,2024/09/26,ANA,CHA,CHI12,0,7,9,day,73,fromlf,8,sunny,none
CLE202404080,2024/04/08,CHA,CLE,CLE08,0,4,9,night,63,fromrf,3,cloudy,none
CLE202404090,2024/04/09,CHA,CLE,CLE08,7,5,9,night,75,ltor,20,cloudy,none
CLE202404100,2024/04/10,CHA,CLE,CLE08,6,7,10,night,55,fromrf,6,cloudy,none
CLE202404131,2024/04/13,NYA,CLE,CLE08,3,2,9,day,49,tocf,17,sunny,none
CLE202404132,2024/04/13,NYA,CLE,CLE08,8,2,9,night,56,ltor,5,sunny,none
CLE202404140,2024/04/14,NYA,CLE,CLE08,7,8,10,day,71,ltor,13,sunny,none
CLE202404190,2024/04/19,OAK,CLE,CLE08,2,10,9,night,55,ltor,7,cloudy,none
CLE202404200,2024/04/20,OAK,CLE,CLE08,3,6,9,night,47,fromcf,9,cloudy,none
CLE202404210,2024/04/21,OAK,CLE,CLE08,2,6,9,day,44,ltor,4,cloudy,none
CLE202404230,2024/04/23,BOS,CLE,CLE08,1,4,9,night,53,ltor,7,overcast,none
CLE202404240,2024/04/24,BOS,CLE,CLE08,8,0,9,night,43,ltor,10,cloudy,none
CLE202404250,2024/04/25,BOS,CLE,CLE08,4,6,9,day,47,ltor,9,cloudy,none
CLE202405030,2024/05/03,ANA,CLE,CLE08,6,0,9,night,67,tocf,4,overcast,none
CLE202405040,2024/05/04,ANA,CLE,CLE08,1,7,9,night,73,rtol,2,overcast,none
CLE202405050,2024/05/05,ANA,CLE,CLE08,1,4,9,day,66,ltor,8,cloudy,none
CLE202405060,2024/05/06,DET,CLE,CLE08,1,2,9,night,65,fromcf,10,cloudy,none
CLE202405070,2024/05/07,DET,CLE,CLE08,11,7,9,night,72,unknown,3,overcast,drizzle
CLE202405080,2024/05/08,DET,CLE,CLE08,4,5,10,day,72,ltor,16,sunny,none
CLE202405170,2024/05/17,MIN,CLE,CLE08,2,3,9,night,66,rtol,4,cloudy,none
CLE202405180,2024/05/18,MIN,CLE,CLE08,4,11,9,night,66,fromcf,9,sunny,none
CLE202405190,2024/05/19,MIN,CLE,CLE08,2,5,9,day,77,fromcf,6,sunny,none
CLE202405200,2024/05/20,NYN,CLE,CLE08,1,3,9,night,83,fromcf,4,cloudy,none
CLE202405210,2024/05/21,NYN,CLE,CLE08,6,7,9,night,83,fromcf,4,cloudy,none
CLE202405220,2024/05/22,NYN,CLE,CLE08,3,6,9,day,76,tocf,18,overcast,none
CLE202405310,2024/05/31,WAS,CLE,CLE08,1,7,9,night,69,fromcf,4,sunny,none
CLE202406010,2024/06/01,WAS,CLE,CLE08,2,3,9,day,80,ltor,7,cloudy,none
CLE202406020,2024/06/02,WAS,CLE,CLE08,5,2,9,day,68,tocf,2,overcast,none
CLE202406040,2024/06/04,KCA,CLE,CLE08,5,8,9,night,81,unknown,2,cloudy,none
CLE202406060,2024/06/06,KCA,CLE,CLE08,4,3,9,day,74,tocf,13,sunny,none
CLE202406180,2024/06/18,SEA,CLE,CLE08,8,5,9,night,83,fromcf,7,cloudy,none
CLE202406190,2024/06/19,SEA,CLE,CLE08,0,8,9,night,85,fromcf,6,cloudy,none
CLE202406200,2024/06/20,SEA,CLE,CLE08,3,6,9,day,88,fromcf,2,cloudy,none
CLE202406210,2024/06/21,TOR,CLE,CLE08,1,7,9,night,85,fromcf,1,sunny,none
CLE202406220,2024/06/22,TOR,CLE,CLE08,3,6,9,day,89,ltor,1,cloudy,none
CLE202406230,2024/06/23,TOR,CLE,CLE08,5,6,9,day,78,ltor,26,cloudy,none
CLE202407020,2024/07/02,CHA,CLE,CLE08,6,7,9,night,83,rtol,5,cloudy,none
CLE202407030,2024/07/03,CHA,CLE,CLE08,8,2,9,night,85,ltor,3,cloudy,none
CLE202407040,2024/07/04,CHA,CLE,CLE08,4,8,9,day,80,unknown,3,cloudy,none
CLE202407050,2024/07/05,SFN,CLE,CLE08,4,2,9,night,74,rtol,2,cloudy,none
CLE202407060,2024/07/06,SFN,CLE,CLE08,4,5,9,day,79,fromcf,3,cloudy,none
CLE202407070,2024/07/07,SFN,CLE,CLE08,4,5,9,day,80,ltor,9,sunny,none
CLE202407190,2024/07/19,SDN,CLE,CLE08,0,7,9,night,74,fromrf,6,sunny,none
CLE202407200,2024/07/20,SDN,CLE,CLE08,7,0,9,night,77,unknown,4,cloudy,none
CLE202407210,2024/07/21,SDN,CLE,CLE08,2,1,9,day,80,fromcf,6,cloudy,none
CLE202407220,2024/07/22,DET,CLE,CLE08,8,2,9,night,76,rtol,5,cloudy,none
CLE202407230,2024/07/23,DET,CLE,CLE08,4,5,9,night,78,unknown,0,cloudy,none
CLE202407240,2024/07/24,DET,CLE,CLE08,1,2,9,night,77,fromcf,8,cloudy,none
CLE202407250,2024/07/25,DET,CLE,CLE08,3,0,9,day,75,fromcf,9,cloudy,none
CLE202408010,2024/08/01,BAL,CLE,CLE08,3,10,9,night,84,fromrf,4,cloudy,none
CLE202408020,2024/08/02,BAL,CLE,CLE08,4,8,9,night,80,fromcf,4,cloudy,none
CLE202408030,2024/08/03,BAL,CLE,CLE08,7,4,9,night,80,fromcf,7,cloudy,none
CLE202408040,2024/08/04,BAL,CLE,CLE08,9,5,9,day,83,fromlf,2,sunny,none
CLE202408050,2024/08/05,ARI,CLE,CLE08,7,6,10,night,81,ltor,6,cloudy,none
CLE202408071,2024/08/07,ARI,CLE,CLE08,7,3,9,day,76,fromrf,4,cloudy,none
CLE202408072,2024/08/07,ARI,CLE,CLE08,5,3,9,day,75,fromrf,11,cloudy,none
CLE202408120,2024/08/12,CHN,CLE,CLE08,8,9,9,night,74,fromcf,5,sunny,none
CLE202408130,2024/08/13,CHN,CLE,CLE08,1,2,9,night,77,rtol,8,sunny,none
CLE202408140,2024/08/14,CHN,CLE,CLE08,1,6,9,night,78,rtol,12,sunny,none
CLE202408230,2024/08/23,TEX,CLE,CLE08,5,3,9,night,76,fromrf,6,cloudy,none
CLE202408240,2024/08/24,TEX,CLE,CLE08,5,13,9,night,77,fromcf,7,cloudy,none
CLE202408250,2024/08/25,TEX,CLE,CLE08,2,4,9,day,80,ltor,5,cloudy,none
CLE202408261,2024/08/26,KCA,CLE,CLE08,4,3,9,day,84,ltor,8,sunny,none
CLE202408262,2024/08/26,KCA,CLE,CLE08,9,4,9,night,85,fromcf,4,sunny,none
CLE202408270,2024/08/27,KCA,CLE,CLE08,6,1,9,night,89,rtol,6,sunny,none
CLE202408280,2024/08/28,KCA,CLE,CLE08,5,7,9,day,83,ltor,7,cloudy,none
CLE202408300,2024/08/30,PIT,CLE,CLE08,8,10,9,night,84,ltor,4,cloudy,none
CLE202408310,2024/08/31,PIT,CLE,CLE08,3,0,9,night,76,fromcf,9,cloudy,none
CLE202409010,2024/09/01,PIT,CLE,CLE08,1,6,9,day,78,fromcf,8,sunny,none
CLE202409120,2024/09/12,TBA,CLE,CLE08,5,2,9,night,76,fromcf,8,sunny,none
CLE202409130,2024/09/13,TBA,CLE,CLE08,3,1,9,night,76,fromcf,10,sunny,none
CLE202409140,2024/09/14,TBA,CLE,CLE08,1,6,9,night,80,fromcf,8,sunny,none
CLE202409150,2024/09/15,TBA,CLE,CLE08,0,2,9,day,82,unknown,2,sunny,none
CLE202409160,2024/09/16,MIN,CLE,CLE08,3,4,9,night,77,rtol,15,sunny,none
CLE202409170,2024/09/17,MIN,CLE,CLE08,4,1,9,night,76,fromcf,6,cloudy,none
CLE202409180,2024/09/18,MIN,CLE,CLE08,4,5,10,night,75,fromcf,2,cloudy,none
CLE202409190,2024/09/19,MIN,CLE,CLE08,2,3,10,day,76,ltor,4,sunny,none
CLE202409240,2024/09/24,CIN,CLE,CLE08,1,6,9,night,73,tocf,8,cloudy,none
CLE202409250,2024/09/25,CIN,CLE,CLE08,2,5,9,night,71,unknown,2,overcast,none
CLE202409270,2024/09/27,HOU,CLE,CLE08,5,2,9,night,72,fromrf,12,cloudy,none
CLE202409280,2024/09/28,HOU,CLE,CLE08,4,3,9,night,73,fromcf,7,overcast,none
DET202404050,2024/04/05,OAK,DET,DET05,4,5,9,day,43,ltor,14,cloudy,none
DET202404060,2024/04/06,OAK,DET,DET05,4,0,9,day,55,ltor,12,sunny,none
DET202404070,2024/04/07,OAK,DET,DET05,7,1,9,day,55,fromlf,7,sunny,none
DET202404120,2024/04/12,MIN,DET,DET05,2,8,9,night,50,tolf,22,cloudy,none
DET202404131,2024/04/13,MIN,DET,DET05,11,5,12,day,57,tolf,17,sunny,none
DET202404132,2024/04/13,MIN,DET,DET05,4,1,9,day,64,tolf,15,sunny,none
DET202404140,2024/04/14,MIN,DET,DET05,3,4,9,day,78,tolf,15,sunny,none
DET202404150,2024/04/15,TEX,DET,DET05,1,0,9,night,64,unknown,0,sunny,none
DET202404160,2024/04/16,TEX,DET,DET05,2,4,9,day,64,tolf,11,sunny,none
DET202404170,2024/04/17,TEX,DET,DET05,5,4,9,day,69,fromrf,13,cloudy,none
DET202404180,2024/04/18,TEX,DET,DET05,9,7,9,day,62,tolf,11,sunny,none
DET202404260,2024/04/26,KCA,DET,DET05,8,0,9,day,58,fromlf,10,sunny,none
DET202404270,2024/04/27,KCA,DET,DET05,5,6,9,night,82,rtol,20,cloudy,none
DET202404280,2024/04/28,KCA,DET,DET05,1,4,9,day,70,fromrf,10,overcast,none
DET202404301,2024/04/30,SLN,DET,DET05,2,1,9,day,72,tolf,13,sunny,none
DET202404302,2024/04/30,SLN,DET,DET05,6,11,9,day,73,tolf,14,sunny,none
DET202405010,2024/05/01,SLN,DET,DET05,1,4,9,day,75,fromrf,17,cloudy,none
DET202405100,2024/05/10,HOU,DET,DET05,5,2,9,night,66,tocf,7,cloudy,none
DET202405110,2024/05/11,HOU,DET,DET05,2,8,9,night,57,tolf,18,overcast,none
DET202405120,2024/05/12,HOU,DET,DET05,9,3,9,day,66,rtol,4,sunny,none
DET202405130,2024/05/13,MIA,DET,DET05,5,6,9,night,80,tocf,16,cloudy,none
DET202405140,2024/05/14,MIA,DET,DET05,1,0,10,night,68,ltor,12,cloudy,none
DET202405150,2024/05/15,MIA,DET,DET05,2,0,9,day,70,ltor,8,cloudy,none
DET202405230,2024/05/23,TOR,DET,DET05,9,1,9,night,82,rtol,12,sunny,none
DET202405240,2024/05/24,TOR,DET,DET05,2,6,9,night,80,fromlf,6,cloudy,none
DET202405250,2024/05/25,TOR,DET,DET05,1,2,9,day,78,tolf,10,cloudy,none
DET202405260,2024/05/26,TOR,DET,DET05,11,14,9,day,74,fromlf,10,cloudy,none
DET202405291,2024/05/29,PIT,DET,DET05,0,8,9,day,68,ltor,8,cloudy,none
DET202405292,2024/05/29,PIT,DET,DET05,10,2,9,day,70,torf,13,cloudy,none
DET202406070,2024/06/07,MIL,DET,DET05,10,0,9,night,70,tolf,14,cloudy,none
DET202406080,2024/06/08,MIL,DET,DET05,5,4,9,day,77,fromcf,11,cloudy,none
DET202406090,2024/06/09,MIL,DET,DET05,2,10,9,day,75,rtol,13,sunny,none
DET202406110,2024/06/11,WAS,DET,DET05,5,4,10,night,72,rtol,2,cloudy,none
DET202406120,2024/06/12,WAS,DET,DET05,7,5,9,night,84,rtol,12,sunny,none
DET202406130,2024/06/13,WAS,DET,DET05,2,7,9,day,85,fromrf,14,sunny,none
DET202406210,2024/06/21,CHA,DET,DET05,1,2,9,night,85,fromrf,8,sunny,none
DET202406220,2024/06/22,CHA,DET,DET05,5,1,9,day,91,rtol,14,cloudy,none
DET202406230,2024/06/23,CHA,DET,DET05,2,11,9,day,84,tolf,15,cloudy,none
DET202406240,2024/06/24,PHI,DET,DET05,8,1,9,night,81,tocf,10,cloudy,none
DET202406250,2024/06/25,PHI,DET,DET05,1,4,9,night,84,rtol,16,cloudy,none
DET202406260,2024/06/26,PHI,DET,DET05,6,2,9,day,80,tocf,4,cloudy,none
DET202407080,2024/07/08,CLE,DET,DET05,0,1,9,night,88,fromcf,12,cloudy,none
DET202407090,2024/07/09,CLE,DET,DET05,9,8,10,night,83,rtol,6,cloudy,none
DET202407100,2024/07/10,CLE,DET,DET05,4,5,9,night,67,tocf,15,overcast,none
DET202407110,2024/07/11,CLE,DET,DET05,1,10,9,day,83,torf,5,sunny,none
DET202407120,2024/07/12,LAN,DET,DET05,4,3,9,night,83,fromlf,6,cloudy,none
DET202407130,2024/07/13,LAN,DET,DET05,9,11,10,day,86,fromcf,4,sunny,none
DET202407140,2024/07/14,LAN,DET,DET05,3,4,9,day,85,rtol,13,cloudy,none
DET202407260,2024/07/26,MIN,DET,DET05,9,3,9,night,79,fromlf,7,sunny,none
DET202407270,2024/07/27,MIN,DET,DET05,2,7,9,night,82,ltor,7,sunny,none
DET202407280,2024/07/28,MIN,DET,DET05,5,0,9,day,86,fromcf,8,sunny,none
DET202407290,2024/07/29,CLE,DET,DET05,8,4,9,night,83,fromcf,10,cloudy,none
DET202407300,2024/07/30,CLE,DET,DET05,5,0,9,day,80,tolf,7,cloudy,none
DET202408010,2024/08/01,KCA,DET,DET05,7,1,9,night,87,fromcf,11,cloudy,none
DET202408020,2024/08/02,KCA,DET,DET05,9,2,9,night,80,unknown,8,cloudy,none
DET202408030,2024/08/03,KCA,DET,DET05,5,6,11,night,90,tocf,9,sunny,none
DET202408040,2024/08/04,KCA,DET,DET05,3,2,9,day,86,fromrf,5,sunny,none
DET202408130,2024/08/13,SEA,DET,DET05,1,15,9,night,81,fromlf,7,sunny,none
DET202408140,2024/08/14,SEA,DET,DET05,2,3,10,night,82,ltor,6,sunny,none
DET202408150,2024/08/15,SEA,DET,DET05,1,2,9,day,80,fromcf,8,sunny,none
DET202408160,2024/08/16,NYA,DET,DET05,3,0,9,night,80,fromrf,10,cloudy,none
DET202408170,2024/08/17,NYA,DET,DET05,0,4,9,day,76,rtol,10,cloudy,none
DET202408180,2024/08/18,NYA,DET,WIL02,2,3,10,night,73,tocf,5,cloudy,none
DET202408270,2024/08/27,ANA,DET,DET05,2,6,9,night,75,tolf,7,sunny,none
DET202408280,2024/08/28,ANA,DET,DET05,2,3,9,night,79,torf,9,cloudy,none
DET202408290,2024/08/29,ANA,DET,DET05,3,0,9,day,72,rtol,4,overcast,none
DET202408300,2024/08/30,BOS,DET,DET05,7,5,10,night,91,fromrf,11,sunny,none
DET202408310,2024/08/31,BOS,DET,DET05,1,2,9,night,85,tolf,8,cloudy,none
DET202409010,2024/09/01,BOS,DET,DET05,1,4,9,day,80,tocf,9,cloudy,none
DET202409100,2024/09/10,COL,DET,DET05,0,11,9,night,77,fromcf,8,sunny,none
DET202409110,2024/09/11,COL,DET,DET05,4,7,9,night,82,fromrf,7,sunny,none
DET202409120,2024/09/12,COL,DET,DET05,4,2,9,day,82,tocf,5,sunny,none
DET202409130,2024/09/13,BAL,DET,DET05,0,1,9,night,81,fromlf,13,sunny,none
DET202409140,2024/09/14,BAL,DET,DET05,4,2,9,night,81,fromlf,9,sunny,none
DET202409150,2024/09/15,BAL,DET,DET05,2,4,9,day,81,fromcf,7,sunny,none
DET202409240,2024/09/24,TBA,DET,DET05,1,2,9,day,68,ltor,5,overcast,none
DET202409250,2024/09/25,TBA,DET,DET05,1,7,9,night,75,fromrf,7,cloudy,none
DET202409260,2024/09/26,TBA,DET,DET05,3,4,9,day,72,ltor,8,cloudy,none
DET202409270,2024/09/27,CHA,DET,DET05,1,4,9,night,75,fromlf,22,cloudy,none
DET202409280,2024/09/28,CHA,DET,DET05,4,0,9,day,70,ltor,9,overcast,drizzle
DET202409290,2024/09/29,CHA,DET,DET05,9,5,9,day,72,fromlf,8,overcast,none
HOU202403280,2024/03/28,NYA,HOU,HOU03,5,4,9,day,73,unknown,0,dome,none
HOU202403290,2024/03/29,NYA,HOU,HOU03,7,1,9,night,73,unknown,0,dome,none
HOU202403300,2024/03/30,NYA,HOU,HOU03,5,3,9,night,73,unknown,0,dome,none
HOU202403310,2024/03/31,NYA,HOU,HOU03,4,3,9,day,73,unknown,0,dome,none
HOU202404010,2024/04/01,TOR,HOU,HOU03,0,10,9,night,73,unknown,0,dome,none
HOU202404020,2024/04/02,TOR,HOU,HOU03,2,1,9,night,73,unknown,0,dome,none
HOU202404030,2024/04/03,TOR,HOU,HOU03,0,8,9,night,73,unknown,0,dome,none
HOU202404120,2024/04/12,TEX,HOU,HOU03,12,8,9,night,73,unknown,0,dome,none
HOU202404130,2024/04/13,TEX,HOU,HOU03,2,9,9,day,73,unknown,0,dome,none
HOU202404140,2024/04/14,TEX,HOU,HOU03,5,8,9,day,73,unknown,0,dome,none
HOU202404150,2024/04/15,ATL,HOU,HOU03,6,1,9,night,73,unknown,0,dome,none
HOU202404160,2024/04/16,ATL,HOU,HOU03,6,2,9,night,73,unknown,0,dome,none
HOU202404170,2024/04/17,ATL,HOU,HOU03,5,4,10,day,73,unknown,0,dome,none
HOU202404300,2024/04/30,CLE,HOU,HOU03,9,10,10,night,73,unknown,0,dome,none
HOU202405010,2024/05/01,CLE,HOU,HOU03,3,2,10,night,73,unknown,0,dome,none
HOU202405020,2024/05/02,CLE,HOU,HOU03,2,8,9,night,73,unknown,0,dome,none
HOU202405030,2024/05/03,SEA,HOU,HOU03,3,5,9,night,73,unknown,0,dome,none
HOU202405040,2024/05/04,SEA,HOU,HOU03,5,0,9,night,73,unknown,0,dome,none
HOU202405050,2024/05/05,SEA,HOU,HOU03,5,4,9,day,73,unknown,0,dome,none
HOU202405130,2024/05/13,OAK,HOU,HOU03,2,9,9,night,73,unknown,0,dome,none
HOU202405140,2024/05/14,OAK,HOU,HOU03,1,2,10,night,73,unknown,0,dome,none
HOU202405150,2024/05/15,OAK,HOU,HOU03,0,3,9,night,73,unknown,0,dome,none
HOU202405160,2024/05/16,OAK,HOU,HOU03,1,8,9,night,73,unknown,0,dome,none
HOU202405170,2024/05/17,MIL,HOU,HOU03,4,5,9,night,73,unknown,0,dome,none
HOU202405180,2024/05/18,MIL,HOU,HOU03,4,2,9,night,73,unknown,0,dome,none
HOU202405190,2024/05/19,MIL,HOU,HOU03,4,9,9,day,73,unknown,0,dome,none
HOU202405200,2024/05/20,ANA,HOU,HOU03,9,7,9,night,73,unknown,0,dome,none
HOU202405210,2024/05/21,ANA,HOU,HOU03,5,6,10,night,73,unknown,0,dome,none
HOU202405220,2024/05/22,ANA,HOU,HOU03,2,1,9,day,73,unknown,0,dome,none
HOU202405310,2024/05/31,MIN,HOU,HOU03,6,1,9,night,73,unknown,0,dome,none
HOU202406010,2024/06/01,MIN,HOU,HOU03,2,5,9,day,73,unknown,0,dome,none
HOU202406020,2024/06/02,MIN,HOU,HOU03,4,3,9,day,73,unknown,0,dome,none
HOU202406030,2024/06/03,SLN,HOU,HOU03,4,7,9,night,73,unknown,0,dome,none
HOU202406040,2024/06/04,SLN,HOU,HOU03,5,8,9,night,73,unknown,0,dome,none
HOU202406050,2024/06/05,SLN,HOU,HOU03,4,2,9,day,73,unknown,0,dome,none
HOU202406140,2024/06/14,DET,HOU,HOU03,0,4,9,night,73,unknown,0,dome,none
HOU202406150,2024/06/15,DET,HOU,HOU03,13,5,9,day,73,unknown,0,dome,none
HOU202406160,2024/06/16,DET,HOU,HOU03,1,4,9,day,73,unknown,0,dome,none
HOU202406210,2024/06/21,BAL,HOU,HOU03,11,14,9,night,73,unknown,0,dome,none
HOU202406220,2024/06/22,BAL,HOU,HOU03,1,5,9,day,73,unknown,0,dome,none
HOU202406230,2024/06/23,BAL,HOU,HOU03,1,8,9,day,73,unknown,0,dome,none
HOU202406250,2024/06/25,COL,HOU,HOU03,2,5,9,night,73,unknown,0,dome,none
HOU202406260,2024/06/26,COL,HOU,HOU03,1,7,9,day,73,unknown,0,dome,none
HOU202407090,2024/07/09,MIA,HOU,HOU03,3,4,9,night,73,unknown,0,dome,none
HOU202407100,2024/07/10,MIA,HOU,HOU03,1,9,9,night,73,unknown,0,dome,none
HOU202407110,2024/07/11,MIA,HOU,HOU03,3,6,9,night,73,unknown,0,dome,none
HOU202407120,2024/07/12,TEX,HOU,HOU03,3,6,9,night,73,unknown,0,dome,none
HOU202407130,2024/07/13,TEX,HOU,HOU03,2,1,10,day,73,unknown,0,dome,none
HOU202407140,2024/07/14,TEX,HOU,HOU03,4,2,9,day,73,unknown,0,dome,none
HOU202407260,2024/07/26,LAN,HOU,HOU03,0,5,9,night,73,unknown,0,dome,none
HOU202407270,2024/07/27,LAN,HOU,HOU03,6,7,9,night,73,unknown,0,dome,none
HOU202407280,2024/07/28,LAN,HOU,HOU03,6,2,9,day,73,unknown,0,dome,none
HOU202407290,2024/07/29,PIT,HOU,HOU03,5,3,9,night,73,unknown,0,dome,none
HOU202407300,2024/07/30,PIT,HOU,HOU03,6,2,9,night,73,unknown,0,dome,none
HOU202407310,2024/07/31,PIT,HOU,HOU03,4,5,9,night,73,unknown,0,dome,none
HOU202408020,2024/08/02,TBA,HOU,HOU03,2,3,9,night,73,unknown,0,dome,none
HOU202408030,2024/08/03,TBA,HOU,HOU03,6,1,9,night,73,unknown,0,dome,none
HOU202408040,2024/08/04,TBA,HOU,HOU03,1,0,9,day,73,unknown,0,dome,none
HOU202408160,2024/08/16,CHA,HOU,HOU03,5,4,9,night,73,unknown,0,dome,none
HOU202408170,2024/08/17,CHA,HOU,HOU03,1,6,9,night,73,unknown,0,dome,none
HOU202408180,2024/08/18,CHA,HOU,HOU03,0,2,9,day,73,unknown,0,dome,none
HOU202408190,2024/08/19,BOS,HOU,HOU03,4,5,9,night,73,unknown,0,dome,none
HOU202408200,2024/08/20,BOS,HOU,HOU03,6,5,9,night,73,unknown,0,dome,none
HOU202408210,2024/08/21,BOS,HOU,HOU03,4,1,9,day,73,unknown,0,dome,none
HOU202408290,2024/08/29,KCA,HOU,HOU03,3,6,9,night,73,unknown,0,dome,none
HOU202408300,2024/08/30,KCA,HOU,HOU03,2,3,9,night,73,unknown,0,dome,none
HOU202408310,2024/08/31,KCA,HOU,HOU03,2,5,9,night,73,unknown,0,dome,none
HOU202409010,2024/09/01,KCA,HOU,HOU03,2,7,9,day,73,unknown,0,dome,none
HOU202409060,2024/09/06,ARI,HOU,HOU03,0,8,9,night,73,unknown,0,dome,none
HOU202409070,2024/09/07,ARI,HOU,HOU03,5,11,9,day,73,unknown,0,dome,none
HOU202409080,2024/09/08,ARI,HOU,HOU03,12,6,9,night,0,unknown,0,dome,none
HOU202409100,2024/09/10,OAK,HOU,HOU03,4,3,12,night,73,unknown,0,dome,none
HOU202409110,2024/09/11,OAK,HOU,HOU03,5,4,9,night,73,unknown,0,dome,none
HOU202409120,2024/09/12,OAK,HOU,HOU03,3,6,9,day,73,unknown,0,dome,none
HOU202409190,2024/09/19,ANA,HOU,HOU03,1,3,9,night,73,unknown,0,dome,none
HOU202409200,2024/09/20,ANA,HOU,HOU03,7,9,9,night,73,unknown,0,dome,none
HOU202409210,2024/09/21,ANA,HOU,HOU03,4,10,9,night,73,unknown,0,dome,none
HOU202409220,2024/09/22,ANA,HOU,HOU03,9,8,9,day,73,unknown,0,dome,none
HOU202409230,2024/09/23,SEA,HOU,HOU03,6,1,9,night,73,unknown,0,dome,none
HOU202409240,2024/09/24,SEA,HOU,HOU03,3,4,9,night,73,unknown,0,dome,none
HOU202409250,2024/09/25,SEA,HOU,HOU03,8,1,9,day,73,unknown,0,dome,none
KCA202403280,2024/03/28,MIN,KCA,KAN06,4,1,9,day,65,rtol,16,sunny,none
KCA202403300,2024/03/30,MIN,KCA,KAN06,5,1,9,day,66,fromlf,6,sunny,none
KCA202403310,2024/03/31,MIN,KCA,KAN06,0,11,9,day,69,rtol,9,overcast,none
KCA202404040,2024/04/04,CHA,KCA,KAN06,1,10,9,night,60,ltor,13,sunny,none
KCA202404050,2024/04/05,CHA,KCA,KAN06,1,2,9,night,63,rtol,13,sunny,none
KCA202404060,2024/04/06,CHA,KCA,KAN06,0,3,9,night,71,rtol,20,sunny,none
KCA202404070,2024/04/07,CHA,KCA,KAN06,3,5,9,day,63,rtol,15,sunny,none
KCA202404090,2024/04/09,HOU,KCA,KAN06,3,4,10,night,66,fromrf,7,sunny,none
KCA202404100,2024/04/10,HOU,KCA,KAN06,2,11,9,night,63,ltor,7,cloudy,none
KCA202404110,2024/04/11,HOU,KCA,KAN06,3,13,9,day,61,ltor,23,sunny,none
KCA202404190,2024/04/19,BAL,KCA,KAN06,4,9,9,night,59,ltor,7,cloudy,none
KCA202404200,2024/04/20,BAL,KCA,KAN06,9,7,9,night,53,ltor,10,cloudy,none
KCA202404210,2024/04/21,BAL,KCA,KAN06,5,0,9,day,55,ltor,9,sunny,none
KCA202404220,2024/04/22,TOR,KCA,KAN06,5,3,9,night,69,rtol,21,cloudy,none
KCA202404230,2024/04/23,TOR,KCA,KAN06,2,3,9,night,73,ltor,9,unknown,unknown
KCA202404240,2024/04/24,TOR,KCA,KAN06,2,3,9,night,74,rtol,3,sunny,none
KCA202404250,2024/04/25,TOR,KCA,KAN06,1,2,5,day,59,rtol,14,cloudy,none
KCA202405030,2024/05/03,TEX,KCA,KAN06,1,7,9,night,74,rtol,8,cloudy,none
KCA202405040,2024/05/04,TEX,KCA,KAN06,15,4,9,night,65,ltor,11,cloudy,none
KCA202405050,2024/05/05,TEX,KCA,KAN06,3,2,10,day,63,fromrf,7,cloudy,none
KCA202405060,2024/05/06,MIL,KCA,KAN06,2,3,9,night,74,rtol,14,cloudy,none
KCA202405070,2024/05/07,MIL,KCA,KAN06,6,5,9,night,77,rtol,14,sunny,none
KCA202405080,2024/05/08,MIL,KCA,KAN06,4,6,9,day,67,rtol,8,cloudy,none
KCA202405170,2024/05/17,OAK,KCA,KAN06,2,6,9,night,78,ltor,7,sunny,none
KCA202405180,2024/05/18,OAK,KCA,KAN06,3,5,9,night,87,rtol,6,sunny,none
KCA202405190,2024/05/19,OAK,KCA,KAN06,4,8,9,day,85,rtol,7,sunny,none
KCA202405200,2024/05/20,DET,KCA,KAN06,3,8,9,night,81,rtol,12,cloudy,none
KCA202405210,2024/05/21,DET,KCA,KAN06,3,10,9,night,75,ltor,18,cloudy,none
KCA202405220,2024/05/22,DET,KCA,KAN06,3,8,9,day,69,ltor,3,sunny,none
KCA202405310,2024/05/31,SDN,KCA,KAN06,11,8,9,night,69,rtol,7,overcast,none
KCA202406010,2024/06/01,SDN,KCA,KAN06,7,3,9,day,80,ltor,7,cloudy,none
KCA202406020,2024/06/02,SDN,KCA,KAN06,3,4,9,day,82,rtol,11,cloudy,none
KCA202406070,2024/06/07,SEA,KCA,KAN06,9,10,9,night,87,rtol,12,cloudy,none
KCA202406080,2024/06/08,SEA,KCA,KAN06,4,8,9,day,85,ltor,6,cloudy,none
KCA202406090,2024/06/09,SEA,KCA,KAN06,6,5,10,day,76,rtol,9,sunny,none
KCA202406100,2024/06/10,NYA,KCA,KAN06,4,2,9,night,80,fromrf,5,sunny,none
KCA202406110,2024/06/11,NYA,KCA,KAN06,10,1,9,night,83,rtol,8,cloudy,none
KCA202406120,2024/06/12,NYA,KCA,KAN06,11,5,9,night,86,rtol,14,sunny,none
KCA202406130,2024/06/13,NYA,KCA,KAN06,3,4,9,day,90,rtol,15,sunny,none
KCA202406240,2024/06/24,MIA,KCA,KAN06,1,4,9,night,100,rtol,16,sunny,none
KCA202406250,2024/06/25,MIA,KCA,KAN06,2,1,9,night,94,rtol,13,sunny,none
KCA202406260,2024/06/26,MIA,KCA,KAN06,1,5,9,day,79,ltor,14,cloudy,none
KCA202406270,2024/06/27,CLE,KCA,KAN06,1,2,9,night,84,rtol,13,cloudy,none
KCA202406280,2024/06/28,CLE,KCA,KAN06,3,10,9,night,87,rtol,11,cloudy,none
KCA202406290,2024/06/29,CLE,KCA,KAN06,7,2,9,day,89,ltor,8,cloudy,none
KCA202406300,2024/06/30,CLE,KCA,KAN06,2,6,9,day,78,rtol,8,sunny,none
KCA202407020,2024/07/02,TBA,KCA,KAN06,5,1,9,night,92,rtol,13,cloudy,none
KCA202407030,2024/07/03,TBA,KCA,KAN06,2,4,9,night,76,rtol,7,overcast,rain
KCA202407040,2024/07/04,TBA,KCA,KAN06,10,8,9,night,83,ltor,9,sunny,none
KCA202407190,2024/07/19,CHA,KCA,KAN06,1,7,9,night,82,rtol,12,sunny,none
KCA202407200,2024/07/20,CHA,KCA,KAN06,1,6,9,night,76,fromrf,5,cloudy,none
KCA202407210,2024/07/21,CHA,KCA,KAN06,1,4,9,day,77,fromrf,7,cloudy,none
KCA202407220,2024/07/22,ARI,KCA,KAN06,4,10,9,night,82,fromrf,5,cloudy,none
KCA202407230,2024/07/23,ARI,KCA,KAN06,6,2,9,night,86,fromrf,8,cloudy,none
KCA202407240,2024/07/24,ARI,KCA,KAN06,8,6,9,night,90,rtol,5,cloudy,none
KCA202407260,2024/07/26,CHN,KCA,KAN06,0,6,9,night,88,rtol,8,sunny,none
KCA202407270,2024/07/27,CHN,KCA,KAN06,9,4,9,night,73,unknown,5,cloudy,none
KCA202407280,2024/07/28,CHN,KCA,KAN06,7,3,9,day,88,rtol,12,cloudy,none
KCA202408050,2024/08/05,BOS,KCA,KAN06,9,5,9,night,95,rtol,11,sunny,none
KCA202408060,2024/08/06,BOS,KCA,KAN06,6,5,9,night,77,ltor,12,cloudy,none
KCA202408070,2024/08/07,BOS,KCA,KAN06,4,8,9,night,83,rtol,8,sunny,none
KCA202408090,2024/08/09,SLN,KCA,KAN06,8,5,9,night,73,ltor,7,cloudy,none
KCA202408100,2024/08/10,SLN,KCA,KAN06,3,8,9,night,77,rtol,3,sunny,none
KCA202408190,2024/08/19,ANA,KCA,KAN06,3,5,9,night,84,fromlf,12,sunny,none
KCA202408200,2024/08/20,ANA,KCA,KAN06,9,5,9,night,74,rtol,10,sunny,none
KCA202408210,2024/08/21,ANA,KCA,KAN06,0,3,9,night,76,fromrf,11,sunny,none
KCA202408230,2024/08/23,PHI,KCA,KAN06,4,7,9,night,80,fromrf,9,cloudy,none
KCA202408240,2024/08/24,PHI,KCA,KAN06,11,2,9,night,91,rtol,13,cloudy,none
KCA202408250,2024/08/25,PHI,KCA,KAN06,11,3,9,day,93,rtol,14,sunny,none
KCA202409020,2024/09/02,CLE,KCA,KAN06,4,2,9,day,78,ltor,6,sunny,none
KCA202409030,2024/09/03,CLE,KCA,KAN06,7,1,9,night,79,rtol,4,sunny,none
KCA202409040,2024/09/04,CLE,KCA,KAN06,1,4,9,night,82,unknown,1,sunny,none
KCA202409060,2024/09/06,MIN,KCA,KAN06,0,5,9,night,76,ltor,16,sunny,none
KCA202409070,2024/09/07,MIN,KCA,KAN06,2,4,9,night,75,rtol,9,sunny,none
KCA202409080,2024/09/08,MIN,KCA,KAN06,0,2,9,day,73,rtol,6,sunny,none
KCA202409160,2024/09/16,DET,KCA,KAN06,7,6,9,night,86,rtol,10,cloudy,none
KCA202409170,2024/09/17,DET,KCA,KAN06,3,1,10,night,86,rtol,9,sunny,none
KCA202409180,2024/09/18,DET,KCA,KAN06,4,2,9,night,86,rtol,11,sunny,none
KCA202409200,2024/09/20,SFN,KCA,KAN06,2,1,9,night,93,rtol,9,sunny,none
KCA202409210,2024/09/21,SFN,KCA,KAN06,9,0,9,day,87,rtol,12,cloudy,none
KCA202409220,2024/09/22,SFN,KCA,KAN06,2,0,9,day,64,ltor,10,overcast,drizzle
MIN202404040,2024/04/04,CLE,MIN,MIN04,4,2,9,day,48,tolf,13,cloudy,none
MIN202404060,2024/04/06,CLE,MIN,MIN04,3,1,9,day,55,fromrf,15,sunny,none
MIN202404080,2024/04/08,LAN,MIN,MIN04,4,2,9,night,49,tocf,9,cloudy,none
MIN202404090,2024/04/09,LAN,MIN,MIN04,6,3,9,night,60,tocf,11,cloudy,none
MIN202404100,2024/04/10,LAN,MIN,MIN04,2,3,9,day,60,rtol,10,sunny,none
MIN202404190,2024/04/19,DET,MIN,MIN04,5,4,9,night,38,torf,16,overcast,none
MIN202404200,2024/04/20,DET,MIN,MIN04,3,4,9,day,42,ltor,12,cloudy,none
MIN202404210,2024/04/21,DET,MIN,MIN04,6,1,9,day,56,tocf,11,sunny,none
MIN202404220,2024/04/22,CHA,MIN,MIN04,0,7,9,night,65,rtol,10,cloudy,none
MIN202404230,2024/04/23,CHA,MIN,MIN04,5,6,9,night,52,tocf,15,cloudy,none
MIN202404240,2024/04/24,CHA,MIN,MIN04,3,6,9,night,59,rtol,5,sunny,none
MIN202404250,2024/04/25,CHA,MIN,MIN04,3,6,9,day,61,rtol,13,cloudy,none
MIN202405030,2024/05/03,BOS,MIN,MIN04,2,5,9,night,69,tolf,4,cloudy,none
MIN202405040,2024/05/04,BOS,MIN,MIN04,1,3,9,day,52,torf,9,overcast,none
MIN202405050,2024/05/05,BOS,MIN,MIN04,9,2,9,day,68,rtol,4,cloudy,none
MIN202405060,2024/05/06,SEA,MIN,MIN04,1,3,9,night,72,ltor,15,cloudy,none
MIN202405070,2024/05/07,SEA,MIN,MIN04,10,6,9,night,68,tolf,10,cloudy,none
MIN202405080,2024/05/08,SEA,MIN,MIN04,3,6,9,night,75,fromlf,4,cloudy,none
MIN202405090,2024/05/09,SEA,MIN,MIN04,1,11,9,day,63,fromlf,10,cloudy,none
MIN202405140,2024/05/14,NYA,MIN,MIN04,5,1,9,night,71,fromcf,7,sunny,none
MIN202405150,2024/05/15,NYA,MIN,MIN04,4,0,9,night,71,rtol,11,cloudy,none
MIN202405160,2024/05/16,NYA,MIN,MIN04,5,0,9,day,60,tocf,11,cloudy,none
MIN202405240,2024/05/24,TEX,MIN,MIN04,2,3,9,night,67,tocf,14,cloudy,none
MIN202405250,2024/05/25,TEX,MIN,MIN04,3,5,9,day,72,tolf,13,cloudy,none
MIN202405260,2024/05/26,TEX,MIN,MIN04,6,2,9,day,68,fromrf,9,overcast,none
MIN202405270,2024/05/27,KCA,MIN,MIN04,5,6,9,day,60,tocf,2,cloudy,none
MIN202405280,2024/05/28,KCA,MIN,MIN04,2,4,9,night,65,ltor,10,cloudy,none
MIN202405290,2024/05/29,KCA,MIN,MIN04,6,1,9,night,71,rtol,8,cloudy,none
MIN202405300,2024/05/30,KCA,MIN,MIN04,6,7,9,day,77,rtol,14,cloudy,none
MIN202406100,2024/06/10,COL,MIN,MIN04,0,5,9,night,75,rtol,7,cloudy,none
MIN202406110,2024/06/11,COL,MIN,MIN04,5,4,9,night,82,torf,6,sunny,none
MIN202406120,2024/06/12,COL,MIN,MIN04,9,17,9,day,65,rtol,13,overcast,none
MIN202406130,2024/06/13,OAK,MIN,MIN04,2,6,9,night,81,tocf,10,sunny,none
MIN202406140,2024/06/14,OAK,MIN,MIN04,5,6,10,night,80,fromcf,2,cloudy,none
MIN202406161,2024/06/16,OAK,MIN,MIN04,2,6,9,day,82,rtol,15,cloudy,none
MIN202406162,2024/06/16,OAK,MIN,MIN04,7,8,9,night,87,tolf,10,cloudy,none
MIN202406180,2024/06/18,TBA,MIN,MIN04,6,7,9,night,85,rtol,7,cloudy,none
MIN202406190,2024/06/19,TBA,MIN,MIN04,3,2,10,night,72,tocf,4,cloudy,none
MIN202406200,2024/06/20,TBA,MIN,MIN04,7,6,10,day,69,fromrf,6,overcast,none
MIN202407020,2024/07/02,DET,MIN,MIN04,3,5,9,night,72,rtol,4,overcast,none
MIN202407030,2024/07/03,DET,MIN,MIN04,9,2,9,night,83,tocf,8,cloudy,none
MIN202407040,2024/07/04,DET,MIN,MIN04,3,12,7,day,69,ltor,6,overcast,drizzle
MIN202407050,2024/07/05,HOU,MIN,MIN04,13,12,9,night,75,ltor,7,sunny,none
MIN202407060,2024/07/06,HOU,MIN,MIN04,3,9,9,day,78,tolf,6,cloudy,none
MIN202407070,2024/07/07,HOU,MIN,MIN04,2,3,9,day,77,tocf,6,cloudy,none
MIN202407200,2024/07/20,MIL,MIN,MIN04,8,4,12,night,83,tolf,5,cloudy,none
MIN202407210,2024/07/21,MIL,MIN,MIN04,8,7,9,day,79,fromcf,2,cloudy,none
MIN202407220,2024/07/22,PHI,MIN,MIN04,2,7,9,night,75,torf,4,overcast,none
MIN202407230,2024/07/23,PHI,MIN,MIN04,3,0,9,night,75,fromcf,6,cloudy,none
MIN202407240,2024/07/24,PHI,MIN,MIN04,4,5,9,day,71,fromlf,6,cloudy,none
MIN202408020,2024/08/02,CHA,MIN,MIN04,2,10,9,night,87,tocf,8,sunny,none
MIN202408030,2024/08/03,CHA,MIN,MIN04,2,6,9,night,87,rtol,7,cloudy,none
MIN202408040,2024/08/04,CHA,MIN,MIN04,7,13,9,day,78,torf,8,cloudy,none
MIN202408091,2024/08/09,CLE,MIN,MIN04,2,4,9,day,67,torf,13,cloudy,none
MIN202408092,2024/08/09,CLE,MIN,MIN04,3,6,9,night,65,tocf,10,cloudy,none
MIN202408100,2024/08/10,CLE,MIN,MIN04,2,1,9,night,72,torf,9,cloudy,none
MIN202408110,2024/08/11,CLE,MIN,MIN04,5,3,9,day,70,torf,2,sunny,none
MIN202408120,2024/08/12,KCA,MIN,MIN04,3,8,9,night,81,fromcf,5,sunny,none
MIN202408130,2024/08/13,KCA,MIN,MIN04,3,13,9,night,81,tolf,8,cloudy,none
MIN202408140,2024/08/14,KCA,MIN,MIN04,4,1,9,day,77,rtol,10,cloudy,none
MIN202408230,2024/08/23,SLN,MIN,MIN04,6,1,9,night,79,rtol,5,cloudy,none
MIN202408240,2024/08/24,SLN,MIN,MIN04,0,6,9,night,84,fromrf,9,cloudy,none
MIN202408250,2024/08/25,SLN,MIN,MIN04,3,2,9,day,82,fromrf,9,cloudy,none
MIN202408260,2024/08/26,ATL,MIN,MIN04,10,6,9,night,91,tocf,3,cloudy,none
MIN202408270,2024/08/27,ATL,MIN,MIN04,8,6,10,night,75,fromlf,5,cloudy,none
MIN202408280,2024/08/28,ATL,MIN,MIN04,5,1,9,night,75,fromcf,7,cloudy,none
MIN202408300,2024/08/30,TOR,MIN,MIN04,0,2,9,night,75,tocf,7,sunny,none
MIN202408310,2024/08/31,TOR,MIN,MIN04,15,0,9,night,82,tolf,13,sunny,none
MIN202409010,2024/09/01,TOR,MIN,MIN04,3,4,9,day,69,ltor,10,sunny,none
MIN202409090,2024/09/09,ANA,MIN,MIN04,6,2,9,night,80,rtol,7,sunny,none
MIN202409100,2024/09/10,ANA,MIN,MIN04,5,10,9,night,78,rtol,10,cloudy,none
MIN202409110,2024/09/11,ANA,MIN,MIN04,4,6,9,night,85,tolf,6,sunny,none
MIN202409130,2024/09/13,CIN,MIN,MIN04,8,4,9,night,78,rtol,10,cloudy,none
MIN202409140,2024/09/14,CIN,MIN,MIN04,11,1,9,night,76,rtol,6,overcast,none
MIN202409150,2024/09/15,CIN,MIN,MIN04,2,9,9,day,81,rtol,10,cloudy,none
MIN202409240,2024/09/24,MIA,MIN,MIN04,4,1,9,night,72,torf,5,cloudy,none
MIN202409250,2024/09/25,MIA,MIN,MIN04,3,8,9,night,76,torf,3,sunny,none
MIN202409260,2024/09/26,MIA,MIN,MIN04,8,6,13,night,82,tolf,5,sunny,none
MIN202409270,2024/09/27,BAL,MIN,MIN04,7,2,9,night,81,ltor,5,sunny,none
MIN202409280,2024/09/28,BAL,MIN,MIN04,9,2,9,night,84,fromlf,6,sunny,none
MIN202409290,2024/09/29,BAL,MIN,MIN04,6,2,9,day,79,rtol,5,sunny,none
NYA202404050,2024/04/05,TOR,NYA,NYC21,3,0,9,day,46,tolf,16,cloudy,none
NYA202404060,2024/04/06,TOR,NYA,NYC21,8,9,9,night,50,ltor,13,cloudy,none
NYA202404070,2024/04/07,TOR,NYA,NYC21,3,8,9,day,52,fromlf,11,cloudy,none
NYA202404080,2024/04/08,MIA,NYA,NYC21,0,7,9,night,60,tolf,7,overcast,none
NYA202404090,2024/04/09,MIA,NYA,NYC21,2,3,9,night,65,rtol,8,cloudy,none
NYA202404100,2024/04/10,MIA,NYA,NYC21,5,2,9,night,57,fromlf,10,overcast,none
NYA202404190,2024/04/19,TBA,NYA,NYC21,3,5,9,night,51,rtol,10,overcast,none
NYA202404200,2024/04/20,TBA,NYA,NYC21,2,0,10,day,60,rtol,6,cloudy,none
NYA202404210,2024/04/21,TBA,NYA,NYC21,4,5,9,day,49,tocf,10,overcast,none
NYA202404220,2024/04/22,OAK,NYA,NYC21,2,0,9,day,54,unknown,10,sunny,none
NYA202404230,2024/04/23,OAK,NYA,NYC21,3,4,9,night,53,rtol,18,cloudy,none
NYA202404240,2024/04/24,OAK,NYA,NYC21,3,7,9,night,63,unknown,14,sunny,none
NYA202404250,2024/04/25,OAK,NYA,NYC21,3,1,9,night,51,fromrf,12,sunny,none
NYA202405030,2024/05/03,DET,NYA,NYC21,1,2,9,night,57,tolf,9,sunny,none
NYA202405040,2024/05/04,DET,NYA,NYC21,3,5,9,day,61,fromlf,10,cloudy,none
NYA202405050,2024/05/05,DET,NYA,NYC21,2,5,8,day,51,rtol,11,overcast,rain
NYA202405070,2024/05/07,HOU,NYA,NYC21,3,10,9,night,73,tolf,11,cloudy,none
NYA202405080,2024/05/08,HOU,NYA,NYC21,4,9,9,night,83,torf,16,cloudy,none
NYA202405090,2024/05/09,HOU,NYA,NYC21,4,3,9,night,66,ltor,9,overcast,none
NYA202405170,2024/05/17,CHA,NYA,NYC21,2,4,9,night,69,unknown,6,cloudy,none
NYA202405180,2024/05/18,CHA,NYA,NYC21,1,6,9,day,67,fromlf,10,cloudy,none
NYA202405190,2024/05/19,CHA,NYA,NYC21,2,7,9,day,70,fromlf,9,cloudy,none
NYA202405200,2024/05/20,SEA,NYA,NYC21,5,4,9,night,68,rtol,10,cloudy,none
NYA202405210,2024/05/21,SEA,NYA,NYC21,6,3,9,night,76,tolf,8,cloudy,none
NYA202405220,2024/05/22,SEA,NYA,NYC21,3,7,9,night,76,rtol,11,sunny,none
NYA202405230,2024/05/23,SEA,NYA,NYC21,0,5,9,day,71,ltor,6,overcast,none
NYA202406040,2024/06/04,MIN,NYA,NYC21,1,5,9,night,75,tolf,10,cloudy,none
NYA202406050,2024/06/05,MIN,NYA,NYC21,5,9,9,night,74,fromrf,11,cloudy,none
NYA202406060,2024/06/06,MIN,NYA,NYC21,5,8,9,night,76,tolf,5,cloudy,none
NYA202406070,2024/06/07,LAN,NYA,NYC21,2,1,11,night,80,rtol,15,cloudy,none
NYA202406080,2024/06/08,LAN,NYA,NYC21,11,3,9,night,76,torf,11,cloudy,none
NYA202406090,2024/06/09,LAN,NYA,NYC21,4,6,9,night,74,rtol,12,sunny,none
NYA202406180,2024/06/18,BAL,NYA,NYC21,2,4,9,night,83,rtol,14,cloudy,none
NYA202406190,2024/06/19,BAL,NYA,NYC21,7,6,10,night,81,rtol,13,sunny,none
NYA202406200,2024/06/20,BAL,NYA,NYC21,17,5,9,day,90,tolf,10,cloudy,none
NYA202406210,2024/06/21,ATL,NYA,NYC21,8,1,9,night,87,ltor,10,cloudy,none
NYA202406220,2024/06/22,ATL,NYA,NYC21,3,8,9,night,80,rtol,8,cloudy,none
NYA202406230,2024/06/23,ATL,NYA,NYC21,3,1,9,day,92,tocf,11,cloudy,none
NYA202407020,2024/07/02,CIN,NYA,NYC21,5,4,9,night,79,rtol,9,cloudy,none
NYA202407030,2024/07/03,CIN,NYA,NYC21,3,2,9,night,77,rtol,13,sunny,none
NYA202407040,2024/07/04,CIN,NYA,NYC21,8,4,9,day,83,ltor,8,cloudy,none
NYA202407050,2024/07/05,BOS,NYA,NYC21,5,3,10,night,83,rtol,12,cloudy,none
NYA202407060,2024/07/06,BOS,NYA,NYC21,4,14,9,day,86,rtol,5,cloudy,none
NYA202407070,2024/07/07,BOS,NYA,NYC21,3,0,9,night,88,rtol,8,cloudy,none
NYA202407190,2024/07/19,TBA,NYA,NYC21,1,6,9,night,82,ltor,7,cloudy,none
NYA202407200,2024/07/20,TBA,NYA,NYC21,9,1,9,day,82,fromrf,8,cloudy,none
NYA202407210,2024/07/21,TBA,NYA,NYC21,6,4,9,day,84,tocf,6,cloudy,none
NYA202407220,2024/07/22,TBA,NYA,NYC21,1,9,9,day,82,tolf,10,cloudy,none
NYA202407230,2024/07/23,NYN,NYA,NYC21,3,2,9,night,76,torf,11,cloudy,none
NYA202407240,2024/07/24,NYN,NYA,NYC21,12,3,9,night,76,unknown,7,cloudy,none
NYA202408020,2024/08/02,TOR,NYA,NYC21,8,5,9,night,76,fromcf,5,cloudy,none
NYA202408030,2024/08/03,TOR,NYA,NYC21,3,8,9,day,90,unknown,8,cloudy,none
NYA202408040,2024/08/04,TOR,NYA,NYC21,3,4,10,day,79,tocf,10,cloudy,none
NYA202408071,2024/08/07,ANA,NYA,NYC21,2,5,9,night,65,fromlf,12,overcast,rain
NYA202408072,2024/08/07,ANA,NYA,NYC21,8,2,9,night,67,tocf,5,cloudy,none
NYA202408080,2024/08/08,ANA,NYA,NYC21,9,4,9,night,69,fromcf,11,overcast,rain
NYA202408101,2024/08/10,TEX,NYA,NYC21,0,8,9,day,84,rtol,8,sunny,none
NYA202408102,2024/08/10,TEX,NYA,NYC21,9,4,9,day,85,ltor,11,sunny,none
NYA202408110,2024/08/11,TEX,NYA,NYC21,7,8,9,day,77,unknown,7,cloudy,none
NYA202408200,2024/08/20,CLE,NYA,NYC21,9,5,12,night,69,torf,10,cloudy,none
NYA202408210,2024/08/21,CLE,NYA,NYC21,1,8,9,night,70,rtol,6,sunny,none
NYA202408220,2024/08/22,CLE,NYA,NYC21,0,6,9,day,74,unknown,12,cloudy,none
NYA202408230,2024/08/23,COL,NYA,NYC21,0,3,9,night,78,rtol,6,sunny,none
NYA202408240,2024/08/24,COL,NYA,NYC21,9,2,9,day,82,tolf,6,cloudy,none
NYA202408250,2024/08/25,COL,NYA,NYC21,3,10,9,day,83,rtol,7,cloudy,none
NYA202408300,2024/08/30,SLN,NYA,NYC21,3,6,9,night,71,fromcf,10,cloudy,none
NYA202408310,2024/08/31,SLN,NYA,NYC21,6,5,9,day,74,rtol,6,cloudy,none
NYA202409010,2024/09/01,SLN,NYA,NYC21,14,7,9,day,78,fromrf,8,cloudy,none
NYA202409090,2024/09/09,KCA,NYA,NYC21,4,10,9,night,74,rtol,9,sunny,none
NYA202409100,2024/09/10,KCA,NYA,NYC21,5,0,9,night,76,torf,6,sunny,none
NYA202409110,2024/09/11,KCA,NYA,NYC21,3,4,11,night,73,fromcf,8,sunny,none
NYA202409120,2024/09/12,BOS,NYA,NYC21,1,2,10,night,72,rtol,8,cloudy,none
NYA202409130,2024/09/13,BOS,NYA,NYC21,4,5,9,night,74,fromrf,7,sunny,none
NYA202409140,2024/09/14,BOS,NYA,NYC21,7,1,9,day,77,fromcf,10,sunny,none
NYA202409150,2024/09/15,BOS,NYA,NYC21,2,5,9,day,74,fromlf,9,sunny,none
NYA202409240,2024/09/24,BAL,NYA,NYC21,5,3,9,night,65,fromcf,9,cloudy,none
NYA202409250,2024/09/25,BAL,NYA,NYC21,9,7,9,night,65,fromcf,11,overcast,none
NYA202409260,2024/09/26,BAL,NYA,NYC21,1,10,9,night,73,unknown,4,cloudy,none
NYA202409270,2024/09/27,PIT,NYA,NYC21,4,2,9,night,69,fromcf,5,cloudy,none
NYA202409280,2024/09/28,PIT,NYA,NYC21,9,4,9,day,65,fromcf,14,overcast,none
NYA202409290,2024/09/29,PIT,NYA,NYC21,4,6,9,day,61,fromlf,10,overcast,rain
OAK202403280,2024/03/28,CLE,OAK,OAK01,8,0,9,night,55,torf,10,cloudy,none
OAK202403290,2024/03/29,CLE,OAK,OAK01,6,4,9,night,54,torf,15,cloudy,none
OAK202403300,2024/03/30,CLE,OAK,OAK01,12,3,9,day,60,torf,8,cloudy,none
OAK202403310,2024/03/31,CLE,OAK,OAK01,3,4,9,day,58,torf,5,cloudy,none
OAK202404010,2024/04/01,BOS,OAK,OAK01,9,0,9,night,64,torf,10,sunny,none
OAK202404020,2024/04/02,BOS,OAK,OAK01,5,4,11,night,64,torf,12,sunny,none
OAK202404030,2024/04/03,BOS,OAK,OAK01,1,0,9,day,56,unknown,11,cloudy,none
OAK202404120,2024/04/12,WAS,OAK,OAK01,1,2,10,night,60,torf,17,cloudy,none
OAK202404130,2024/04/13,WAS,OAK,OAK01,3,1,9,day,53,unknown,15,overcast,none
OAK202404140,2024/04/14,WAS,OAK,OAK01,6,7,9,day,57,torf,6,cloudy,none
OAK202404150,2024/04/15,SLN,OAK,OAK01,3,1,9,night,61,torf,12,cloudy,none
OAK202404160,2024/04/16,SLN,OAK,OAK01,3,2,9,night,68,torf,11,cloudy,none
OAK202404170,2024/04/17,SLN,OAK,OAK01,3,6,9,day,68,torf,7,cloudy,none
OAK202404290,2024/04/29,PIT,OAK,OAK01,1,5,9,night,63,torf,13,sunny,none
OAK202404300,2024/04/30,PIT,OAK,OAK01,2,5,9,night,64,torf,13,sunny,none
OAK202405010,2024/05/01,PIT,OAK,OAK01,0,4,9,day,71,torf,7,sunny,none
OAK202405030,2024/05/03,MIA,OAK,OAK01,1,3,9,night,61,torf,18,sunny,none
OAK202405040,2024/05/04,MIA,OAK,OAK01,4,20,9,day,56,torf,12,cloudy,none
OAK202405050,2024/05/05,MIA,OAK,OAK01,12,3,9,day,59,unknown,10,cloudy,none
OAK202405060,2024/05/06,TEX,OAK,OAK01,4,2,9,night,59,torf,15,cloudy,none
OAK202405070,2024/05/07,TEX,OAK,OAK01,15,8,9,day,62,torf,5,sunny,none
OAK202405081,2024/05/08,TEX,OAK,OAK01,4,9,9,day,75,torf,15,sunny,none
OAK202405082,2024/05/08,TEX,OAK,OAK01,12,11,9,day,79,torf,16,sunny,none
OAK202405210,2024/05/21,COL,OAK,OAK01,4,5,9,night,72,torf,12,sunny,none
OAK202405220,2024/05/22,COL,OAK,OAK01,4,3,12,night,64,torf,13,sunny,none
OAK202405230,2024/05/23,COL,OAK,OAK01,9,10,11,day,65,torf,7,sunny,none
OAK202405240,2024/05/24,HOU,OAK,OAK01,6,3,9,night,56,torf,18,cloudy,none
OAK202405250,2024/05/25,HOU,OAK,OAK01,1,3,9,day,57,torf,13,cloudy,none
OAK202405260,2024/05/26,HOU,OAK,OAK01,5,2,9,day,67,unknown,9,sunny,none
OAK202406040,2024/06/04,SEA,OAK,OAK01,4,3,9,night,77,unknown,10,sunny,none
OAK202406050,2024/06/05,SEA,OAK,OAK01,1,2,9,night,77,unknown,10,sunny,none
OAK202406060,2024/06/06,SEA,OAK,OAK01,3,0,9,day,69,torf,12,sunny,none
OAK202406070,2024/06/07,TOR,OAK,OAK01,1,2,9,night,63,torf,15,sunny,none
OAK202406080,2024/06/08,TOR,OAK,OAK01,7,0,9,day,65,torf,9,cloudy,none
OAK202406090,2024/06/09,TOR,OAK,OAK01,6,4,10,day,67,unknown,9,sunny,none
OAK202406180,2024/06/18,KCA,OAK,OAK01,5,7,9,night,69,torf,14,cloudy,none
OAK202406190,2024/06/19,KCA,OAK,OAK01,1,5,9,night,60,unknown,18,cloudy,none
OAK202406200,2024/06/20,KCA,OAK,OAK01,3,2,9,day,63,unknown,10,cloudy,none
OAK202406210,2024/06/21,MIN,OAK,OAK01,5,6,9,night,63,unknown,10,sunny,none
OAK202406220,2024/06/22,MIN,OAK,OAK01,10,2,9,day,76,torf,3,sunny,none
OAK202406230,2024/06/23,MIN,OAK,OAK01,3,0,9,day,75,torf,12,sunny,none
OAK202407020,2024/07/02,ANA,OAK,OAK01,5,7,9,night,85,torf,11,sunny,none
OAK202407030,2024/07/03,ANA,OAK,OAK01,0,5,9,night,84,torf,9,sunny,none
OAK202407040,2024/07/04,ANA,OAK,OAK01,0,5,9,day,81,torf,8,sunny,none
OAK202407050,2024/07/05,BAL,OAK,OAK01,3,2,9,night,76,torf,11,sunny,none
OAK202407060,2024/07/06,BAL,OAK,OAK01,8,19,9,day,82,unknown,6,sunny,none
OAK202407070,2024/07/07,BAL,OAK,OAK01,6,3,9,day,76,unknown,10,sunny,none
OAK202407190,2024/07/19,ANA,OAK,OAK01,3,13,9,night,80,torf,12,sunny,none
OAK202407200,2024/07/20,ANA,OAK,OAK01,2,8,9,day,75,torf,9,sunny,none
OAK202407210,2024/07/21,ANA,OAK,OAK01,8,5,9,day,63,unknown,10,cloudy,none
OAK202407220,2024/07/22,HOU,OAK,OAK01,0,4,9,night,75,torf,13,sunny,none
OAK202407230,2024/07/23,HOU,OAK,OAK01,2,8,9,night,82,torf,10,cloudy,none
OAK202407240,2024/07/24,HOU,OAK,OAK01,8,1,9,day,80,torf,12,cloudy,none
OAK202408020,2024/08/02,LAN,OAK,OAK01,5,6,9,night,72,torf,8,cloudy,none
OAK202408030,2024/08/03,LAN,OAK,OAK01,10,0,9,night,72,unknown,14,sunny,none
OAK202408040,2024/08/04,LAN,OAK,OAK01,3,2,9,day,68,torf,9,sunny,none
OAK202408050,2024/08/05,CHA,OAK,OAK01,1,5,9,night,66,torf,11,cloudy,none
OAK202408060,2024/08/06,CHA,OAK,OAK01,5,1,9,night,76,torf,9,sunny,none
OAK202408070,2024/08/07,CHA,OAK,OAK01,2,3,9,day,75,unknown,10,sunny,none
OAK202408170,2024/08/17,SFN,OAK,OAK01,0,2,9,day,73,torf,14,cloudy,none
OAK202408180,2024/08/18,SFN,OAK,OAK01,4,2,10,day,73,torf,8,cloudy,none
OAK202408190,2024/08/19,TBA,OAK,OAK01,0,3,9,night,70,unknown,11,sunny,none
OAK202408200,2024/08/20,TBA,OAK,OAK01,1,0,9,night,75,unknown,10,sunny,none
OAK202408210,2024/08/21,TBA,OAK,OAK01,4,2,9,night,68,unknown,9,sunny,none
OAK202408220,2024/08/22,TBA,OAK,OAK01,1,3,9,day,68,unknown,13,cloudy,none
OAK202408230,2024/08/23,MIL,OAK,OAK01,11,3,9,night,69,torf,12,cloudy,none
OAK202408240,2024/08/24,MIL,OAK,OAK01,9,5,9,day,73,torf,9,cloudy,none
OAK202408250,2024/08/25,MIL,OAK,OAK01,3,4,9,day,76,torf,8,sunny,none
OAK202409020,2024/09/02,SEA,OAK,OAK01,4,5,9,day,73,torf,14,sunny,none
OAK202409030,2024/09/03,SEA,OAK,OAK01,2,3,9,night,80,unknown,6,sunny,none
OAK202409040,2024/09/04,SEA,OAK,OAK01,16,3,9,night,72,torf,16,sunny,none
OAK202409050,2024/09/05,SEA,OAK,OAK01,6,4,9,day,76,unknown,9,sunny,none
OAK202409060,2024/09/06,DET,OAK,OAK01,6,7,13,night,73,unknown,7,sunny,none
OAK202409070,2024/09/07,DET,OAK,OAK01,2,1,9,day,74,torf,10,sunny,none
OAK202409080,2024/09/08,DET,OAK,OAK01,9,1,9,day,76,torf,9,sunny,none
OAK202409200,2024/09/20,NYA,OAK,OAK01,4,2,10,night,62,unknown,10,sunny,none
OAK202409210,2024/09/21,NYA,OAK,OAK01,10,0,9,night,66,torf,14,sunny,none
OAK202409220,2024/09/22,NYA,OAK,OAK01,7,4,9,day,69,torf,7,sunny,none
OAK202409240,2024/09/24,TEX,OAK,OAK01,4,5,9,night,69,torf,13,cloudy,none
OAK202409250,2024/09/25,TEX,OAK,OAK01,5,1,9,night,64,torf,14,cloudy,none
OAK202409260,2024/09/26,TEX,OAK,OAK01,2,3,9,day,67,torf,4,sunny,none
SEA202403280,2024/03/28,BOS,SEA,SEA03,6,4,9,night,53,unknown,0,dome,none
SEA202403290,2024/03/29,BOS,SEA,SEA03,0,1,9,night,53,tolf,8,sunny,none
SEA202403300,2024/03/30,BOS,SEA,SEA03,3,4,10,night,54,fromlf,8,dome,none
SEA202403310,2024/03/31,BOS,SEA,SEA03,5,1,9,day,52,fromcf,3,sunny,none
SEA202404010,2024/04/01,CLE,SEA,SEA03,4,5,9,night,61,ltor,1,sunny,none
SEA202404020,2024/04/02,CLE,SEA,SEA03,5,2,9,night,63,tolf,13,cloudy,none
SEA202404030,2024/04/03,CLE,SEA,SEA03,8,0,9,day,52,tocf,9,cloudy,none
SEA202404120,2024/04/12,CHN,SEA,SEA03,2,4,9,night,53,fromlf,4,sunny,none
SEA202404130,2024/04/13,CHN,SEA,SEA03,4,1,9,night,57,unknown,1,sunny,none
SEA202404140,2024/04/14,CHN,SEA,SEA03,3,2,9,day,54,ltor,6,sunny,none
SEA202404150,2024/04/15,CIN,SEA,SEA03,3,9,9,night,50,unknown,0,dome,none
SEA202404160,2024/04/16,CIN,SEA,SEA03,1,3,9,night,51,tocf,7,sunny,none
SEA202404170,2024/04/17,CIN,SEA,SEA03,1,5,9,day,51,ltor,2,cloudy,none
SEA202404260,2024/04/26,ARI,SEA,SEA03,1,6,9,night,61,unknown,0,cloudy,none
SEA202404270,2024/04/27,ARI,SEA,SEA03,1,3,9,night,49,unknown,10,dome,none
SEA202404280,2024/04/28,ARI,SEA,SEA03,3,2,9,day,54,unknown,0,dome,none
SEA202404290,2024/04/29,ATL,SEA,SEA03,1,2,9,night,47,unknown,0,dome,none
SEA202404300,2024/04/30,ATL,SEA,SEA03,2,3,9,night,53,ltor,6,cloudy,none
SEA202405010,2024/05/01,ATL,SEA,SEA03,5,2,9,day,53,unknown,0,cloudy,none
SEA202405100,2024/05/10,OAK,SEA,SEA03,1,8,9,night,77,ltor,4,sunny,none
SEA202405110,2024/05/11,OAK,SEA,SEA03,8,1,9,night,76,torf,2,sunny,none
SEA202405120,2024/05/12,OAK,SEA,SEA03,4,8,9,day,65,fromlf,1,sunny,none
SEA202405130,2024/05/13,KCA,SEA,SEA03,2,6,9,night,61,unknown,1,cloudy,none
SEA202405140,2024/05/14,KCA,SEA,SEA03,4,2,9,night,67,unknown,1,sunny,none
SEA202405150,2024/05/15,KCA,SEA,SEA03,2,4,9,day,61,torf,5,sunny,none
SEA202405270,2024/05/27,HOU,SEA,SEA03,2,3,9,night,62,ltor,4,cloudy,none
SEA202405280,2024/05/28,HOU,SEA,SEA03,2,4,9,night,56,rtol,5,cloudy,none
SEA202405290,2024/05/29,HOU,SEA,SEA03,1,2,10,night,54,unknown,0,dome,none
SEA202405300,2024/05/30,HOU,SEA,SEA03,4,0,9,day,54,torf,2,cloudy,none
SEA202405310,2024/05/31,ANA,SEA,SEA03,4,5,9,night,68,ltor,9,sunny,none
SEA202406010,2024/06/01,ANA,SEA,SEA03,0,9,9,day,65,tolf,8,cloudy,none
SEA202406020,2024/06/02,ANA,SEA,SEA03,1,5,9,day,60,unknown,2,dome,none
SEA202406100,2024/06/10,CHA,SEA,SEA03,4,8,9,night,64,torf,5,cloudy,none
SEA202406110,2024/06/11,CHA,SEA,SEA03,3,4,9,night,61,tocf,4,cloudy,none
SEA202406120,2024/06/12,CHA,SEA,SEA03,1,2,10,night,63,tocf,2,cloudy,none
SEA202406130,2024/06/13,CHA,SEA,SEA03,3,2,10,night,67,fromlf,2,cloudy,none
SEA202406140,2024/06/14,TEX,SEA,SEA03,2,3,9,night,58,unknown,0,dome,none
SEA202406150,2024/06/15,TEX,SEA,SEA03,5,7,9,day,59,unknown,0,cloudy,none
SEA202406160,2024/06/16,TEX,SEA,SEA03,0,5,9,day,54,fromlf,4,cloudy,none
SEA202406280,2024/06/28,MIN,SEA,SEA03,2,3,10,night,66,ltor,2,cloudy,none
SEA202406290,2024/06/29,MIN,SEA,SEA03,5,1,9,night,67,unknown,0,dome,none
SEA202406300,2024/06/30,MIN,SEA,SEA03,5,3,9,day,68,torf,4,cloudy,none
SEA202407020,2024/07/02,BAL,SEA,SEA03,2,0,9,night,69,ltor,4,cloudy,none
SEA202407030,2024/07/03,BAL,SEA,SEA03,4,1,9,night,71,fromlf,1,sunny,none
SEA202407040,2024/07/04,BAL,SEA,SEA03,3,7,9,day,70,torf,3,sunny,none
SEA202407050,2024/07/05,TOR,SEA,SEA03,1,2,9,night,78,ltor,3,sunny,none
SEA202407060,2024/07/06,TOR,SEA,SEA03,5,4,9,day,78,torf,4,sunny,none
SEA202407070,2024/07/07,TOR,SEA,SEA03,5,4,10,day,74,fromlf,5,sunny,none
SEA202407190,2024/07/19,HOU,SEA,SEA03,3,0,9,night,78,unknown,0,sunny,none
SEA202407200,2024/07/20,HOU,SEA,SEA03,4,2,9,night,81,ltor,2,sunny,none
SEA202407210,2024/07/21,HOU,SEA,SEA03,4,6,9,day,64,fromlf,3,overcast,none
SEA202407220,2024/07/22,ANA,SEA,SEA03,3,1,9,night,63,fromlf,2,cloudy,none
SEA202407230,2024/07/23,ANA,SEA,SEA03,5,1,9,night,73,fromcf,2,sunny,none
SEA202407240,2024/07/24,ANA,SEA,SEA03,2,1,9,day,65,ltor,2,sunny,none
SEA202408020,2024/08/02,PHI,SEA,SEA03,2,10,9,night,77,torf,2,sunny,none
SEA202408030,2024/08/03,PHI,SEA,SEA03,5,6,10,night,72,fromlf,3,cloudy,none
SEA202408040,2024/08/04,PHI,SEA,SEA03,6,0,9,day,71,tocf,3,sunny,none
SEA202408060,2024/08/06,DET,SEA,SEA03,4,2,9,night,68,torf,4,sunny,none
SEA202408070,2024/08/07,DET,SEA,SEA03,6,2,9,night,73,fromlf,2,sunny,none
SEA202408080,2024/08/08,DET,SEA,SEA03,3,4,9,night,80,fromlf,2,cloudy,none
SEA202408090,2024/08/09,NYN,SEA,SEA03,0,6,9,night,73,tocf,4,sunny,none
SEA202408100,2024/08/10,NYN,SEA,SEA03,0,4,9,night,75,tocf,4,sunny,none
SEA202408110,2024/08/11,NYN,SEA,SEA03,1,12,9,day,69,unknown,0,cloudy,none
SEA202408230,2024/08/23,SFN,SEA,SEA03,5,6,10,night,57,unknown,0,dome,none
SEA202408240,2024/08/24,SFN,SEA,SEA03,4,3,9,day,59,unknown,0,dome,none
SEA202408250,2024/08/25,SFN,SEA,SEA03,3,4,9,day,63,ltor,4,cloudy,none
SEA202408260,2024/08/26,TBA,SEA,SEA03,1,5,9,night,71,torf,2,cloudy,none
SEA202408270,2024/08/27,TBA,SEA,SEA03,3,2,9,night,65,fromcf,8,cloudy,none
SEA202408280,2024/08/28,TBA,SEA,SEA03,2,6,9,day,61,torf,4,sunny,none
SEA202409100,2024/09/10,SDN,SEA,SEA03,7,3,9,night,67,unknown,0,cloudy,none
SEA202409110,2024/09/11,SDN,SEA,SEA03,2,5,9,night,62,ltor,5,cloudy,none
SEA202409120,2024/09/12,TEX,SEA,SEA03,5,4,9,night,69,fromlf,1,cloudy,none
SEA202409130,2024/09/13,TEX,SEA,SEA03,4,5,9,night,61,unknown,0,dome,none
SEA202409140,2024/09/14,TEX,SEA,SEA03,4,5,9,night,57,fromcf,3,dome,none
SEA202409150,2024/09/15,TEX,SEA,SEA03,0,7,9,day,58,tocf,9,cloudy,none
SEA202409170,2024/09/17,NYA,SEA,SEA03,11,2,9,night,62,fromlf,3,cloudy,none
SEA202409180,2024/09/18,NYA,SEA,SEA03,2,1,10,night,65,torf,2,sunny,none
SEA202409190,2024/09/19,NYA,SEA,SEA03,2,3,9,day,57,tocf,4,cloudy,none
SEA202409270,2024/09/27,OAK,SEA,SEA03,0,2,9,night,60,unknown,0,sunny,none
SEA202409280,2024/09/28,OAK,SEA,SEA03,6,7,10,night,55,unknown,0,dome,none
SEA202409290,2024/09/29,OAK,SEA,SEA03,4,6,9,day,56,unknown,1,cloudy,none
TBA202403280,2024/03/28,TOR,TBA,STP01,8,2,9,day,72,unknown,0,dome,none
TBA202403290,2024/03/29,TOR,TBA,STP01,2,8,9,night,72,unknown,0,dome,none
TBA202403300,2024/03/30,TOR,TBA,STP01,1,5,9,day,72,unknown,0,dome,none
TBA202403310,2024/03/31,TOR,TBA,STP01,9,2,9,day,72,unknown,0,dome,none
TBA202404010,2024/04/01,TEX,TBA,STP01,9,3,9,night,72,unknown,0,dome,none
TBA202404020,2024/04/02,TEX,TBA,STP01,2,5,9,night,72,unknown,0,dome,none
TBA202404030,2024/04/03,TEX,TBA,STP01,4,1,9,day,72,unknown,0,dome,none
TBA202404120,2024/04/12,SFN,TBA,STP01,1,2,9,night,72,unknown,0,dome,none
TBA202404130,2024/04/13,SFN,TBA,STP01,11,2,9,day,72,unknown,0,dome,none
TBA202404140,2024/04/14,SFN,TBA,STP01,4,9,9,day,72,unknown,0,dome,none
TBA202404150,2024/04/15,ANA,TBA,STP01,7,3,9,night,72,unknown,0,dome,none
TBA202404160,2024/04/16,ANA,TBA,STP01,6,7,13,night,72,unknown,0,dome,none
TBA202404170,2024/04/17,ANA,TBA,STP01,5,4,9,night,72,unknown,0,dome,none
TBA202404180,2024/04/18,ANA,TBA,STP01,1,2,9,day,72,unknown,0,dome,none
TBA202404220,2024/04/22,DET,TBA,STP01,7,1,9,night,72,unknown,0,dome,none
TBA202404230,2024/04/23,DET,TBA,STP01,4,2,9,night,72,unknown,0,dome,none
TBA202404240,2024/04/24,DET,TBA,STP01,5,7,9,night,72,unknown,0,dome,none
TBA202405030,2024/05/03,NYN,TBA,STP01,8,10,9,night,72,unknown,0,dome,none
TBA202405040,2024/05/04,NYN,TBA,STP01,1,3,9,night,72,unknown,0,dome,none
TBA202405050,2024/05/05,NYN,TBA,STP01,6,7,10,day,72,unknown,0,dome,none
TBA202405060,2024/05/06,CHA,TBA,STP01,2,8,9,night,72,unknown,0,dome,none
TBA202405070,2024/05/07,CHA,TBA,STP01,1,5,9,night,72,unknown,0,dome,none
TBA202405080,2024/05/08,CHA,TBA,STP01,4,1,9,night,72,unknown,0,dome,none
TBA202405100,2024/05/10,NYA,TBA,STP01,2,0,9,night,72,unknown,0,dome,none
TBA202405110,2024/05/11,NYA,TBA,STP01,2,7,9,day,72,unknown,0,dome,none
TBA202405120,2024/05/12,NYA,TBA,STP01,10,6,9,day,72,unknown,0,dome,none
TBA202405200,2024/05/20,BOS,TBA,STP01,5,0,9,night,72,unknown,0,dome,none
TBA202405210,2024/05/21,BOS,TBA,STP01,5,2,9,night,72,unknown,0,dome,none
TBA202405220,2024/05/22,BOS,TBA,STP01,8,5,9,night,72,unknown,0,dome,none
TBA202405240,2024/05/24,KCA,TBA,STP01,8,1,9,night,72,unknown,0,dome,none
TBA202405250,2024/05/25,KCA,TBA,STP01,7,4,11,day,72,unknown,0,dome,none
TBA202405260,2024/05/26,KCA,TBA,STP01,1,4,9,day,72,unknown,0,dome,none
TBA202405280,2024/05/28,OAK,TBA,STP01,3,0,9,night,72,unknown,0,dome,none
TBA202405290,2024/05/29,OAK,TBA,STP01,3,4,9,night,72,unknown,0,dome,none
TBA202405300,2024/05/30,OAK,TBA,STP01,5,6,12,day,72,unknown,0,dome,none
TBA202406070,2024/06/07,BAL,TBA,STP01,6,3,9,night,72,unknown,0,dome,none
TBA202406080,2024/06/08,BAL,TBA,STP01,5,0,9,day,72,unknown,0,dome,none
TBA202406090,2024/06/09,BAL,TBA,STP01,9,2,9,day,72,unknown,0,dome,none
TBA202406100,2024/06/10,BAL,TBA,STP01,5,2,9,night,72,unknown,0,dome,none
TBA202406110,2024/06/11,CHN,TBA,STP01,2,5,9,night,72,unknown,0,dome,none
TBA202406120,2024/06/12,CHN,TBA,STP01,4,3,9,night,72,unknown,0,dome,none
TBA202406130,2024/06/13,CHN,TBA,STP01,2,3,9,night,72,unknown,0,dome,none
TBA202406240,2024/06/24,SEA,TBA,STP01,3,4,9,night,0,unknown,0,dome,none
TBA202406250,2024/06/25,SEA,TBA,STP01,3,11,9,night,72,unknown,0,dome,none
TBA202406260,2024/06/26,SEA,TBA,STP01,5,2,9,day,72,unknown,0,dome,none
TBA202406280,2024/06/28,WAS,TBA,STP01,1,3,9,night,72,unknown,0,dome,none
TBA202406290,2024/06/29,WAS,TBA,STP01,8,1,9,day,72,unknown,0,dome,none
TBA202406300,2024/06/30,WAS,TBA,STP01,0,5,9,day,72,unknown,0,dome,none
TBA202407090,2024/07/09,NYA,TBA,STP01,3,5,9,night,72,unknown,0,dome,none
TBA202407100,2024/07/10,NYA,TBA,STP01,2,1,9,night,72,unknown,0,dome,none
TBA202407110,2024/07/11,NYA,TBA,STP01,4,5,9,night,72,unknown,0,dome,none
TBA202407120,2024/07/12,CLE,TBA,STP01,0,2,9,night,72,unknown,0,dome,none
TBA202407130,2024/07/13,CLE,TBA,STP01,4,2,9,day,72,unknown,0,dome,none
TBA202407140,2024/07/14,CLE,TBA,STP01,0,2,9,day,72,unknown,0,dome,none
TBA202407260,2024/07/26,CIN,TBA,STP01,3,2,10,night,72,unknown,0,dome,none
TBA202407270,2024/07/27,CIN,TBA,STP01,0,4,9,day,72,unknown,0,dome,none
TBA202407280,2024/07/28,CIN,TBA,STP01,1,2,9,day,72,unknown,0,dome,none
TBA202407300,2024/07/30,MIA,TBA,STP01,3,9,9,night,72,unknown,0,dome,none
TBA202407310,2024/07/31,MIA,TBA,STP01,6,2,9,day,72,unknown,0,dome,none
TBA202408090,2024/08/09,BAL,TBA,STP01,4,1,9,night,72,unknown,0,dome,none
TBA202408100,2024/08/10,BAL,TBA,STP01,7,5,9,night,72,unknown,0,dome,none
TBA202408110,2024/08/11,BAL,TBA,STP01,1,2,9,day,72,unknown,0,dome,none
TBA202408120,2024/08/12,HOU,TBA,STP01,6,1,9,night,72,unknown,0,dome,none
TBA202408130,2024/08/13,HOU,TBA,STP01,3,2,9,night,72,unknown,0,dome,none
TBA202408140,2024/08/14,HOU,TBA,STP01,2,1,10,night,72,unknown,0,dome,none
TBA202408160,2024/08/16,ARI,TBA,STP01,4,5,9,night,72,unknown,0,dome,none
TBA202408170,2024/08/17,ARI,TBA,STP01,1,6,9,day,72,unknown,0,dome,none
TBA202408180,2024/08/18,ARI,TBA,STP01,7,8,12,day,72,unknown,0,dome,none
TBA202408300,2024/08/30,SDN,TBA,STP01,13,5,9,night,72,unknown,0,dome,none
TBA202408310,2024/08/31,SDN,TBA,STP01,4,11,9,day,72,unknown,0,dome,none
TBA202409010,2024/09/01,SDN,TBA,STP01,4,3,9,day,72,unknown,0,dome,none
TBA202409020,2024/09/02,MIN,TBA,STP01,5,4,9,night,72,unknown,0,dome,none
TBA202409030,2024/09/03,MIN,TBA,STP01,1,2,9,night,72,unknown,0,dome,none
TBA202409040,2024/09/04,MIN,TBA,STP01,4,9,9,night,72,unknown,0,dome,none
TBA202409050,2024/09/05,MIN,TBA,STP01,4,3,9,day,72,unknown,0,dome,none
TBA202409170,2024/09/17,BOS,TBA,STP01,3,8,9,night,72,unknown,0,dome,none
TBA202409180,2024/09/18,BOS,TBA,STP01,2,1,9,night,72,unknown,0,dome,none
TBA202409190,2024/09/19,BOS,TBA,STP01,0,2,9,night,72,unknown,0,dome,none
TBA202409200,2024/09/20,TOR,TBA,STP01,0,1,9,night,72,unknown,0,dome,none
TBA202409210,2024/09/21,TOR,TBA,STP01,2,3,9,day,72,unknown,0,dome,none
TBA202409220,2024/09/22,TOR,TBA,STP01,3,4,9,day,72,unknown,0,dome,none
TEX202403280,2024/03/28,CHN,TEX,ARL03,3,4,10,night,74,unknown,0,dome,none
TEX202403300,2024/03/30,CHN,TEX,ARL03,2,11,9,night,74,unknown,0,dome,none
TEX202403310,2024/03/31,CHN,TEX,ARL03,9,5,9,day,74,unknown,0,dome,none
TEX202404050,2024/04/05,HOU,TEX,ARL03,2,10,9,night,83,ltor,13,cloudy,none
TEX202404060,2024/04/06,HOU,TEX,ARL03,2,7,9,night,74,unknown,0,dome,none
TEX202404070,2024/04/07,HOU,TEX,ARL03,3,1,9,night,79,torf,9,sunny,none
TEX202404080,2024/04/08,HOU,TEX,ARL03,10,5,9,night,74,unknown,0,dome,none
TEX202404090,2024/04/09,OAK,TEX,ARL03,4,3,9,night,74,unknown,0,dome,none
TEX202404100,2024/04/10,OAK,TEX,ARL03,2,6,9,night,74,unknown,0,dome,none
TEX202404110,2024/04/11,OAK,TEX,ARL03,1,0,9,day,74,unknown,0,dome,none
TEX202404230,2024/04/23,SEA,TEX,ARL03,4,0,9,night,75,tolf,13,cloudy,none
TEX202404240,2024/04/24,SEA,TEX,ARL03,1,5,9,night,74,unknown,0,dome,none
TEX202404250,2024/04/25,SEA,TEX,ARL03,4,3,9,day,74,unknown,0,dome,none
TEX202404260,2024/04/26,CIN,TEX,ARL03,1,2,9,night,74,unknown,0,dome,none
TEX202404270,2024/04/27,CIN,TEX,ARL03,8,4,9,day,74,unknown,0,dome,none
TEX202404280,2024/04/28,CIN,TEX,ARL03,3,4,9,day,74,unknown,0,dome,none
TEX202404300,2024/04/30,WAS,TEX,ARL03,1,7,9,night,74,unknown,0,dome,none
TEX202405010,2024/05/01,WAS,TEX,ARL03,1,0,9,night,74,unknown,0,dome,none
TEX202405020,2024/05/02,WAS,TEX,ARL03,0,6,9,day,74,unknown,0,dome,none
TEX202405130,2024/05/13,CLE,TEX,ARL03,7,0,9,night,74,unknown,0,dome,none
TEX202405140,2024/05/14,CLE,TEX,ARL03,7,4,9,night,84,torf,4,sunny,none
TEX202405150,2024/05/15,CLE,TEX,ARL03,0,4,9,night,74,unknown,0,dome,none
TEX202405170,2024/05/17,ANA,TEX,ARL03,9,3,9,night,81,fromlf,3,sunny,none
TEX202405180,2024/05/18,ANA,TEX,ARL03,2,3,13,night,74,unknown,0,dome,none
TEX202405190,2024/05/19,ANA,TEX,ARL03,4,1,9,day,74,unknown,0,dome,none
TEX202405280,2024/05/28,ARI,TEX,ARL03,2,4,9,night,74,unknown,0,dome,none
TEX202405290,2024/05/29,ARI,TEX,ARL03,1,6,9,day,74,unknown,0,dome,none
TEX202406030,2024/06/03,DET,TEX,ARL03,2,1,9,night,74,unknown,0,dome,none
TEX202406040,2024/06/04,DET,TEX,ARL03,3,1,9,night,74,unknown,0,dome,none
TEX202406050,2024/06/05,DET,TEX,ARL03,1,9,9,night,74,unknown,0,dome,none
TEX202406070,2024/06/07,SFN,TEX,ARL03,5,2,9,night,74,unknown,0,dome,none
TEX202406080,2024/06/08,SFN,TEX,ARL03,3,1,9,day,74,unknown,0,dome,none
TEX202406090,2024/06/09,SFN,TEX,ARL03,2,7,9,day,74,unknown,0,dome,none
TEX202406170,2024/06/17,NYN,TEX,ARL03,14,2,9,night,74,unknown,0,dome,none
TEX202406180,2024/06/18,NYN,TEX,ARL03,7,6,9,night,74,unknown,0,dome,none
TEX202406190,2024/06/19,NYN,TEX,ARL03,3,5,9,night,74,unknown,0,dome,none
TEX202406210,2024/06/21,KCA,TEX,ARL03,2,6,9,night,74,unknown,0,dome,none
TEX202406220,2024/06/22,KCA,TEX,ARL03,0,6,9,day,74,unknown,0,dome,none
TEX202406230,2024/06/23,KCA,TEX,ARL03,0,4,9,day,74,unknown,0,dome,none
TEX202407020,2024/07/02,SDN,TEX,ARL03,0,7,9,night,74,unknown,0,dome,none
TEX202407030,2024/07/03,SDN,TEX,ARL03,6,4,9,night,74,unknown,0,dome,none
TEX202407040,2024/07/04,SDN,TEX,ARL03,3,1,9,day,74,unknown,0,dome,none
TEX202407050,2024/07/05,TBA,TEX,ARL03,0,3,9,night,74,unknown,0,dome,none
TEX202407060,2024/07/06,TBA,TEX,ARL03,3,4,9,day,74,unknown,0,dome,none
TEX202407070,2024/07/07,TBA,TEX,ARL03,2,13,9,day,74,unknown,0,dome,none
TEX202407190,2024/07/19,BAL,TEX,ARL03,9,1,9,night,74,unknown,0,dome,none
TEX202407200,2024/07/20,BAL,TEX,ARL03,8,4,9,night,74,unknown,0,dome,none
TEX202407210,2024/07/21,BAL,TEX,ARL03,2,3,9,day,74,unknown,0,dome,none
TEX202407220,2024/07/22,CHA,TEX,ARL03,3,4,10,night,74,unknown,0,dome,none
TEX202407230,2024/07/23,CHA,TEX,ARL03,2,3,9,night,74,unknown,0,dome,none
TEX202407240,2024/07/24,CHA,TEX,ARL03,2,10,9,night,74,unknown,0,dome,none
TEX202407250,2024/07/25,CHA,TEX,ARL03,1,2,9,day,74,unknown,0,dome,none
TEX202408020,2024/08/02,BOS,TEX,ARL03,11,6,9,night,74,unknown,0,dome,none
TEX202408030,2024/08/03,BOS,TEX,ARL03,4,7,9,night,74,unknown,0,dome,none
TEX202408040,2024/08/04,BOS,TEX,ARL03,7,2,9,day,74,unknown,0,dome,none
TEX202408050,2024/08/05,HOU,TEX,ARL03,3,4,10,night,74,unknown,0,dome,none
TEX202408060,2024/08/06,HOU,TEX,ARL03,4,2,9,night,74,unknown,0,dome,none
TEX202408070,2024/08/07,HOU,TEX,ARL03,6,4,9,day,74,unknown,0,dome,none
TEX202408150,2024/08/15,MIN,TEX,ARL03,3,2,9,night,74,unknown,0,dome,none
TEX202408160,2024/08/16,MIN,TEX,ARL03,4,3,9,night,74,unknown,0,dome,none
TEX202408170,2024/08/17,MIN,TEX,ARL03,5,2,9,night,74,unknown,0,dome,none
TEX202408180,2024/08/18,MIN,TEX,ARL03,5,6,10,day,74,unknown,0,dome,none
TEX202408190,2024/08/19,PIT,TEX,ARL03,3,4,9,night,74,unknown,0,dome,none
TEX202408200,2024/08/20,PIT,TEX,ARL03,4,0,9,night,74,unknown,0,dome,none
TEX202408210,2024/08/21,PIT,TEX,ARL03,0,1,9,day,74,unknown,0,dome,none
TEX202408300,2024/08/30,OAK,TEX,ARL03,9,2,9,night,74,unknown,0,dome,none
TEX202408310,2024/08/31,OAK,TEX,ARL03,2,3,9,night,74,unknown,0,dome,none
TEX202409010,2024/09/01,OAK,TEX,ARL03,4,6,10,day,74,unknown,0,dome,none
TEX202409020,2024/09/02,NYA,TEX,ARL03,8,4,9,night,74,unknown,0,dome,none
TEX202409030,2024/09/03,NYA,TEX,ARL03,4,7,9,night,74,unknown,0,dome,none
TEX202409040,2024/09/04,NYA,TEX,ARL03,6,10,9,night,74,unknown,0,dome,none
TEX202409050,2024/09/05,ANA,TEX,ARL03,1,3,9,night,74,unknown,0,dome,none
TEX202409060,2024/09/06,ANA,TEX,ARL03,5,1,9,night,74,unknown,0,dome,none
TEX202409070,2024/09/07,ANA,TEX,ARL03,4,6,9,night,85,fromcf,14,sunny,none
TEX202409080,2024/09/08,ANA,TEX,ARL03,4,7,9,day,81,unknown,11,sunny,none
TEX202409170,2024/09/17,TOR,TEX,ARL03,8,13,9,night,74,unknown,0,dome,none
TEX202409180,2024/09/18,TOR,TEX,ARL03,0,2,9,night,74,unknown,0,dome,none
TEX202409190,2024/09/19,TOR,TEX,ARL03,4,0,9,day,74,unknown,0,dome,none
TEX202409200,2024/09/20,SEA,TEX,ARL03,8,2,9,night,74,unknown,0,dome,none
TEX202409210,2024/09/21,SEA,TEX,ARL03,8,4,9,night,74,unknown,0,dome,none
TEX202409220,2024/09/22,SEA,TEX,ARL03,5,6,9,day,74,unknown,0,dome,none
TOR202404080,2024/04/08,SEA,TOR,TOR02,2,5,9,night,68,unknown,0,dome,none
TOR202404090,2024/04/09,SEA,TOR,TOR02,3,5,9,night,68,unknown,0,dome,none
TOR202404100,2024/04/10,SEA,TOR,TOR02,6,1,10,day,68,unknown,0,dome,none
TOR202404120,2024/04/12,COL,TOR,TOR02,12,4,9,night,68,unknown,0,dome,none
TOR202404130,2024/04/13,COL,TOR,TOR02,3,5,9,day,68,unknown,0,dome,none
TOR202404140,2024/04/14,COL,TOR,TOR02,0,5,9,day,68,unknown,0,dome,none
TOR202404150,2024/04/15,NYA,TOR,TOR02,1,3,9,night,68,unknown,0,dome,none
TOR202404160,2024/04/16,NYA,TOR,TOR02,4,5,9,night,68,unknown,0,dome,none
TOR202404170,2024/04/17,NYA,TOR,TOR02,6,4,9,day,68,unknown,0,dome,none
TOR202404260,2024/04/26,LAN,TOR,TOR02,12,2,9,night,68,unknown,0,dome,none
TOR202404270,2024/04/27,LAN,TOR,TOR02,4,2,9,day,68,unknown,0,dome,none
TOR202404280,2024/04/28,LAN,TOR,TOR02,1,3,9,day,68,unknown,0,dome,none
TOR202404290,2024/04/29,KCA,TOR,TOR02,5,6,9,night,68,unknown,0,dome,none
TOR202404300,2024/04/30,KCA,TOR,TOR02,4,1,9,night,68,unknown,0,dome,none
TOR202405010,2024/05/01,KCA,TOR,TOR02,6,1,9,day,68,unknown,0,dome,none
TOR202405100,2024/05/10,MIN,TOR,TOR02,3,2,9,night,68,unknown,0,dome,none
TOR202405110,2024/05/11,MIN,TOR,TOR02,8,10,9,day,68,unknown,0,dome,none
TOR202405120,2024/05/12,MIN,TOR,TOR02,5,1,9,day,60,fromlf,9,cloudy,none
TOR202405170,2024/05/17,TBA,TOR,TOR02,4,3,9,night,68,unknown,0,dome,none
TOR202405180,2024/05/18,TBA,TOR,TOR02,5,4,9,day,61,rtol,13,cloudy,none
TOR202405190,2024/05/19,TBA,TOR,TOR02,2,5,9,day,60,tocf,6,sunny,none
TOR202405200,2024/05/20,CHA,TOR,TOR02,3,9,9,day,74,rtol,9,cloudy,none
TOR202405210,2024/05/21,CHA,TOR,TOR02,5,0,9,night,76,torf,6,sunny,none
TOR202405220,2024/05/22,CHA,TOR,TOR02,2,9,9,night,69,tolf,14,cloudy,none
TOR202405310,2024/05/31,PIT,TOR,TOR02,3,5,14,night,71,fromlf,14,sunny,none
TOR202406010,2024/06/01,PIT,TOR,TOR02,8,1,9,day,70,tocf,7,cloudy,none
TOR202406020,2024/06/02,PIT,TOR,TOR02,4,5,9,day,68,unknown,0,dome,none
TOR202406030,2024/06/03,BAL,TOR,TOR02,7,2,9,night,71,tolf,6,cloudy,none
TOR202406040,2024/06/04,BAL,TOR,TOR02,10,1,9,night,69,torf,13,sunny,none
TOR202406050,2024/06/05,BAL,TOR,TOR02,2,3,9,night,68,unknown,0,dome,none
TOR202406060,2024/06/06,BAL,TOR,TOR02,5,6,9,day,73,fromlf,19,cloudy,none
TOR202406140,2024/06/14,CLE,TOR,TOR02,3,1,9,night,74,fromlf,17,cloudy,none
TOR202406150,2024/06/15,CLE,TOR,TOR02,0,5,9,day,66,tolf,8,sunny,none
TOR202406160,2024/06/16,CLE,TOR,TOR02,6,7,9,day,64,torf,16,sunny,none
TOR202406170,2024/06/17,BOS,TOR,TOR02,7,3,9,night,75,tocf,6,sunny,none
TOR202406180,2024/06/18,BOS,TOR,TOR02,4,3,9,night,72,rtol,11,cloudy,none
TOR202406190,2024/06/19,BOS,TOR,TOR02,7,3,9,night,84,tocf,7,sunny,none
TOR202406270,2024/06/27,NYA,TOR,TOR02,2,9,9,night,70,fromlf,10,sunny,none
TOR202406280,2024/06/28,NYA,TOR,TOR02,16,5,9,night,68,unknown,0,dome,none
TOR202406290,2024/06/29,NYA,TOR,TOR02,3,9,9,day,68,unknown,0,dome,none
TOR202406300,2024/06/30,NYA,TOR,TOR02,8,1,9,day,64,ltor,16,cloudy,none
TOR202407010,2024/07/01,HOU,TOR,TOR02,3,1,9,day,69,tocf,8,sunny,none
TOR202407020,2024/07/02,HOU,TOR,TOR02,6,7,9,night,68,rtol,11,cloudy,none
TOR202407030,2024/07/03,HOU,TOR,TOR02,9,2,9,night,79,torf,10,cloudy,none
TOR202407040,2024/07/04,HOU,TOR,TOR02,5,3,9,day,79,torf,6,sunny,none
TOR202407190,2024/07/19,DET,TOR,TOR02,5,4,9,night,73,tocf,9,sunny,none
TOR202407200,2024/07/20,DET,TOR,TOR02,7,3,9,day,75,tocf,11,cloudy,none
TOR202407210,2024/07/21,DET,TOR,TOR02,4,5,9,day,74,tocf,6,cloudy,none
TOR202407230,2024/07/23,TBA,TOR,TOR02,4,2,9,night,78,rtol,11,cloudy,none
TOR202407240,2024/07/24,TBA,TOR,TOR02,3,6,9,night,78,ltor,14,cloudy,none
TOR202407250,2024/07/25,TBA,TOR,TOR02,13,0,9,day,76,fromlf,11,cloudy,none
TOR202407260,2024/07/26,TEX,TOR,TOR02,5,6,9,night,75,tolf,5,sunny,none
TOR202407270,2024/07/27,TEX,TOR,TOR02,3,7,9,day,76,tocf,9,sunny,none
TOR202407280,2024/07/28,TEX,TOR,TOR02,3,7,9,day,81,tolf,6,sunny,none
TOR202408060,2024/08/06,BAL,TOR,TOR02,2,5,9,night,71,torf,11,dome,none
TOR202408070,2024/08/07,BAL,TOR,TOR02,7,3,9,night,74,rtol,11,sunny,none
TOR202408080,2024/08/08,BAL,TOR,TOR02,6,7,9,night,68,unknown,0,dome,none
TOR202408090,2024/08/09,OAK,TOR,TOR02,1,3,9,night,79,torf,10,sunny,none
TOR202408100,2024/08/10,OAK,TOR,TOR02,1,0,9,day,73,ltor,20,cloudy,none
TOR202408110,2024/08/11,OAK,TOR,TOR02,8,4,9,day,68,unknown,0,dome,none
TOR202408190,2024/08/19,CIN,TOR,TOR02,6,3,9,night,65,tolf,11,sunny,none
TOR202408200,2024/08/20,CIN,TOR,TOR02,3,10,9,night,68,unknown,0,dome,none
TOR202408210,2024/08/21,CIN,TOR,TOR02,11,7,9,night,70,tolf,11,cloudy,none
TOR202408220,2024/08/22,ANA,TOR,TOR02,3,5,9,night,75,ltor,4,cloudy,none
TOR202408230,2024/08/23,ANA,TOR,TOR02,4,5,9,night,76,torf,8,sunny,none
TOR202408240,2024/08/24,ANA,TOR,TOR02,1,3,9,day,76,tocf,9,sunny,none
TOR202408250,2024/08/25,ANA,TOR,TOR02,2,8,9,day,73,tocf,9,cloudy,none
TOR202409030,2024/09/03,PHI,TOR,TOR02,10,9,9,night,69,tocf,14,sunny,none
TOR202409040,2024/09/04,PHI,TOR,TOR02,4,2,9,day,74,torf,9,sunny,none
TOR202409090,2024/09/09,NYN,TOR,TOR02,3,2,9,night,68,unknown,0,dome,none
TOR202409100,2024/09/10,NYN,TOR,TOR02,2,6,9,night,71,tocf,5,cloudy,none
TOR202409110,2024/09/11,NYN,TOR,TOR02,6,2,9,day,68,rtol,6,sunny,none
TOR202409130,2024/09/13,SLN,TOR,TOR02,3,4,11,night,67,rtol,9,cloudy,none
TOR202409140,2024/09/14,SLN,TOR,TOR02,2,7,9,day,68,ltor,9,sunny,none
TOR202409150,2024/09/15,SLN,TOR,TOR02,2,3,9,day,74,tolf,7,sunny,none
TOR202409230,2024/09/23,BOS,TOR,TOR02,4,1,9,night,68,unknown,0,dome,none
TOR202409240,2024/09/24,BOS,TOR,TOR02,6,5,10,night,68,unknown,0,dome,none
TOR202409250,2024/09/25,BOS,TOR,TOR02,1,6,9,night,72,tolf,16,cloudy,none
TOR202409270,2024/09/27,MIA,TOR,TOR02,15,5,9,night,68,tolf,15,cloudy,none
TOR202409280,2024/09/28,MIA,TOR,TOR02,8,1,9,day,68,unknown,0,dome,none
TOR202409290,2024/09/29,MIA,TOR,TOR02,3,1,9,day,69,ltor,15,cloudy,none
ARI202403280,2024/03/28,COL,ARI,PHO01,1,16,9,night,73,unknown,2,overcast,none
ARI202403290,2024/03/29,COL,ARI,PHO01,3,7,9,night,81,torf,10,sunny,none
ARI202403300,2024/03/30,COL,ARI,PHO01,9,4,9,night,76,unknown,0,dome,none
ARI202403310,2024/03/31,COL,ARI,PHO01,1,5,9,day,74,unknown,0,dome,none
ARI202404010,2024/04/01,NYA,ARI,PHO01,5,2,9,night,72,unknown,0,dome,none
ARI202404020,2024/04/02,NYA,ARI,PHO01,0,7,9,night,72,ltor,4,sunny,none
ARI202404030,2024/04/03,NYA,ARI,PHO01,6,5,11,day,77,unknown,2,sunny,none
ARI202404120,2024/04/12,SLN,ARI,PHO01,9,6,9,night,86,unknown,14,sunny,none
ARI202404130,2024/04/13,SLN,ARI,PHO01,2,4,9,night,87,fromrf,7,sunny,none
ARI202404140,2024/04/14,SLN,ARI,PHO01,0,5,9,day,78,unknown,0,dome,none
ARI202404150,2024/04/15,CHN,ARI,PHO01,3,2,11,night,75,torf,4,sunny,none
ARI202404160,2024/04/16,CHN,ARI,PHO01,11,12,10,night,83,torf,5,sunny,none
ARI202404170,2024/04/17,CHN,ARI,PHO01,5,3,9,day,75,unknown,0,dome,none
ARI202404290,2024/04/29,LAN,ARI,PHO01,8,4,9,night,89,torf,2,sunny,none
ARI202404300,2024/04/30,LAN,ARI,PHO01,3,4,10,night,86,fromlf,8,sunny,none
ARI202405010,2024/05/01,LAN,ARI,PHO01,8,0,9,night,88,ltor,9,cloudy,none
ARI202405030,2024/05/03,SDN,ARI,PHO01,7,1,9,night,91,rtol,4,sunny,none
ARI202405040,2024/05/04,SDN,ARI,PHO01,13,1,9,night,77,unknown,0,dome,none
ARI202405050,2024/05/05,SDN,ARI,PHO01,4,11,9,day,76,unknown,0,dome,none
ARI202405130,2024/05/13,CIN,ARI,PHO01,5,6,9,night,78,unknown,0,dome,none
ARI202405140,2024/05/14,CIN,ARI,PHO01,6,2,9,night,78,unknown,0,dome,none
ARI202405150,2024/05/15,CIN,ARI,PHO01,1,2,9,day,78,unknown,0,dome,none
ARI202405170,2024/05/17,DET,ARI,PHO01,13,0,9,night,74,unknown,0,dome,none
ARI202405180,2024/05/18,DET,ARI,PHO01,8,3,9,night,78,unknown,0,dome,none
ARI202405190,2024/05/19,DET,ARI,PHO01,4,6,9,day,77,unknown,0,dome,none
ARI202405240,2024/05/24,MIA,ARI,PHO01,3,0,9,night,78,unknown,0,dome,none
ARI202405250,2024/05/25,MIA,ARI,PHO01,2,3,9,night,89,unknown,1,sunny,none
ARI202405260,2024/05/26,MIA,ARI,PHO01,3,1,9,day,74,unknown,0,dome,none
ARI202406030,2024/06/03,SFN,ARI,PHO01,2,4,9,night,78,unknown,0,dome,none
ARI202406040,2024/06/04,SFN,ARI,PHO01,5,8,9,night,78,unknown,0,dome,none
ARI202406050,2024/06/05,SFN,ARI,PHO01,9,3,9,day,74,unknown,0,dome,none
ARI202406110,2024/06/11,ANA,ARI,PHO01,4,9,9,night,78,unknown,0,dome,none
ARI202406120,2024/06/12,ANA,ARI,PHO01,8,3,9,night,78,unknown,0,dome,none
ARI202406130,2024/06/13,ANA,ARI,PHO01,1,11,9,night,74,unknown,0,dome,none
ARI202406140,2024/06/14,CHA,ARI,PHO01,1,7,9,night,79,unknown,0,dome,none
ARI202406150,2024/06/15,CHA,ARI,PHO01,9,2,9,night,77,unknown,0,dome,none
ARI202406160,2024/06/16,CHA,ARI,PHO01,5,12,9,day,78,unknown,0,dome,none
ARI202406250,2024/06/25,MIN,ARI,PHO01,4,5,9,night,78,unknown,0,dome,none
ARI202406260,2024/06/26,MIN,ARI,PHO01,8,3,9,night,74,unknown,0,dome,none
ARI202406270,2024/06/27,MIN,ARI,PHO01,13,6,9,day,78,unknown,0,dome,none
ARI202406280,2024/06/28,OAK,ARI,PHO01,9,4,9,night,79,unknown,0,dome,none
ARI202406290,2024/06/29,OAK,ARI,PHO01,0,3,9,day,78,unknown,0,dome,none
ARI202406300,2024/06/30,OAK,ARI,PHO01,1,5,9,day,78,unknown,0,dome,none
ARI202407080,2024/07/08,ATL,ARI,PHO01,5,4,11,night,78,unknown,0,dome,none
ARI202407090,2024/07/09,ATL,ARI,PHO01,6,2,9,night,78,unknown,0,dome,none
ARI202407100,2024/07/10,ATL,ARI,PHO01,5,7,9,night,78,unknown,0,dome,none
ARI202407110,2024/07/11,ATL,ARI,PHO01,0,1,9,night,78,unknown,0,dome,none
ARI202407120,2024/07/12,TOR,ARI,PHO01,4,5,9,night,78,unknown,0,dome,none
ARI202407130,2024/07/13,TOR,ARI,PHO01,1,12,9,night,78,unknown,0,dome,none
ARI202407140,2024/07/14,TOR,ARI,PHO01,8,7,9,day,77,unknown,0,dome,none
ARI202407260,2024/07/26,PIT,ARI,PHO01,3,4,9,night,78,unknown,0,dome,none
ARI202407270,2024/07/27,PIT,ARI,PHO01,5,9,9,night,78,unknown,0,dome,none
ARI202407280,2024/07/28,PIT,ARI,PHO01,6,5,10,day,78,unknown,0,dome,none
ARI202407290,2024/07/29,WAS,ARI,PHO01,8,9,9,night,78,unknown,0,dome,none
ARI202407300,2024/07/30,WAS,ARI,PHO01,0,17,9,night,78,unknown,0,dome,none
ARI202407310,2024/07/31,WAS,ARI,PHO01,4,5,9,day,78,unknown,0,dome,none
ARI202408080,2024/08/08,PHI,ARI,PHO01,6,4,9,night,78,unknown,0,dome,none
ARI202408090,2024/08/09,PHI,ARI,PHO01,2,3,9,night,78,unknown,0,dome,none
ARI202408100,2024/08/10,PHI,ARI,PHO01,1,11,9,night,79,unknown,0,dome,none
ARI202408110,2024/08/11,PHI,ARI,PHO01,5,12,9,day,78,unknown,0,dome,none
ARI202408120,2024/08/12,COL,ARI,PHO01,4,5,9,night,78,unknown,0,dome,none
ARI202408130,2024/08/13,COL,ARI,PHO01,3,4,9,night,78,unknown,0,dome,none
ARI202408140,2024/08/14,COL,ARI,PHO01,4,11,9,day,76,unknown,0,dome,none
ARI202408270,2024/08/27,NYN,ARI,PHO01,8,3,9,night,78,unknown,0,dome,none
ARI202408280,2024/08/28,NYN,ARI,PHO01,5,8,9,night,74,unknown,0,dome,none
ARI202408290,2024/08/29,NYN,ARI,PHO01,3,2,9,day,78,unknown,0,dome,none
ARI202408300,2024/08/30,LAN,ARI,PHO01,10,9,9,night,78,unknown,0,dome,none
ARI202408310,2024/08/31,LAN,ARI,PHO01,8,6,9,night,78,unknown,0,dome,none
ARI202409010,2024/09/01,LAN,ARI,PHO01,3,14,9,day,78,unknown,0,dome,none
ARI202409020,2024/09/02,LAN,ARI,PHO01,11,6,9,day,76,unknown,0,dome,none
ARI202409100,2024/09/10,TEX,ARI,PHO01,0,6,9,night,78,unknown,0,dome,none
ARI202409110,2024/09/11,TEX,ARI,PHO01,4,14,9,day,78,unknown,0,dome,none
ARI202409130,2024/09/13,MIL,ARI,PHO01,2,1,9,night,78,unknown,0,dome,none
ARI202409140,2024/09/14,MIL,ARI,PHO01,15,8,9,night,78,unknown,0,dome,none
ARI202409150,2024/09/15,MIL,ARI,PHO01,10,11,10,day,77,unknown,0,dome,none
ARI202409230,2024/09/23,SFN,ARI,PHO01,6,3,9,night,78,unknown,0,dome,none
ARI202409240,2024/09/24,SFN,ARI,PHO01,11,0,9,night,78,unknown,0,dome,none
ARI202409250,2024/09/25,SFN,ARI,PHO01,2,8,9,night,78,unknown,0,dome,none
ARI202409270,2024/09/27,SDN,ARI,PHO01,5,3,9,night,77,unknown,0,dome,none
ARI202409280,2024/09/28,SDN,ARI,PHO01,5,0,9,night,78,unknown,0,dome,none
ARI202409290,2024/09/29,SDN,ARI,PHO01,2,11,9,day,78,unknown,0,dome,none
ATL202404050,2024/04/05,ARI,ATL,ATL03,5,6,10,night,59,rtol,13,sunny,none
ATL202404060,2024/04/06,ARI,ATL,ATL03,8,9,9,night,63,rtol,8,cloudy,none
ATL202404070,2024/04/07,ARI,ATL,ATL03,2,5,9,day,65,ltor,7,sunny,none
ATL202404080,2024/04/08,NYN,ATL,ATL03,8,7,9,night,73,ltor,9,cloudy,none
ATL202404090,2024/04/09,NYN,ATL,ATL03,5,6,9,night,58,ltor,10,overcast,drizzle
ATL202404110,2024/04/11,NYN,ATL,ATL03,16,4,9,day,72,rtol,15,cloudy,none
ATL202404190,2024/04/19,TEX,ATL,ATL03,3,8,9,night,80,tolf,6,cloudy,none
ATL202404200,2024/04/20,TEX,ATL,ATL03,2,5,9,night,69,tolf,8,cloudy,none
ATL202404210,2024/04/21,TEX,ATL,ATL03,6,4,9,night,58,tolf,11,sunny,none
ATL202404220,2024/04/22,MIA,ATL,ATL03,0,3,9,night,62,fromrf,6,sunny,none
ATL202404230,2024/04/23,MIA,ATL,ATL03,0,5,9,night,71,rtol,10,sunny,none
ATL202404240,2024/04/24,MIA,ATL,ATL03,3,4,10,night,71,tolf,5,cloudy,none
ATL202404260,2024/04/26,CLE,ATL,ATL03,2,6,9,night,78,ltor,11,cloudy,none
ATL202404270,2024/04/27,CLE,ATL,ATL03,4,2,11,night,73,ltor,10,cloudy,none
ATL202404280,2024/04/28,CLE,ATL,ATL03,3,4,10,day,76,ltor,10,cloudy,none
ATL202405070,2024/05/07,BOS,ATL,ATL03,2,4,9,night,81,fromrf,8,cloudy,none
ATL202405080,2024/05/08,BOS,ATL,ATL03,0,5,9,night,84,tolf,3,cloudy,none
ATL202405130,2024/05/13,CHN,ATL,ATL03,0,2,9,night,65,ltor,11,cloudy,none
ATL202405140,2024/05/14,CHN,ATL,ATL03,0,7,9,night,75,unknown,7,cloudy,none
ATL202405150,2024/05/15,CHN,ATL,ATL03,7,1,9,night,78,tolf,5,cloudy,none
ATL202405170,2024/05/17,SDN,ATL,ATL03,3,1,9,night,69,fromlf,6,cloudy,none
ATL202405190,2024/05/19,SDN,ATL,ATL03,9,1,9,night,81,tolf,5,cloudy,none
ATL202405201,2024/05/20,SDN,ATL,ATL03,6,5,9,day,77,ltor,9,sunny,none
ATL202405202,2024/05/20,SDN,ATL,ATL03,0,3,9,night,82,ltor,4,cloudy,none
ATL202405270,2024/05/27,WAS,ATL,ATL03,8,4,9,day,83,rtol,11,cloudy,none
ATL202405280,2024/05/28,WAS,ATL,ATL03,0,2,9,night,82,tolf,7,cloudy,none
ATL202405290,2024/05/29,WAS,ATL,ATL03,7,2,9,night,80,tocf,10,cloudy,none
ATL202405300,2024/05/30,WAS,ATL,ATL03,3,1,9,night,79,tolf,9,sunny,none
ATL202405310,2024/05/31,OAK,ATL,ATL03,2,4,9,night,78,fromlf,8,cloudy,none
ATL202406010,2024/06/01,OAK,ATL,ATL03,11,9,9,day,75,ltor,9,cloudy,none
ATL202406020,2024/06/02,OAK,ATL,ATL03,1,3,9,day,77,fromrf,8,cloudy,none
ATL202406140,2024/06/14,TBA,ATL,ATL03,3,7,9,night,92,unknown,2,sunny,none
ATL202406150,2024/06/15,TBA,ATL,ATL03,2,9,9,day,94,rtol,2,sunny,none
ATL202406160,2024/06/16,TBA,ATL,ATL03,8,6,9,day,93,fromcf,6,cloudy,none
ATL202406170,2024/06/17,DET,ATL,ATL03,1,2,9,night,89,ltor,10,cloudy,none
ATL202406180,2024/06/18,DET,ATL,ATL03,1,2,9,night,84,torf,13,cloudy,none
ATL202406190,2024/06/19,DET,ATL,ATL03,0,7,9,day,80,ltor,12,cloudy,none
ATL202406280,2024/06/28,PIT,ATL,ATL03,1,6,9,night,88,ltor,8,cloudy,none
ATL202406290,2024/06/29,PIT,ATL,ATL03,1,2,10,day,84,unknown,6,cloudy,none
ATL202406300,2024/06/30,PIT,ATL,ATL03,4,2,9,day,88,tolf,7,cloudy,none
ATL202407020,2024/07/02,SFN,ATL,ATL03,5,3,9,night,89,ltor,10,sunny,none
ATL202407030,2024/07/03,SFN,ATL,ATL03,1,3,9,night,90,ltor,8,cloudy,none
ATL202407040,2024/07/04,SFN,ATL,ATL03,4,2,9,night,89,fromlf,6,cloudy,none
ATL202407050,2024/07/05,PHI,ATL,ATL03,8,6,9,night,79,unknown,2,cloudy,none
ATL202407060,2024/07/06,PHI,ATL,ATL03,1,5,9,night,75,fromcf,4,cloudy,none
ATL202407070,2024/07/07,PHI,ATL,ATL03,0,6,9,day,88,ltor,4,cloudy,none
ATL202407201,2024/07/20,SLN,ATL,ATL03,2,3,10,day,77,unknown,1,cloudy,none
ATL202407202,2024/07/20,SLN,ATL,ATL03,9,5,9,night,78,unknown,1,cloudy,none
ATL202407210,2024/07/21,SLN,ATL,ATL03,6,2,9,day,82,unknown,4,cloudy,none
ATL202407220,2024/07/22,CIN,ATL,ATL03,4,1,9,night,86,fromrf,8,cloudy,none
ATL202407240,2024/07/24,CIN,ATL,ATL03,9,4,9,day,78,ltor,2,cloudy,none
ATL202408010,2024/08/01,MIA,ATL,ATL03,2,4,9,night,89,rtol,7,cloudy,none
ATL202408020,2024/08/02,MIA,ATL,ATL03,3,5,9,night,81,tolf,7,cloudy,none
ATL202408030,2024/08/03,MIA,ATL,ATL03,4,3,9,night,88,tolf,7,cloudy,none
ATL202408040,2024/08/04,MIA,ATL,ATL03,7,0,9,day,89,fromlf,3,cloudy,none
ATL202408060,2024/08/06,MIL,ATL,ATL03,10,0,9,night,89,rtol,11,cloudy,none
ATL202408070,2024/08/07,MIL,ATL,ATL03,8,5,9,night,92,tolf,8,sunny,none
ATL202408080,2024/08/08,MIL,ATL,ATL03,16,7,9,day,88,rtol,10,sunny,none
ATL202408200,2024/08/20,PHI,ATL,ATL03,1,3,9,night,81,tocf,9,sunny,none
ATL202408210,2024/08/21,PHI,ATL,ATL03,3,2,9,night,80,torf,8,cloudy,none
ATL202408220,2024/08/22,PHI,ATL,ATL03,2,3,9,night,79,ltor,6,cloudy,none
ATL202408230,2024/08/23,WAS,ATL,ATL03,2,3,10,night,82,ltor,8,sunny,none
ATL202408240,2024/08/24,WAS,ATL,ATL03,2,4,9,night,84,rtol,6,sunny,none
ATL202408250,2024/08/25,WAS,ATL,ATL03,5,1,9,day,82,ltor,6,sunny,none
ATL202409030,2024/09/03,COL,ATL,ATL03,0,3,9,night,82,ltor,8,sunny,none
ATL202409040,2024/09/04,COL,ATL,ATL03,2,5,9,night,80,torf,9,cloudy,none
ATL202409050,2024/09/05,COL,ATL,ATL03,3,1,9,night,81,ltor,8,cloudy,none
ATL202409060,2024/09/06,TOR,ATL,ATL03,1,3,9,night,72,ltor,1,overcast,none
ATL202409070,2024/09/07,TOR,ATL,ATL03,9,5,9,night,78,tolf,11,cloudy,none
ATL202409080,2024/09/08,TOR,ATL,ATL03,3,4,11,day,76,ltor,12,cloudy,none
ATL202409090,2024/09/09,CIN,ATL,ATL03,1,0,9,night,83,torf,8,sunny,none
ATL202409130,2024/09/13,LAN,ATL,ATL03,2,6,9,night,72,ltor,11,overcast,none
ATL202409140,2024/09/14,LAN,ATL,ATL03,1,10,9,night,71,ltor,10,cloudy,none
ATL202409150,2024/09/15,LAN,ATL,ATL03,9,2,9,night,78,ltor,11,cloudy,none
ATL202409160,2024/09/16,LAN,ATL,ATL03,9,0,9,night,79,torf,8,sunny,none
ATL202409240,2024/09/24,NYN,ATL,ATL03,1,5,9,night,87,ltor,8,cloudy,none
ATL202409270,2024/09/27,KCA,ATL,ATL03,0,3,9,night,72,ltor,9,cloudy,none
ATL202409280,2024/09/28,KCA,ATL,ATL03,1,2,9,night,72,rtol,7,cloudy,none
ATL202409290,2024/09/29,KCA,ATL,ATL03,4,2,9,day,76,tolf,8,cloudy,none
ATL202409301,2024/09/30,NYN,ATL,ATL03,8,7,9,day,73,rtol,4,overcast,none
ATL202409302,2024/09/30,NYN,ATL,ATL03,0,3,9,day,76,rtol,7,cloudy,none
CHN202404010,2024/04/01,COL,CHN,CHI11,0,5,9,day,43,fromlf,12,overcast,none
CHN202404020,2024/04/02,COL,CHN,CHI11,2,12,9,night,42,ltor,20,overcast,none
CHN202404030,2024/04/03,COL,CHN,CHI11,8,9,9,night,36,fromlf,8,cloudy,none
CHN202404050,2024/04/05,LAN,CHN,CHI11,7,9,9,day,43,fromlf,15,cloudy,none
CHN202404060,2024/04/06,LAN,CHN,CHI11,4,1,9,day,46,fromcf,8,sunny,none
CHN202404070,2024/04/07,LAN,CHN,CHI11,1,8,9,day,47,rtol,8,overcast,none
CHN202404190,2024/04/19,MIA,CHN,CHI11,3,8,9,day,55,ltor,19,sunny,none
CHN202404201,2024/04/20,MIA,CHN,CHI11,3,2,9,day,46,ltor,13,cloudy,none
CHN202404202,2024/04/20,MIA,CHN,CHI11,3,5,9,night,42,torf,6,overcast,none
CHN202404210,2024/04/21,MIA,CHN,CHI11,6,3,9,day,55,torf,5,sunny,none
CHN202404230,2024/04/23,HOU,CHN,CHI11,2,7,9,night,61,tolf,14,overcast,none
CHN202404240,2024/04/24,HOU,CHN,CHI11,3,4,9,night,40,fromcf,5,sunny,none
CHN202404250,2024/04/25,HOU,CHN,CHI11,1,3,9,day,53,rtol,9,sunny,none
CHN202405030,2024/05/03,MIL,CHN,CHI11,3,1,9,day,61,fromcf,9,cloudy,none
CHN202405040,2024/05/04,MIL,CHN,CHI11,5,6,9,day,71,fromrf,8,cloudy,none
CHN202405050,2024/05/05,MIL,CHN,CHI11,0,5,9,day,54,fromlf,3,sunny,none
CHN202405060,2024/05/06,SDN,CHN,CHI11,6,3,9,night,63,fromcf,12,sunny,none
CHN202405070,2024/05/07,SDN,CHN,CHI11,2,3,9,night,71,fromrf,10,sunny,none
CHN202405080,2024/05/08,SDN,CHN,CHI11,3,0,9,day,77,rtol,8,sunny,none
CHN202405160,2024/05/16,PIT,CHN,CHI11,5,4,9,night,69,tolf,11,cloudy,none
CHN202405170,2024/05/17,PIT,CHN,CHI11,9,3,9,day,77,fromcf,6,sunny,none
CHN202405180,2024/05/18,PIT,CHN,CHI11,0,1,9,day,82,rtol,9,cloudy,none
CHN202405190,2024/05/19,PIT,CHN,CHI11,3,2,9,day,69,fromlf,10,sunny,none
CHN202405210,2024/05/21,ATL,CHN,CHI11,3,4,10,night,88,tolf,22,cloudy,none
CHN202405220,2024/05/22,ATL,CHN,CHI11,9,2,9,night,75,torf,7,sunny,none
CHN202405230,2024/05/23,ATL,CHN,CHI11,3,0,9,day,75,fromrf,8,sunny,none
CHN202405310,2024/05/31,CIN,CHN,CHI11,5,4,9,day,76,rtol,7,cloudy,none
CHN202406010,2024/06/01,CIN,CHN,CHI11,5,7,9,night,62,ltor,4,overcast,drizzle
CHN202406020,2024/06/02,CIN,CHN,CHI11,5,2,9,day,67,fromcf,6,sunny,none
CHN202406040,2024/06/04,CHA,CHN,CHI11,6,7,9,night,75,fromrf,8,cloudy,none
CHN202406050,2024/06/05,CHA,CHN,CHI11,6,7,9,night,80,ltor,4,sunny,none
CHN202406140,2024/06/14,SLN,CHN,CHI11,3,0,9,day,77,fromcf,11,sunny,none
CHN202406150,2024/06/15,SLN,CHN,CHI11,1,5,9,day,78,rtol,11,cloudy,none
CHN202406160,2024/06/16,SLN,CHN,CHI11,2,1,9,day,86,tolf,6,sunny,none
CHN202406170,2024/06/17,SFN,CHN,CHI11,7,6,9,night,93,fromlf,13,cloudy,none
CHN202406180,2024/06/18,SFN,CHN,CHI11,2,5,9,night,87,tocf,16,cloudy,none
CHN202406190,2024/06/19,SFN,CHN,CHI11,5,6,9,day,91,tocf,13,sunny,none
CHN202406210,2024/06/21,NYN,CHN,CHI11,11,1,9,day,79,rtol,9,sunny,none
CHN202406220,2024/06/22,NYN,CHN,CHI11,1,8,9,day,91,tocf,8,cloudy,none
CHN202406230,2024/06/23,NYN,CHN,CHI11,5,2,9,night,73,fromlf,8,cloudy,none
CHN202407020,2024/07/02,PHI,CHN,CHI11,6,4,9,night,83,tolf,15,cloudy,none
CHN202407030,2024/07/03,PHI,CHN,CHI11,5,3,9,night,84,rtol,4,cloudy,none
CHN202407040,2024/07/04,PHI,CHN,CHI11,2,10,9,day,80,fromrf,1,cloudy,none
CHN202407050,2024/07/05,ANA,CHN,CHI11,1,5,9,day,85,tocf,15,cloudy,none
CHN202407060,2024/07/06,ANA,CHN,CHI11,7,0,9,day,76,fromrf,6,sunny,none
CHN202407070,2024/07/07,ANA,CHN,CHI11,0,5,9,day,87,tocf,4,cloudy,none
CHN202407190,2024/07/19,ARI,CHN,CHI11,5,2,9,day,76,fromrf,7,sunny,none
CHN202407200,2024/07/20,ARI,CHN,CHI11,3,0,9,night,80,fromrf,3,cloudy,none
CHN202407210,2024/07/21,ARI,CHN,CHI11,1,2,10,day,83,fromrf,2,cloudy,none
CHN202407220,2024/07/22,MIL,CHN,CHI11,1,3,9,night,74,fromrf,8,cloudy,none
CHN202407230,2024/07/23,MIL,CHN,CHI11,1,0,9,night,70,ltor,5,cloudy,none
CHN202407240,2024/07/24,MIL,CHN,CHI11,3,2,9,day,74,fromrf,8,cloudy,none
CHN202408010,2024/08/01,SLN,CHN,CHI11,4,5,9,night,84,fromrf,5,cloudy,none
CHN202408020,2024/08/02,SLN,CHN,CHI11,3,6,9,day,77,fromlf,10,cloudy,none
CHN202408030,2024/08/03,SLN,CHN,CHI11,5,4,9,day,85,fromcf,6,sunny,none
CHN202408040,2024/08/04,SLN,CHN,CHI11,2,6,9,night,87,fromrf,4,cloudy,none
CHN202408050,2024/08/05,MIN,CHN,CHI11,3,0,9,night,76,fromcf,13,cloudy,none
CHN202408060,2024/08/06,MIN,CHN,CHI11,3,7,9,night,70,fromcf,19,overcast,none
CHN202408070,2024/08/07,MIN,CHN,CHI11,2,8,9,day,75,fromrf,14,sunny,none
CHN202408160,2024/08/16,TOR,CHN,CHI11,5,6,10,day,81,tocf,8,cloudy,none
CHN202408170,2024/08/17,TOR,CHN,CHI11,2,3,9,day,78,fromcf,9,cloudy,none
CHN202408180,2024/08/18,TOR,CHN,CHI11,1,0,9,day,74,ltor,15,cloudy,none
CHN202408200,2024/08/20,DET,CHN,CHI11,1,3,9,night,66,fromcf,10,sunny,none
CHN202408210,2024/08/21,DET,CHN,CHI11,8,2,9,night,69,fromcf,7,sunny,none
CHN202408220,2024/08/22,DET,CHN,CHI11,2,10,9,day,75,rtol,4,cloudy,none
CHN202409020,2024/09/02,PIT,CHN,CHI11,5,3,9,night,70,fromrf,8,sunny,none
CHN202409030,2024/09/03,PIT,CHN,CHI11,5,0,9,night,72,fromrf,7,sunny,none
CHN202409040,2024/09/04,PIT,CHN,CHI11,0,12,9,night,73,ltor,3,sunny,none
CHN202409060,2024/09/06,NYA,CHN,CHI11,3,0,9,day,68,ltor,16,cloudy,none
CHN202409070,2024/09/07,NYA,CHN,CHI11,2,0,9,day,63,fromlf,8,cloudy,none
CHN202409080,2024/09/08,NYA,CHN,CHI11,1,2,9,day,70,torf,8,sunny,none
CHN202409160,2024/09/16,OAK,CHN,CHI11,2,9,9,night,79,fromrf,6,cloudy,none
CHN202409170,2024/09/17,OAK,CHN,CHI11,4,3,9,night,74,fromcf,6,sunny,none
CHN202409180,2024/09/18,OAK,CHN,CHI11,5,3,9,day,81,fromrf,7,sunny,none
CHN202409190,2024/09/19,WAS,CHN,CHI11,6,7,9,night,78,rtol,9,cloudy,none
CHN202409200,2024/09/20,WAS,CHN,CHI11,1,3,9,day,82,torf,9,cloudy,none
CHN202409210,2024/09/21,WAS,CHN,CHI11,5,1,9,day,84,rtol,8,sunny,none
CHN202409220,2024/09/22,WAS,CHN,CHI11,0,5,9,day,68,ltor,2,overcast,rain
CHN202409270,2024/09/27,CIN,CHN,CHI11,0,1,9,day,71,fromrf,22,overcast,none
CHN202409280,2024/09/28,CIN,CHN,CHI11,0,3,9,day,68,fromlf,16,cloudy,none
CHN202409290,2024/09/29,CIN,CHN,CHI11,3,0,10,day,71,fromcf,15,cloudy,none
CIN202403280,2024/03/28,WAS,CIN,CIN09,2,8,9,day,56,rtol,10,sunny,none
CIN202403300,2024/03/30,WAS,CIN,CIN09,7,6,9,day,75,rtol,17,cloudy,none
CIN202403310,2024/03/31,WAS,CIN,CIN09,5,6,9,day,58,fromlf,5,cloudy,none
CIN202404050,2024/04/05,NYN,CIN,CIN09,3,2,9,night,46,tocf,11,cloudy,none
CIN202404060,2024/04/06,NYN,CIN,CIN09,6,9,9,day,57,torf,7,cloudy,none
CIN202404070,2024/04/07,NYN,CIN,CIN09,3,1,9,day,60,fromcf,10,sunny,none
CIN202404080,2024/04/08,MIL,CIN,CIN09,8,10,9,night,74,rtol,6,cloudy,none
CIN202404090,2024/04/09,MIL,CIN,CIN09,9,5,9,night,63,rtol,10,overcast,none
CIN202404100,2024/04/10,MIL,CIN,CIN09,7,2,9,night,61,fromcf,5,overcast,rain
CIN202404190,2024/04/19,ANA,CIN,CIN09,1,7,9,night,61,tocf,11,sunny,none
CIN202404200,2024/04/20,ANA,CIN,CIN09,5,7,9,night,54,tocf,11,cloudy,none
CIN202404210,2024/04/21,ANA,CIN,CIN09,0,3,9,day,49,tocf,9,cloudy,none
CIN202404220,2024/04/22,PHI,CIN,CIN09,7,0,9,night,63,rtol,7,sunny,none
CIN202404230,2024/04/23,PHI,CIN,CIN09,1,8,9,night,66,rtol,17,cloudy,none
CIN202404240,2024/04/24,PHI,CIN,CIN09,4,7,9,night,57,torf,10,cloudy,none
CIN202404250,2024/04/25,PHI,CIN,CIN09,5,0,9,day,56,fromlf,7,sunny,none
CIN202405030,2024/05/03,BAL,CIN,CIN09,3,0,9,night,67,fromrf,6,overcast,none
CIN202405040,2024/05/04,BAL,CIN,CIN09,2,1,9,night,74,unknown,1,cloudy,none
CIN202405050,2024/05/05,BAL,CIN,CIN09,11,1,9,day,80,tolf,8,cloudy,none
CIN202405070,2024/05/07,ARI,CIN,CIN09,6,2,9,night,75,rtol,11,cloudy,none
CIN202405080,2024/05/08,ARI,CIN,CIN09,4,3,9,night,77,fromrf,5,cloudy,none
CIN202405090,2024/05/09,ARI,CIN,CIN09,5,4,9,day,71,rtol,7,overcast,none
CIN202405210,2024/05/21,SDN,CIN,CIN09,0,2,9,night,83,fromrf,9,cloudy,none
CIN202405220,2024/05/22,SDN,CIN,CIN09,7,3,9,night,81,tolf,9,cloudy,none
CIN202405230,2024/05/23,SDN,CIN,CIN09,6,4,10,day,76,fromcf,7,cloudy,none
CIN202405240,2024/05/24,LAN,CIN,CIN09,6,9,9,night,80,fromrf,6,cloudy,none
CIN202405250,2024/05/25,LAN,CIN,CIN09,1,3,9,night,79,tocf,5,cloudy,none
CIN202405260,2024/05/26,LAN,CIN,CIN09,1,4,9,day,80,fromcf,11,cloudy,none
CIN202405270,2024/05/27,SLN,CIN,CIN09,1,3,9,day,78,tolf,17,cloudy,none
CIN202405280,2024/05/28,SLN,CIN,CIN09,7,1,9,night,72,tolf,9,cloudy,none
CIN202405290,2024/05/29,SLN,CIN,CIN09,5,3,9,day,66,tocf,11,cloudy,none
CIN202406060,2024/06/06,CHN,CIN,CIN09,4,8,9,night,78,tolf,10,cloudy,none
CIN202406070,2024/06/07,CHN,CIN,CIN09,2,3,9,night,77,tolf,10,sunny,none
CIN202406080,2024/06/08,CHN,CIN,CIN09,3,4,9,day,79,rtol,9,cloudy,none
CIN202406090,2024/06/09,CHN,CIN,CIN09,4,2,9,day,76,tolf,5,cloudy,none
CIN202406110,2024/06/11,CLE,CIN,CIN09,5,3,9,night,76,torf,2,cloudy,none
CIN202406120,2024/06/12,CLE,CIN,CIN09,2,4,9,night,81,fromlf,2,sunny,none
CIN202406210,2024/06/21,BOS,CIN,CIN09,2,5,9,night,91,tolf,5,sunny,none
CIN202406220,2024/06/22,BOS,CIN,CIN09,4,3,9,day,92,rtol,10,cloudy,none
CIN202406230,2024/06/23,BOS,CIN,CIN09,7,4,9,day,80,tolf,14,cloudy,none
CIN202406240,2024/06/24,PIT,CIN,CIN09,5,11,9,night,85,tolf,5,cloudy,none
CIN202406250,2024/06/25,PIT,CIN,CIN09,9,5,9,night,87,rtol,11,cloudy,none
CIN202406260,2024/06/26,PIT,CIN,CIN09,6,1,9,day,77,rtol,9,overcast,none
CIN202407050,2024/07/05,DET,CIN,CIN09,5,4,9,night,80,tolf,6,cloudy,none
CIN202407060,2024/07/06,DET,CIN,CIN09,5,3,9,day,85,tolf,9,cloudy,none
CIN202407070,2024/07/07,DET,CIN,CIN09,5,1,9,day,86,tolf,3,cloudy,none
CIN202407080,2024/07/08,COL,CIN,CIN09,0,6,9,night,87,rtol,7,cloudy,none
CIN202407090,2024/07/09,COL,CIN,CIN09,6,12,9,night,85,fromlf,6,overcast,none
CIN202407100,2024/07/10,COL,CIN,CIN09,6,5,9,night,79,rtol,10,sunny,none
CIN202407110,2024/07/11,COL,CIN,CIN09,1,8,9,day,84,torf,2,cloudy,none
CIN202407120,2024/07/12,MIA,CIN,CIN09,4,7,9,night,84,torf,2,cloudy,none
CIN202407130,2024/07/13,MIA,CIN,CIN09,6,10,9,day,91,tolf,7,cloudy,none
CIN202407140,2024/07/14,MIA,CIN,CIN09,3,2,9,day,90,tolf,9,sunny,none
CIN202407290,2024/07/29,CHN,CIN,CIN09,1,7,9,night,84,rtol,7,sunny,none
CIN202407300,2024/07/30,CHN,CIN,CIN09,3,6,9,night,87,tolf,6,sunny,none
CIN202407310,2024/07/31,CHN,CIN,CIN09,13,4,9,night,85,rtol,7,overcast,none
CIN202408020,2024/08/02,SFN,CIN,CIN09,3,0,9,night,76,tolf,6,overcast,none
CIN202408030,2024/08/03,SFN,CIN,CIN09,4,6,9,night,83,tocf,8,cloudy,none
CIN202408040,2024/08/04,SFN,CIN,CIN09,8,2,9,day,85,tolf,2,cloudy,none
CIN202408120,2024/08/12,SLN,CIN,CIN09,1,6,9,night,79,tocf,4,cloudy,none
CIN202408130,2024/08/13,SLN,CIN,CIN09,1,4,9,night,82,ltor,5,cloudy,none
CIN202408140,2024/08/14,SLN,CIN,CIN09,2,9,9,night,85,ltor,5,cloudy,none
CIN202408160,2024/08/16,KCA,CIN,CIN09,7,1,9,night,80,rtol,9,cloudy,none
CIN202408170,2024/08/17,KCA,CIN,CIN09,13,1,9,night,84,tolf,11,overcast,none
CIN202408180,2024/08/18,KCA,CIN,CIN09,8,1,9,day,79,tolf,6,cloudy,none
CIN202408270,2024/08/27,OAK,CIN,CIN09,5,4,9,night,93,tolf,6,sunny,none
CIN202408280,2024/08/28,OAK,CIN,CIN09,9,6,9,night,88,tolf,6,cloudy,none
CIN202408290,2024/08/29,OAK,CIN,CIN09,9,10,9,night,92,tocf,5,cloudy,none
CIN202408301,2024/08/30,MIL,CIN,CIN09,5,4,10,day,92,unknown,5,sunny,none
CIN202408302,2024/08/30,MIL,CIN,CIN09,14,0,9,night,90,rtol,6,cloudy,none
CIN202408310,2024/08/31,MIL,CIN,CIN09,5,4,9,night,79,tocf,5,cloudy,none
CIN202409010,2024/09/01,MIL,CIN,CIN09,3,4,11,day,81,tocf,6,cloudy,none
CIN202409020,2024/09/02,HOU,CIN,CIN09,3,5,9,day,79,tocf,11,sunny,none
CIN202409040,2024/09/04,HOU,CIN,CIN09,5,12,9,night,84,fromlf,6,cloudy,none
CIN202409050,2024/09/05,HOU,CIN,CIN09,0,1,9,day,85,fromrf,2,sunny,none
CIN202409170,2024/09/17,ATL,CIN,CIN09,5,6,9,night,76,ltor,6,cloudy,none
CIN202409180,2024/09/18,ATL,CIN,CIN09,7,1,9,night,83,fromlf,7,cloudy,none
CIN202409190,2024/09/19,ATL,CIN,CIN09,15,3,9,day,85,ltor,4,sunny,none
CIN202409200,2024/09/20,PIT,CIN,CIN09,3,8,9,night,87,rtol,6,cloudy,none
CIN202409210,2024/09/21,PIT,CIN,CIN09,1,7,9,day,84,tocf,3,sunny,none
CIN202409220,2024/09/22,PIT,CIN,CIN09,2,0,9,day,87,rtol,6,cloudy,none
COL202404050,2024/04/05,TBA,COL,DEN02,7,10,9,day,75,ltor,10,cloudy,none
COL202404060,2024/04/06,TBA,COL,DEN02,8,6,9,night,46,ltor,17,cloudy,none
COL202404070,2024/04/07,TBA,COL,DEN02,3,2,9,day,52,ltor,14,sunny,none
COL202404080,2024/04/08,ARI,COL,DEN02,5,7,9,night,57,tolf,6,sunny,none
COL202404090,2024/04/09,ARI,COL,DEN02,3,2,9,night,61,fromlf,6,cloudy,none
COL202404100,2024/04/10,ARI,COL,DEN02,5,3,9,day,56,fromcf,7,cloudy,none
COL202404200,2024/04/20,SEA,COL,DEN02,7,0,9,night,33,fromcf,3,overcast,none
COL202404211,2024/04/21,SEA,COL,DEN02,1,2,10,day,54,fromcf,2,sunny,none
COL202404212,2024/04/21,SEA,COL,DEN02,10,2,9,night,63,tocf,7,cloudy,none
COL202404220,2024/04/22,SDN,COL,DEN02,3,1,9,night,73,ltor,7,cloudy,none
COL202404230,2024/04/23,SDN,COL,DEN02,4,7,9,night,57,fromcf,6,overcast,rain
COL202404240,2024/04/24,SDN,COL,DEN02,5,2,9,night,73,tolf,4,cloudy,none
COL202404250,2024/04/25,SDN,COL,DEN02,9,10,9,day,68,rtol,5,cloudy,none
COL202404270,2024/04/27,HOU,COL,MEX02,12,4,9,night,79,rtol,17,cloudy,none
COL202404280,2024/04/28,HOU,COL,MEX02,8,2,9,day,82,tolf,3,sunny,none
COL202405070,2024/05/07,SFN,COL,DEN02,5,0,9,night,50,ltor,10,cloudy,none
COL202405080,2024/05/08,SFN,COL,DEN02,8,6,9,night,56,fromlf,16,cloudy,none
COL202405090,2024/05/09,SFN,COL,DEN02,1,9,9,day,51,rtol,4,cloudy,none
COL202405100,2024/05/10,TEX,COL,DEN02,2,4,9,night,56,ltor,3,cloudy,none
COL202405110,2024/05/11,TEX,COL,DEN02,3,8,9,night,64,fromlf,7,cloudy,none
COL202405120,2024/05/12,TEX,COL,DEN02,1,3,9,day,52,ltor,5,cloudy,none
COL202405240,2024/05/24,PHI,COL,DEN02,2,3,11,night,70,tocf,10,cloudy,none
COL202405250,2024/05/25,PHI,COL,DEN02,8,4,9,night,68,rtol,8,overcast,none
COL202405260,2024/05/26,PHI,COL,DEN02,2,5,9,day,66,ltor,9,cloudy,none
COL202405270,2024/05/27,CLE,COL,DEN02,6,8,9,day,74,rtol,7,sunny,none
COL202405280,2024/05/28,CLE,COL,DEN02,13,7,9,night,74,fromlf,6,cloudy,none
COL202405290,2024/05/29,CLE,COL,DEN02,4,7,9,night,78,rtol,6,sunny,none
COL202406030,2024/06/03,CIN,COL,DEN02,13,3,9,night,83,fromlf,9,cloudy,none
COL202406040,2024/06/04,CIN,COL,DEN02,4,1,9,night,81,torf,6,cloudy,none
COL202406050,2024/06/05,CIN,COL,DEN02,12,7,9,day,84,fromlf,13,sunny,none
COL202406140,2024/06/14,PIT,COL,DEN02,5,2,9,night,82,fromlf,3,cloudy,none
COL202406150,2024/06/15,PIT,COL,DEN02,4,16,9,night,89,ltor,7,cloudy,none
COL202406160,2024/06/16,PIT,COL,DEN02,8,2,9,day,82,fromlf,5,cloudy,none
COL202406170,2024/06/17,LAN,COL,DEN02,9,5,9,night,87,fromlf,10,cloudy,none
COL202406180,2024/06/18,LAN,COL,DEN02,11,9,9,night,72,tolf,5,cloudy,none
COL202406190,2024/06/19,LAN,COL,DEN02,6,7,9,night,73,tolf,9,cloudy,none
COL202406200,2024/06/20,LAN,COL,DEN02,5,3,9,day,92,ltor,8,cloudy,none
COL202406210,2024/06/21,WAS,COL,DEN02,11,5,9,night,84,tocf,5,cloudy,none
COL202406220,2024/06/22,WAS,COL,DEN02,7,8,9,night,83,ltor,13,cloudy,none
COL202406230,2024/06/23,WAS,COL,DEN02,2,1,9,day,94,fromlf,8,sunny,none
COL202407010,2024/07/01,MIL,COL,DEN02,7,8,10,night,84,fromcf,10,cloudy,none
COL202407020,2024/07/02,MIL,COL,DEN02,4,3,9,night,87,fromcf,7,cloudy,none
COL202407030,2024/07/03,MIL,COL,DEN02,3,0,9,night,91,fromlf,10,sunny,none
COL202407040,2024/07/04,MIL,COL,DEN02,3,4,9,night,82,rtol,4,cloudy,none
COL202407050,2024/07/05,KCA,COL,DEN02,2,4,9,night,79,rtol,6,cloudy,none
COL202407060,2024/07/06,KCA,COL,DEN02,1,3,9,night,89,ltor,12,cloudy,none
COL202407070,2024/07/07,KCA,COL,DEN02,10,1,9,day,76,rtol,9,cloudy,none
COL202407190,2024/07/19,SFN,COL,DEN02,3,7,9,night,81,rtol,12,cloudy,none
COL202407200,2024/07/20,SFN,COL,DEN02,3,4,9,night,85,fromlf,10,sunny,none
COL202407210,2024/07/21,SFN,COL,DEN02,3,2,9,day,78,rtol,4,cloudy,none
COL202407220,2024/07/22,BOS,COL,DEN02,8,9,12,night,83,fromcf,8,cloudy,none
COL202407230,2024/07/23,BOS,COL,DEN02,6,0,9,night,89,fromcf,5,sunny,none
COL202407240,2024/07/24,BOS,COL,DEN02,7,20,9,day,93,tolf,7,sunny,none
COL202408060,2024/08/06,NYN,COL,DEN02,3,6,9,night,87,fromcf,7,cloudy,none
COL202408070,2024/08/07,NYN,COL,DEN02,5,3,9,night,73,rtol,6,cloudy,none
COL202408080,2024/08/08,NYN,COL,DEN02,9,1,9,day,67,fromcf,5,cloudy,none
COL202408090,2024/08/09,ATL,COL,DEN02,5,6,9,night,69,tocf,3,overcast,none
COL202408100,2024/08/10,ATL,COL,DEN02,11,8,9,night,71,ltor,7,cloudy,none
COL202408110,2024/08/11,ATL,COL,DEN02,8,9,9,day,77,fromlf,2,cloudy,none
COL202408160,2024/08/16,SDN,COL,DEN02,3,7,9,night,91,tocf,5,sunny,none
COL202408170,2024/08/17,SDN,COL,DEN02,8,3,9,night,95,tolf,2,cloudy,none
COL202408180,2024/08/18,SDN,COL,DEN02,2,3,9,day,92,rtol,4,sunny,none
COL202408260,2024/08/26,MIA,COL,DEN02,2,3,9,night,82,rtol,3,cloudy,none
COL202408270,2024/08/27,MIA,COL,DEN02,9,8,9,night,84,tolf,3,sunny,none
COL202408280,2024/08/28,MIA,COL,DEN02,2,8,9,night,92,tolf,8,cloudy,none
COL202408290,2024/08/29,MIA,COL,DEN02,12,8,9,day,82,rtol,4,sunny,none
COL202408300,2024/08/30,BAL,COL,DEN02,5,3,9,night,85,tolf,10,sunny,none
COL202408310,2024/08/31,BAL,COL,DEN02,5,7,9,night,89,fromcf,9,sunny,none
COL202409010,2024/09/01,BAL,COL,DEN02,6,1,9,day,82,tolf,4,sunny,none
COL202409130,2024/09/13,CHN,COL,DEN02,5,9,9,night,80,rtol,7,cloudy,none
COL202409140,2024/09/14,CHN,COL,DEN02,5,6,10,night,87,rtol,9,sunny,none
COL202409150,2024/09/15,CHN,COL,DEN02,6,2,9,day,83,rtol,3,cloudy,none
COL202409160,2024/09/16,ARI,COL,DEN02,2,3,9,night,80,ltor,8,cloudy,none
COL202409170,2024/09/17,ARI,COL,DEN02,2,8,9,night,74,fromlf,5,sunny,none
COL202409180,2024/09/18,ARI,COL,DEN02,9,4,9,day,82,rtol,5,sunny,none
COL202409240,2024/09/24,SLN,COL,DEN02,7,3,9,night,74,ltor,3,sunny,none
COL202409250,2024/09/25,SLN,COL,DEN02,5,2,9,night,85,tolf,5,sunny,none
COL202409260,2024/09/26,SLN,COL,DEN02,8,10,9,day,86,rtol,3,sunny,none
COL202409270,2024/09/27,LAN,COL,DEN02,11,4,9,night,83,fromcf,6,sunny,none
COL202409280,2024/09/28,LAN,COL,DEN02,13,2,9,night,86,tolf,8,sunny,none
COL202409290,2024/09/29,LAN,COL,DEN02,2,1,9,day,85,rtol,3,cloudy,none
LAN202403210,2024/03/21,SDN,LAN,SEO01,15,11,9,night,72,unknown,0,dome,none
LAN202403280,2024/03/28,SLN,LAN,LOS03,1,7,9,day,66,torf,6,cloudy,none
LAN202403290,2024/03/29,SLN,LAN,LOS03,3,6,9,night,57,tolf,8,cloudy,none
LAN202403300,2024/03/30,SLN,LAN,LOS03,6,5,10,night,52,rtol,10,cloudy,none
LAN202403310,2024/03/31,SLN,LAN,LOS03,4,5,9,day,59,rtol,10,cloudy,none
LAN202404010,2024/04/01,SFN,LAN,LOS03,3,8,9,night,64,ltor,8,sunny,none
LAN202404020,2024/04/02,SFN,LAN,LOS03,4,5,9,night,66,torf,5,sunny,none
LAN202404030,2024/04/03,SFN,LAN,LOS03,4,5,9,night,63,tocf,7,sunny,none
LAN202404120,2024/04/12,SDN,LAN,LOS03,8,7,11,night,59,tolf,7,overcast,none
LAN202404130,2024/04/13,SDN,LAN,LOS03,2,5,9,night,48,ltor,2,overcast,rain
LAN202404140,2024/04/14,SDN,LAN,LOS03,6,3,9,day,55,ltor,4,overcast,none
LAN202404150,2024/04/15,WAS,LAN,LOS03,6,4,9,night,62,torf,6,sunny,none
LAN202404160,2024/04/16,WAS,LAN,LOS03,2,6,9,night,68,tocf,3,sunny,none
LAN202404170,2024/04/17,WAS,LAN,LOS03,2,0,9,day,75,torf,2,cloudy,none
LAN202404190,2024/04/19,NYN,LAN,LOS03,9,4,9,night,61,torf,5,sunny,none
LAN202404200,2024/04/20,NYN,LAN,LOS03,6,4,9,day,66,ltor,2,cloudy,none
LAN202404210,2024/04/21,NYN,LAN,LOS03,0,10,9,day,75,torf,8,sunny,none
LAN202405030,2024/05/03,ATL,LAN,LOS03,3,4,11,night,64,torf,9,sunny,none
LAN202405040,2024/05/04,ATL,LAN,LOS03,2,11,9,night,61,ltor,6,cloudy,none
LAN202405050,2024/05/05,ATL,LAN,LOS03,1,5,9,day,66,ltor,8,cloudy,none
LAN202405060,2024/05/06,MIA,LAN,LOS03,3,6,9,night,65,torf,4,sunny,none
LAN202405070,2024/05/07,MIA,LAN,LOS03,2,8,9,night,66,torf,7,sunny,none
LAN202405080,2024/05/08,MIA,LAN,LOS03,1,3,9,day,70,rtol,4,sunny,none
LAN202405160,2024/05/16,CIN,LAN,LOS03,7,2,9,night,64,torf,5,sunny,none
LAN202405170,2024/05/17,CIN,LAN,LOS03,3,7,9,night,65,torf,7,sunny,none
LAN202405180,2024/05/18,CIN,LAN,LOS03,0,4,9,night,67,ltor,6,sunny,none
LAN202405190,2024/05/19,CIN,LAN,LOS03,2,3,10,day,70,tocf,6,cloudy,none
LAN202405200,2024/05/20,ARI,LAN,LOS03,4,6,9,night,62,torf,8,cloudy,none
LAN202405210,2024/05/21,ARI,LAN,LOS03,7,3,9,night,67,torf,6,sunny,none
LAN202405220,2024/05/22,ARI,LAN,LOS03,6,0,9,night,62,torf,6,sunny,none
LAN202405310,2024/05/31,COL,LAN,LOS03,4,1,9,night,64,torf,8,sunny,none
LAN202406010,2024/06/01,COL,LAN,LOS03,1,4,9,night,65,ltor,9,sunny,none
LAN202406020,2024/06/02,COL,LAN,LOS03,0,4,9,day,69,unknown,2,overcast,none
LAN202406110,2024/06/11,TEX,LAN,LOS03,2,15,9,night,69,torf,9,cloudy,none
LAN202406120,2024/06/12,TEX,LAN,LOS03,3,2,9,night,69,ltor,8,sunny,none
LAN202406130,2024/06/13,TEX,LAN,LOS03,3,1,9,night,68,torf,8,sunny,none
LAN202406140,2024/06/14,KCA,LAN,LOS03,3,4,9,night,75,torf,8,sunny,none
LAN202406150,2024/06/15,KCA,LAN,LOS03,7,2,9,night,77,ltor,9,sunny,none
LAN202406160,2024/06/16,KCA,LAN,LOS03,0,3,9,day,78,tocf,4,sunny,none
LAN202406210,2024/06/21,ANA,LAN,LOS03,3,2,10,night,76,ltor,7,sunny,none
LAN202406220,2024/06/22,ANA,LAN,LOS03,2,7,9,night,79,tocf,9,sunny,none
LAN202407020,2024/07/02,ARI,LAN,LOS03,5,6,9,night,75,torf,8,sunny,none
LAN202407030,2024/07/03,ARI,LAN,LOS03,12,4,9,night,74,torf,9,sunny,none
LAN202407040,2024/07/04,ARI,LAN,LOS03,9,3,9,night,76,tocf,8,sunny,none
LAN202407050,2024/07/05,MIL,LAN,LOS03,5,8,9,night,82,ltor,5,sunny,none
LAN202407060,2024/07/06,MIL,LAN,LOS03,3,5,9,day,85,torf,7,sunny,none
LAN202407070,2024/07/07,MIL,LAN,LOS03,9,2,9,day,82,tocf,6,sunny,none
LAN202407190,2024/07/19,BOS,LAN,LOS03,1,4,9,night,78,torf,8,sunny,none
LAN202407200,2024/07/20,BOS,LAN,LOS03,6,7,11,day,86,tocf,9,sunny,none
LAN202407210,2024/07/21,BOS,LAN,LOS03,6,9,9,day,86,tocf,10,cloudy,none
LAN202407220,2024/07/22,SFN,LAN,LOS03,2,3,9,night,77,torf,8,sunny,none
LAN202407230,2024/07/23,SFN,LAN,LOS03,2,5,9,night,75,ltor,9,cloudy,none
LAN202407240,2024/07/24,SFN,LAN,LOS03,8,3,9,night,79,tocf,7,sunny,none
LAN202407250,2024/07/25,SFN,LAN,LOS03,4,6,9,day,89,torf,7,sunny,none
LAN202408050,2024/08/05,PHI,LAN,LOS03,3,5,9,night,82,tolf,7,sunny,none
LAN202408060,2024/08/06,PHI,LAN,LOS03,6,2,9,night,80,torf,8,sunny,none
LAN202408070,2024/08/07,PHI,LAN,LOS03,9,4,9,night,76,torf,8,sunny,none
LAN202408090,2024/08/09,PIT,LAN,LOS03,5,9,9,night,72,ltor,10,sunny,none
LAN202408100,2024/08/10,PIT,LAN,LOS03,1,4,9,night,81,torf,9,sunny,none
LAN202408110,2024/08/11,PIT,LAN,LOS03,5,6,10,day,88,tocf,6,sunny,none
LAN202408190,2024/08/19,SEA,LAN,LOS03,0,3,9,night,80,torf,5,sunny,none
LAN202408200,2024/08/20,SEA,LAN,LOS03,3,6,9,night,82,torf,4,sunny,none
LAN202408210,2024/08/21,SEA,LAN,LOS03,4,8,9,night,79,torf,8,sunny,none
LAN202408230,2024/08/23,TBA,LAN,LOS03,3,7,9,night,73,torf,8,sunny,none
LAN202408240,2024/08/24,TBA,LAN,LOS03,9,8,10,night,76,ltor,10,sunny,none
LAN202408250,2024/08/25,TBA,LAN,LOS03,1,3,9,day,83,tocf,7,sunny,none
LAN202408270,2024/08/27,BAL,LAN,LOS03,3,2,9,night,75,torf,7,sunny,none
LAN202408280,2024/08/28,BAL,LAN,LOS03,4,6,9,night,70,torf,7,sunny,none
LAN202408290,2024/08/29,BAL,LAN,LOS03,3,6,9,night,71,torf,8,sunny,none
LAN202409060,2024/09/06,CLE,LAN,LOS03,3,1,9,night,87,tocf,8,sunny,none
LAN202409070,2024/09/07,CLE,LAN,LOS03,2,7,9,night,92,ltor,4,cloudy,none
LAN202409080,2024/09/08,CLE,LAN,LOS03,0,4,9,day,103,ltor,5,sunny,none
LAN202409090,2024/09/09,CHN,LAN,LOS03,10,4,9,night,94,ltor,7,sunny,none
LAN202409100,2024/09/10,CHN,LAN,LOS03,6,3,9,night,75,tocf,6,sunny,none
LAN202409110,2024/09/11,CHN,LAN,LOS03,8,10,9,night,70,tocf,7,sunny,none
LAN202409200,2024/09/20,COL,LAN,LOS03,4,6,9,night,68,torf,4,sunny,none
LAN202409210,2024/09/21,COL,LAN,LOS03,6,3,9,night,69,ltor,5,sunny,none
LAN202409220,2024/09/22,COL,LAN,LOS03,5,6,9,day,81,ltor,4,sunny,none
LAN202409240,2024/09/24,SDN,LAN,LOS03,4,2,9,night,69,torf,7,sunny,none
LAN202409250,2024/09/25,SDN,LAN,LOS03,3,4,9,night,69,unknown,9,sunny,none
LAN202409260,2024/09/26,SDN,LAN,LOS03,2,7,9,night,69,torf,7,sunny,none
MIA202403280,2024/03/28,PIT,MIA,MIA02,6,5,12,day,72,unknown,0,dome,none
MIA202403290,2024/03/29,PIT,MIA,MIA02,7,2,9,night,73,fromlf,13,cloudy,none
MIA202403300,2024/03/30,PIT,MIA,MIA02,9,3,9,day,75,fromlf,12,cloudy,none
MIA202403310,2024/03/31,PIT,MIA,MIA02,9,7,10,day,77,fromlf,11,sunny,none
MIA202404010,2024/04/01,ANA,MIA,MIA02,7,4,9,night,77,fromcf,11,cloudy,none
MIA202404020,2024/04/02,ANA,MIA,MIA02,3,1,9,night,79,fromcf,13,cloudy,none
MIA202404030,2024/04/03,ANA,MIA,MIA02,10,2,9,day,72,unknown,0,dome,none
MIA202404120,2024/04/12,ATL,MIA,MIA02,8,1,9,night,77,fromlf,9,sunny,none
MIA202404130,2024/04/13,ATL,MIA,MIA02,1,5,9,day,81,fromlf,14,sunny,none
MIA202404140,2024/04/14,ATL,MIA,MIA02,9,7,9,day,80,fromlf,13,cloudy,none
MIA202404150,2024/04/15,SFN,MIA,MIA02,4,3,9,night,76,ltor,10,cloudy,none
MIA202404160,2024/04/16,SFN,MIA,MIA02,3,6,9,night,78,fromlf,12,cloudy,none
MIA202404170,2024/04/17,SFN,MIA,MIA02,3,1,9,day,72,unknown,0,dome,none
MIA202404260,2024/04/26,WAS,MIA,MIA02,3,1,9,night,79,fromlf,14,cloudy,none
MIA202404270,2024/04/27,WAS,MIA,MIA02,11,4,9,day,72,unknown,0,dome,none
MIA202404280,2024/04/28,WAS,MIA,MIA02,12,9,9,day,72,unknown,0,dome,none
MIA202404290,2024/04/29,WAS,MIA,MIA02,7,2,9,night,80,fromlf,11,cloudy,none
MIA202404300,2024/04/30,COL,MIA,MIA02,6,7,10,night,72,unknown,0,dome,none
MIA202405010,2024/05/01,COL,MIA,MIA02,1,4,9,night,72,unknown,0,dome,none
MIA202405020,2024/05/02,COL,MIA,MIA02,4,5,10,day,72,unknown,0,dome,none
MIA202405100,2024/05/10,PHI,MIA,MIA02,8,2,9,night,72,unknown,0,dome,none
MIA202405110,2024/05/11,PHI,MIA,MIA02,8,3,9,day,72,unknown,0,dome,none
MIA202405120,2024/05/12,PHI,MIA,MIA02,6,7,10,day,72,unknown,0,dome,none
MIA202405170,2024/05/17,NYN,MIA,MIA02,0,8,9,night,72,unknown,0,dome,none
MIA202405180,2024/05/18,NYN,MIA,MIA02,9,10,10,day,72,unknown,0,dome,none
MIA202405190,2024/05/19,NYN,MIA,MIA02,7,3,9,day,72,unknown,0,dome,none
MIA202405200,2024/05/20,MIL,MIA,MIA02,2,3,10,night,72,unknown,0,dome,none
MIA202405210,2024/05/21,MIL,MIA,MIA02,7,5,9,night,72,unknown,0,dome,none
MIA202405220,2024/05/22,MIL,MIA,MIA02,0,1,9,night,72,unknown,0,dome,none
MIA202405310,2024/05/31,TEX,MIA,MIA02,2,8,9,night,72,unknown,0,dome,none
MIA202406010,2024/06/01,TEX,MIA,MIA02,7,0,9,day,72,unknown,0,dome,none
MIA202406020,2024/06/02,TEX,MIA,MIA02,6,0,9,day,72,unknown,0,dome,none
MIA202406040,2024/06/04,TBA,MIA,MIA02,9,5,9,night,72,unknown,0,dome,none
MIA202406050,2024/06/05,TBA,MIA,MIA02,5,3,9,night,72,unknown,0,dome,none
MIA202406070,2024/06/07,CLE,MIA,MIA02,2,3,9,night,72,unknown,0,dome,none
MIA202406080,2024/06/08,CLE,MIA,MIA02,8,0,9,night,72,unknown,0,dome,none
MIA202406090,2024/06/09,CLE,MIA,MIA02,6,3,9,day,72,unknown,0,dome,none
MIA202406170,2024/06/17,SLN,MIA,MIA02,7,6,12,night,72,unknown,0,dome,none
MIA202406180,2024/06/18,SLN,MIA,MIA02,8,9,10,night,72,unknown,0,dome,none
MIA202406190,2024/06/19,SLN,MIA,MIA02,3,4,9,day,72,unknown,0,dome,none
MIA202406210,2024/06/21,SEA,MIA,MIA02,2,3,10,night,72,unknown,0,dome,none
MIA202406220,2024/06/22,SEA,MIA,MIA02,9,0,9,day,72,unknown,0,dome,none
MIA202406230,2024/06/23,SEA,MIA,MIA02,4,6,9,day,72,unknown,0,dome,none
MIA202407020,2024/07/02,BOS,MIA,MIA02,8,3,9,night,72,unknown,0,dome,none
MIA202407030,2024/07/03,BOS,MIA,MIA02,7,2,9,night,72,unknown,0,dome,none
MIA202407040,2024/07/04,BOS,MIA,MIA02,6,5,12,day,72,unknown,0,dome,none
MIA202407050,2024/07/05,CHA,MIA,MIA02,3,2,9,night,72,unknown,0,dome,none
MIA202407060,2024/07/06,CHA,MIA,MIA02,3,4,9,day,72,unknown,0,dome,none
MIA202407070,2024/07/07,CHA,MIA,MIA02,4,7,9,day,72,unknown,0,dome,none
MIA202407190,2024/07/19,NYN,MIA,MIA02,4,6,9,night,72,unknown,0,dome,none
MIA202407200,2024/07/20,NYN,MIA,MIA02,1,0,9,day,72,unknown,0,dome,none
MIA202407210,2024/07/21,NYN,MIA,MIA02,2,4,9,day,72,unknown,0,dome,none
MIA202407220,2024/07/22,NYN,MIA,MIA02,6,4,9,night,72,unknown,0,dome,none
MIA202407230,2024/07/23,BAL,MIA,MIA02,3,6,9,night,72,unknown,0,dome,none
MIA202407240,2024/07/24,BAL,MIA,MIA02,3,6,9,night,72,unknown,0,dome,none
MIA202407250,2024/07/25,BAL,MIA,MIA02,7,6,10,day,72,unknown,0,dome,none
MIA202408050,2024/08/05,CIN,MIA,MIA02,10,3,9,night,72,unknown,0,dome,none
MIA202408060,2024/08/06,CIN,MIA,MIA02,8,2,9,night,72,unknown,0,dome,none
MIA202408070,2024/08/07,CIN,MIA,MIA02,4,6,9,night,72,unknown,0,dome,none
MIA202408080,2024/08/08,CIN,MIA,MIA02,10,4,10,night,72,unknown,0,dome,none
MIA202408090,2024/08/09,SDN,MIA,MIA02,6,2,10,night,72,unknown,0,dome,none
MIA202408100,2024/08/10,SDN,MIA,MIA02,9,8,10,day,72,unknown,0,dome,none
MIA202408110,2024/08/11,SDN,MIA,MIA02,6,7,9,day,72,unknown,0,dome,none
MIA202408190,2024/08/19,ARI,MIA,MIA02,9,6,9,night,72,unknown,0,dome,none
MIA202408200,2024/08/20,ARI,MIA,MIA02,3,1,9,night,72,unknown,0,dome,none
MIA202408210,2024/08/21,ARI,MIA,MIA02,10,8,9,night,72,unknown,0,dome,none
MIA202408230,2024/08/23,CHN,MIA,MIA02,6,3,9,night,72,unknown,0,dome,none
MIA202408240,2024/08/24,CHN,MIA,MIA02,14,2,9,day,72,unknown,0,dome,none
MIA202408250,2024/08/25,CHN,MIA,MIA02,2,7,9,day,72,unknown,0,dome,none
MIA202409030,2024/09/03,WAS,MIA,MIA02,6,2,9,night,72,unknown,0,dome,none
MIA202409040,2024/09/04,WAS,MIA,MIA02,3,4,10,night,72,unknown,0,dome,none
MIA202409050,2024/09/05,PHI,MIA,MIA02,5,2,9,night,72,unknown,0,dome,none
MIA202409060,2024/09/06,PHI,MIA,MIA02,16,2,9,night,72,unknown,0,dome,none
MIA202409070,2024/09/07,PHI,MIA,MIA02,5,9,9,day,72,unknown,0,dome,none
MIA202409080,2024/09/08,PHI,MIA,MIA02,1,10,9,day,72,unknown,0,dome,none
MIA202409170,2024/09/17,LAN,MIA,MIA02,9,11,9,night,72,unknown,0,dome,none
MIA202409180,2024/09/18,LAN,MIA,MIA02,8,4,9,night,72,unknown,0,dome,none
MIA202409190,2024/09/19,LAN,MIA,MIA02,20,4,9,day,72,unknown,0,dome,none
MIA202409200,2024/09/20,ATL,MIA,MIA02,3,4,9,night,72,unknown,0,dome,none
MIA202409210,2024/09/21,ATL,MIA,MIA02,6,2,9,day,72,unknown,0,dome,none
MIA202409220,2024/09/22,ATL,MIA,MIA02,5,4,9,day,72,unknown,0,dome,none
MIL202404020,2024/04/02,MIN,MIL,MIL06,2,3,9,day,64,unknown,0,dome,none
MIL202404030,2024/04/03,MIN,MIL,MIL06,7,3,9,day,64,unknown,0,dome,none
MIL202404050,2024/04/05,SEA,MIL,MIL06,5,6,9,night,46,unknown,0,dome,none
MIL202404060,2024/04/06,SEA,MIL,MIL06,5,3,9,night,65,unknown,0,dome,none
MIL202404070,2024/04/07,SEA,MIL,MIL06,4,12,9,day,64,unknown,0,dome,none
MIL202404150,2024/04/15,SDN,MIL,MIL06,7,3,9,night,71,unknown,0,dome,none
MIL202404160,2024/04/16,SDN,MIL,MIL06,6,3,9,night,56,unknown,0,dome,none
MIL202404170,2024/04/17,SDN,MIL,MIL06,0,1,9,day,66,unknown,0,dome,none
MIL202404260,2024/04/26,NYA,MIL,MIL06,6,7,11,night,63,unknown,0,dome,none
MIL202404270,2024/04/27,NYA,MIL,MIL06,15,3,9,night,73,unknown,0,dome,none
MIL202404280,2024/04/28,NYA,MIL,MIL06,15,5,9,day,65,unknown,0,dome,none
MIL202404290,2024/04/29,TBA,MIL,MIL06,1,0,9,night,67,unknown,0,dome,none
MIL202404300,2024/04/30,TBA,MIL,MIL06,2,8,9,night,67,unknown,0,dome,none
MIL202405010,2024/05/01,TBA,MIL,MIL06,1,7,9,day,68,fromcf,18,sunny,none
MIL202405090,2024/05/09,SLN,MIL,MIL06,1,7,9,night,67,unknown,0,dome,none
MIL202405100,2024/05/10,SLN,MIL,MIL06,2,11,9,night,68,unknown,0,dome,none
MIL202405110,2024/05/11,SLN,MIL,MIL06,3,5,9,night,68,unknown,0,dome,none
MIL202405120,2024/05/12,SLN,MIL,MIL06,4,3,9,day,77,rtol,11,cloudy,none
MIL202405130,2024/05/13,PIT,MIL,MIL06,8,6,9,night,71,unknown,0,dome,none
MIL202405140,2024/05/14,PIT,MIL,MIL06,3,4,9,night,67,unknown,0,dome,none
MIL202405150,2024/05/15,PIT,MIL,MIL06,2,10,9,day,61,fromlf,12,sunny,none
MIL202405270,2024/05/27,CHN,MIL,MIL06,1,5,9,day,69,unknown,0,dome,none
MIL202405280,2024/05/28,CHN,MIL,MIL06,6,3,10,night,69,unknown,0,dome,none
MIL202405290,2024/05/29,CHN,MIL,MIL06,6,10,9,night,61,unknown,0,dome,none
MIL202405300,2024/05/30,CHN,MIL,MIL06,4,6,9,day,64,fromlf,8,sunny,none
MIL202405310,2024/05/31,CHA,MIL,MIL06,5,12,9,night,74,unknown,0,dome,none
MIL202406010,2024/06/01,CHA,MIL,MIL06,3,4,10,day,71,unknown,0,dome,none
MIL202406020,2024/06/02,CHA,MIL,MIL06,3,6,9,day,74,fromlf,3,cloudy,none
MIL202406100,2024/06/10,TOR,MIL,MIL06,1,3,9,night,71,unknown,0,dome,none
MIL202406110,2024/06/11,TOR,MIL,MIL06,3,0,9,night,72,fromrf,5,dome,none
MIL202406120,2024/06/12,TOR,MIL,MIL06,4,5,9,day,87,rtol,10,sunny,none
MIL202406140,2024/06/14,CIN,MIL,MIL06,6,5,9,night,71,ltor,8,sunny,none
MIL202406150,2024/06/15,CIN,MIL,MIL06,1,3,9,day,76,fromlf,11,cloudy,none
MIL202406160,2024/06/16,CIN,MIL,MIL06,4,5,9,day,79,ltor,10,cloudy,none
MIL202406240,2024/06/24,TEX,MIL,MIL06,3,6,9,night,77,fromrf,8,sunny,none
MIL202406250,2024/06/25,TEX,MIL,MIL06,1,3,9,night,87,torf,9,cloudy,none
MIL202406260,2024/06/26,TEX,MIL,MIL06,5,6,10,day,83,fromlf,9,cloudy,none
MIL202406280,2024/06/28,CHN,MIL,MIL06,2,4,9,night,74,fromrf,3,dome,none
MIL202406290,2024/06/29,CHN,MIL,MIL06,5,3,9,day,85,fromcf,9,cloudy,none
MIL202406300,2024/06/30,CHN,MIL,MIL06,1,7,9,day,67,ltor,6,sunny,none
MIL202407090,2024/07/09,PIT,MIL,MIL06,12,2,9,night,73,fromrf,5,cloudy,none
MIL202407100,2024/07/10,PIT,MIL,MIL06,0,9,9,night,74,ltor,5,sunny,none
MIL202407110,2024/07/11,PIT,MIL,MIL06,1,0,9,day,77,fromlf,7,cloudy,none
MIL202407120,2024/07/12,WAS,MIL,MIL06,5,2,9,night,82,fromcf,6,sunny,none
MIL202407130,2024/07/13,WAS,MIL,MIL06,6,5,9,day,86,fromrf,10,cloudy,none
MIL202407140,2024/07/14,WAS,MIL,MIL06,3,9,9,day,82,unknown,11,cloudy,none
MIL202407260,2024/07/26,MIA,MIL,MIL06,6,2,9,night,76,fromrf,8,sunny,none
MIL202407270,2024/07/27,MIA,MIL,MIL06,7,3,9,night,81,fromrf,10,sunny,none
MIL202407280,2024/07/28,MIA,MIL,MIL06,2,6,9,day,80,fromrf,9,dome,none
MIL202407290,2024/07/29,ATL,MIL,MIL06,3,8,9,night,80,unknown,0,dome,none
MIL202407300,2024/07/30,ATL,MIL,MIL06,5,1,9,night,84,rtol,8,sunny,none
MIL202407310,2024/07/31,ATL,MIL,MIL06,6,2,9,day,86,fromrf,5,sunny,none
MIL202408090,2024/08/09,CIN,MIL,MIL06,3,8,9,night,65,fromrf,11,cloudy,none
MIL202408100,2024/08/10,CIN,MIL,MIL06,0,1,9,night,73,tolf,14,cloudy,none
MIL202408110,2024/08/11,CIN,MIL,MIL06,4,3,9,day,76,unknown,13,cloudy,none
MIL202408120,2024/08/12,LAN,MIL,MIL06,5,2,9,night,78,ltor,5,sunny,none
MIL202408130,2024/08/13,LAN,MIL,MIL06,7,2,9,night,80,ltor,3,sunny,none
MIL202408140,2024/08/14,LAN,MIL,MIL06,4,5,9,night,74,ltor,8,cloudy,none
MIL202408150,2024/08/15,LAN,MIL,MIL06,4,6,9,day,77,unknown,0,dome,none
MIL202408160,2024/08/16,CLE,MIL,MIL06,3,5,9,night,79,unknown,0,dome,none
MIL202408170,2024/08/17,CLE,MIL,MIL06,1,2,9,night,79,unknown,0,dome,none
MIL202408180,2024/08/18,CLE,MIL,MIL06,0,2,9,day,76,fromlf,10,dome,none
MIL202408270,2024/08/27,SFN,MIL,MIL06,5,4,9,night,85,rtol,9,cloudy,none
MIL202408280,2024/08/28,SFN,MIL,MIL06,3,5,9,night,78,unknown,2,dome,none
MIL202408290,2024/08/29,SFN,MIL,MIL06,0,6,9,day,74,fromlf,6,overcast,none
MIL202409020,2024/09/02,SLN,MIL,MIL06,3,9,9,day,72,fromlf,5,cloudy,none
MIL202409030,2024/09/03,SLN,MIL,MIL06,7,4,12,night,73,fromrf,9,sunny,none
MIL202409040,2024/09/04,SLN,MIL,MIL06,3,2,10,night,76,fromrf,6,sunny,none
MIL202409060,2024/09/06,COL,MIL,MIL06,3,2,9,night,72,ltor,2,dome,none
MIL202409070,2024/09/07,COL,MIL,MIL06,2,5,9,night,64,unknown,0,dome,none
MIL202409080,2024/09/08,COL,MIL,MIL06,4,1,9,day,70,fromrf,11,cloudy,none
MIL202409160,2024/09/16,PHI,MIL,MIL06,2,6,9,night,74,fromcf,8,cloudy,none
MIL202409170,2024/09/17,PHI,MIL,MIL06,5,1,9,night,76,ltor,4,sunny,none
MIL202409180,2024/09/18,PHI,MIL,MIL06,1,2,9,night,73,fromlf,8,sunny,none
MIL202409190,2024/09/19,ARI,MIL,MIL06,5,1,9,night,78,fromrf,11,cloudy,none
MIL202409200,2024/09/20,ARI,MIL,MIL06,7,4,9,night,77,unknown,5,sunny,none
MIL202409210,2024/09/21,ARI,MIL,MIL06,5,0,9,night,82,fromrf,4,dome,none
MIL202409220,2024/09/22,ARI,MIL,MIL06,9,10,9,day,76,unknown,0,dome,none
MIL202409270,2024/09/27,NYN,MIL,MIL06,4,8,9,night,68,ltor,11,cloudy,none
MIL202409280,2024/09/28,NYN,MIL,MIL06,0,6,9,night,71,ltor,16,sunny,none
MIL202409290,2024/09/29,NYN,MIL,MIL06,5,0,9,day,72,ltor,15,sunny,none
NYN202403290,2024/03/29,MIL,NYN,NYC20,3,1,9,day,53,ltor,17,sunny,none
NYN202403300,2024/03/30,MIL,NYN,NYC20,7,6,9,day,54,torf,15,sunny,none
NYN202403310,2024/03/31,MIL,NYN,NYC20,4,1,9,day,57,ltor,6,sunny,none
NYN202404010,2024/04/01,DET,NYN,NYC20,5,0,10,night,52,tolf,2,cloudy,none
NYN202404041,2024/04/04,DET,NYN,NYC20,6,3,11,day,43,ltor,11,cloudy,none
NYN202404042,2024/04/04,DET,NYN,NYC20,1,2,9,day,47,fromlf,10,cloudy,none
NYN202404120,2024/04/12,KCA,NYN,NYC20,1,6,9,night,60,tocf,13,cloudy,none
NYN202404130,2024/04/13,KCA,NYN,NYC20,11,7,9,day,51,torf,19,cloudy,none
NYN202404140,2024/04/14,KCA,NYN,NYC20,1,2,9,day,67,tocf,14,sunny,none
NYN202404150,2024/04/15,PIT,NYN,NYC20,3,6,9,night,72,torf,5,cloudy,none
NYN202404160,2024/04/16,PIT,NYN,NYC20,1,3,9,night,67,ltor,5,sunny,none
NYN202404170,2024/04/17,PIT,NYN,NYC20,1,9,9,day,60,rtol,10,cloudy,none
NYN202404260,2024/04/26,SLN,NYN,NYC20,4,2,9,night,52,tolf,6,sunny,none
NYN202404270,2024/04/27,SLN,NYN,NYC20,7,4,9,day,57,tolf,14,cloudy,none
NYN202404280,2024/04/28,SLN,NYN,NYC20,2,4,11,day,67,tocf,2,sunny,none
NYN202404290,2024/04/29,CHN,NYN,NYC20,3,1,9,night,70,tolf,8,cloudy,none
NYN202404300,2024/04/30,CHN,NYN,NYC20,2,4,9,night,56,fromrf,5,cloudy,none
NYN202405010,2024/05/01,CHN,NYN,NYC20,1,0,9,night,60,tolf,10,sunny,none
NYN202405020,2024/05/02,CHN,NYN,NYC20,6,7,11,day,71,tolf,7,sunny,none
NYN202405100,2024/05/10,ATL,NYN,NYC20,4,2,9,night,51,fromrf,6,overcast,drizzle
NYN202405110,2024/05/11,ATL,NYN,NYC20,4,1,9,day,59,tolf,10,sunny,none
NYN202405120,2024/05/12,ATL,NYN,NYC20,3,4,9,night,54,tolf,6,cloudy,none
NYN202405130,2024/05/13,PHI,NYN,NYC20,5,4,10,night,61,torf,10,cloudy,none
NYN202405140,2024/05/14,PHI,NYN,NYC20,4,0,9,day,71,tolf,9,cloudy,none
NYN202405240,2024/05/24,SFN,NYN,NYC20,8,7,9,night,80,torf,6,sunny,none
NYN202405250,2024/05/25,SFN,NYN,NYC20,7,2,10,day,79,tolf,8,sunny,none
NYN202405260,2024/05/26,SFN,NYN,NYC20,3,4,9,day,81,tolf,7,sunny,none
NYN202405281,2024/05/28,LAN,NYN,NYC20,5,2,10,night,81,torf,14,sunny,none
NYN202405282,2024/05/28,LAN,NYN,NYC20,3,0,9,night,76,torf,14,cloudy,none
NYN202405290,2024/05/29,LAN,NYN,NYC20,10,3,9,day,76,torf,5,cloudy,none
NYN202405300,2024/05/30,ARI,NYN,NYC20,2,3,9,night,69,fromlf,6,cloudy,none
NYN202405310,2024/05/31,ARI,NYN,NYC20,9,10,9,night,74,ltor,9,sunny,none
NYN202406010,2024/06/01,ARI,NYN,NYC20,10,5,9,day,84,torf,6,sunny,none
NYN202406020,2024/06/02,ARI,NYN,NYC20,5,4,9,day,81,tolf,5,sunny,none
NYN202406080,2024/06/08,PHI,NYN,LON01,7,2,9,night,66,unknown,11,cloudy,none
NYN202406110,2024/06/11,MIA,NYN,NYC20,4,2,9,night,71,tolf,6,cloudy,none
NYN202406120,2024/06/12,MIA,NYN,NYC20,4,10,9,night,73,tolf,8,cloudy,none
NYN202406130,2024/06/13,MIA,NYN,NYC20,2,3,9,night,77,tolf,14,sunny,none
NYN202406140,2024/06/14,SDN,NYN,NYC20,1,2,9,night,71,tolf,5,cloudy,none
NYN202406150,2024/06/15,SDN,NYN,NYC20,1,5,9,day,81,fromlf,9,sunny,none
NYN202406160,2024/06/16,SDN,NYN,NYC20,6,11,9,day,77,rtol,6,sunny,none
NYN202406250,2024/06/25,NYA,NYN,NYC20,7,9,9,night,84,tolf,10,sunny,none
NYN202406260,2024/06/26,NYA,NYN,NYC20,2,12,9,night,83,tolf,8,cloudy,none
NYN202406280,2024/06/28,HOU,NYN,NYC20,2,7,9,night,71,tolf,10,sunny,none
NYN202406290,2024/06/29,HOU,NYN,NYC20,9,6,9,day,80,tolf,18,cloudy,none
NYN202406300,2024/06/30,HOU,NYN,NYC20,10,5,11,day,82,tocf,10,cloudy,none
NYN202407090,2024/07/09,WAS,NYN,NYC20,5,7,9,night,83,tolf,10,cloudy,none
NYN202407100,2024/07/10,WAS,NYN,NYC20,2,6,9,night,81,tolf,18,cloudy,none
NYN202407110,2024/07/11,WAS,NYN,NYC20,0,7,9,day,87,tocf,12,sunny,none
NYN202407120,2024/07/12,COL,NYN,NYC20,6,7,9,night,79,tolf,8,cloudy,none
NYN202407130,2024/07/13,COL,NYN,NYC20,3,7,9,day,85,tolf,7,sunny,none
NYN202407140,2024/07/14,COL,NYN,NYC20,8,5,9,day,92,tolf,5,sunny,none
NYN202407250,2024/07/25,ATL,NYN,NYC20,2,3,10,night,83,ltor,8,cloudy,none
NYN202407260,2024/07/26,ATL,NYN,NYC20,4,8,9,night,83,fromlf,5,cloudy,none
NYN202407270,2024/07/27,ATL,NYN,NYC20,4,0,9,day,85,fromrf,3,cloudy,none
NYN202407280,2024/07/28,ATL,NYN,NYC20,9,2,9,day,86,fromrf,6,sunny,none
NYN202407290,2024/07/29,MIN,NYN,NYC20,2,15,9,night,80,tolf,10,cloudy,none
NYN202407300,2024/07/30,MIN,NYN,NYC20,0,2,9,night,80,tolf,15,sunny,none
NYN202407310,2024/07/31,MIN,NYN,NYC20,8,3,9,day,83,tolf,9,cloudy,none
NYN202408130,2024/08/13,OAK,NYN,NYC20,9,4,9,night,79,fromlf,3,sunny,none
NYN202408140,2024/08/14,OAK,NYN,NYC20,1,9,9,night,82,fromlf,4,sunny,none
NYN202408150,2024/08/15,OAK,NYN,NYC20,7,6,9,day,85,ltor,4,sunny,none
NYN202408160,2024/08/16,MIA,NYN,NYC20,3,7,9,night,79,tolf,9,sunny,none
NYN202408170,2024/08/17,MIA,NYN,NYC20,0,4,9,day,79,tolf,10,cloudy,none
NYN202408180,2024/08/18,MIA,NYN,NYC20,3,2,9,day,76,tolf,12,cloudy,none
NYN202408190,2024/08/19,BAL,NYN,NYC20,3,4,9,night,76,ltor,8,cloudy,none
NYN202408200,2024/08/20,BAL,NYN,NYC20,9,5,9,night,70,ltor,10,sunny,none
NYN202408210,2024/08/21,BAL,NYN,NYC20,3,4,9,day,71,ltor,8,sunny,none
NYN202409020,2024/09/02,BOS,NYN,NYC20,1,4,9,night,75,ltor,11,sunny,none
NYN202409030,2024/09/03,BOS,NYN,NYC20,2,7,9,night,71,fromlf,2,sunny,none
NYN202409040,2024/09/04,BOS,NYN,NYC20,3,8,9,night,72,tolf,6,sunny,none
NYN202409060,2024/09/06,CIN,NYN,NYC20,4,6,10,night,74,tolf,6,sunny,none
NYN202409070,2024/09/07,CIN,NYN,NYC20,0,4,9,day,65,ltor,10,cloudy,none
NYN202409080,2024/09/08,CIN,NYN,NYC20,3,1,9,day,68,torf,10,sunny,none
NYN202409160,2024/09/16,WAS,NYN,NYC20,1,2,10,night,73,rtol,6,cloudy,none
NYN202409170,2024/09/17,WAS,NYN,NYC20,1,10,9,night,74,rtol,6,cloudy,none
NYN202409180,2024/09/18,WAS,NYN,NYC20,0,10,9,night,72,fromcf,7,cloudy,none
NYN202409190,2024/09/19,PHI,NYN,NYC20,6,10,9,night,78,rtol,5,cloudy,none
NYN202409200,2024/09/20,PHI,NYN,NYC20,12,2,9,night,73,fromrf,9,sunny,none
NYN202409210,2024/09/21,PHI,NYN,NYC20,3,6,9,day,77,fromcf,8,cloudy,none
NYN202409220,2024/09/22,PHI,NYN,NYC20,1,2,9,night,70,fromrf,6,cloudy,none
PHI202403290,2024/03/29,ATL,PHI,PHI13,9,3,9,day,56,fromlf,17,sunny,none
PHI202403300,2024/03/30,ATL,PHI,PHI13,12,4,9,day,61,torf,14,cloudy,none
PHI202403310,2024/03/31,ATL,PHI,PHI13,4,5,9,day,59,fromlf,10,cloudy,none
PHI202404010,2024/04/01,CIN,PHI,PHI13,6,3,10,night,52,fromcf,5,cloudy,none
PHI202404020,2024/04/02,CIN,PHI,PHI13,4,9,9,night,46,rtol,13,overcast,drizzle
PHI202404030,2024/04/03,CIN,PHI,PHI13,4,1,9,day,48,rtol,23,cloudy,none
PHI202404110,2024/04/11,PIT,PHI,PHI13,1,5,9,night,64,tolf,14,cloudy,none
PHI202404120,2024/04/12,PIT,PHI,PHI13,5,2,9,night,64,torf,20,cloudy,none
PHI202404130,2024/04/13,PIT,PHI,PHI13,3,4,9,day,60,ltor,21,cloudy,none
PHI202404140,2024/04/14,PIT,PHI,PHI13,9,2,9,day,71,torf,15,sunny,none
PHI202404150,2024/04/15,COL,PHI,PHI13,1,2,10,night,77,tocf,11,cloudy,none
PHI202404160,2024/04/16,COL,PHI,PHI13,0,5,9,night,72,fromlf,12,sunny,none
PHI202404170,2024/04/17,COL,PHI,PHI13,6,7,9,night,60,rtol,11,cloudy,none
PHI202404190,2024/04/19,CHA,PHI,PHI13,0,7,9,night,56,tocf,7,cloudy,none
PHI202404200,2024/04/20,CHA,PHI,PHI13,5,9,9,night,68,torf,17,sunny,none
PHI202404210,2024/04/21,CHA,PHI,PHI13,2,8,9,day,51,ltor,7,cloudy,none
PHI202405030,2024/05/03,SFN,PHI,PHI13,3,4,9,night,58,fromrf,9,cloudy,none
PHI202405040,2024/05/04,SFN,PHI,PHI13,3,14,9,night,51,rtol,10,overcast,rain
PHI202405050,2024/05/05,SFN,PHI,PHI13,4,5,9,night,59,tocf,6,cloudy,none
PHI202405060,2024/05/06,SFN,PHI,PHI13,1,6,9,day,72,ltor,4,cloudy,none
PHI202405070,2024/05/07,TOR,PHI,PHI13,1,10,9,night,78,ltor,5,cloudy,none
PHI202405080,2024/05/08,TOR,PHI,PHI13,5,3,9,day,82,torf,11,cloudy,none
PHI202405150,2024/05/15,NYN,PHI,PHI13,5,10,9,night,61,fromcf,12,cloudy,none
PHI202405160,2024/05/16,NYN,PHI,PHI13,6,5,11,night,66,fromcf,10,cloudy,none
PHI202405170,2024/05/17,WAS,PHI,PHI13,2,4,9,night,68,tocf,6,cloudy,none
PHI202405180,2024/05/18,WAS,PHI,PHI13,3,4,10,night,63,tolf,3,overcast,rain
PHI202405190,2024/05/19,WAS,PHI,PHI13,5,11,9,day,74,fromrf,7,sunny,none
PHI202405210,2024/05/21,TEX,PHI,PHI13,2,5,9,night,81,torf,11,cloudy,none
PHI202405220,2024/05/22,TEX,PHI,PHI13,4,11,9,night,83,tocf,12,cloudy,none
PHI202405230,2024/05/23,TEX,PHI,PHI13,2,5,9,day,80,ltor,5,cloudy,none
PHI202405310,2024/05/31,SLN,PHI,PHI13,2,4,9,night,77,fromlf,11,sunny,none
PHI202406010,2024/06/01,SLN,PHI,PHI13,1,6,9,night,81,tocf,7,sunny,none
PHI202406020,2024/06/02,SLN,PHI,PHI13,5,4,10,night,80,torf,12,cloudy,none
PHI202406030,2024/06/03,MIL,PHI,PHI13,1,3,9,night,85,fromcf,5,cloudy,none
PHI202406040,2024/06/04,MIL,PHI,PHI13,1,2,10,night,82,tolf,10,sunny,none
PHI202406050,2024/06/05,MIL,PHI,PHI13,0,2,9,day,84,tolf,9,cloudy,none
PHI202406090,2024/06/09,NYN,PHI,LON01,6,5,9,day,61,unknown,9,cloudy,none
PHI202406170,2024/06/17,SDN,PHI,PHI13,2,9,9,night,86,tocf,9,cloudy,none
PHI202406180,2024/06/18,SDN,PHI,PHI13,3,4,9,night,89,tocf,8,cloudy,none
PHI202406190,2024/06/19,SDN,PHI,PHI13,5,2,9,day,87,tocf,5,sunny,none
PHI202406210,2024/06/21,ARI,PHI,PHI13,5,4,9,night,93,tocf,10,sunny,none
PHI202406220,2024/06/22,ARI,PHI,PHI13,1,12,9,day,97,torf,11,cloudy,none
PHI202406230,2024/06/23,ARI,PHI,PHI13,1,4,9,day,91,torf,14,cloudy,none
PHI202406270,2024/06/27,MIA,PHI,PHI13,7,4,9,night,87,ltor,12,cloudy,none
PHI202406280,2024/06/28,MIA,PHI,PHI13,0,2,9,night,79,tolf,9,cloudy,none
PHI202406290,2024/06/29,MIA,PHI,PHI13,3,2,9,day,86,tocf,13,cloudy,none
PHI202406300,2024/06/30,MIA,PHI,PHI13,6,7,9,day,81,tocf,9,cloudy,none
PHI202407090,2024/07/09,LAN,PHI,PHI13,1,10,9,night,93,tocf,11,cloudy,none
PHI202407100,2024/07/10,LAN,PHI,PHI13,3,4,9,night,88,tocf,15,cloudy,none
PHI202407110,2024/07/11,LAN,PHI,PHI13,1,5,9,night,89,torf,11,cloudy,none
PHI202407120,2024/07/12,OAK,PHI,PHI13,6,2,9,night,78,tolf,3,overcast,drizzle
PHI202407130,2024/07/13,OAK,PHI,PHI13,5,11,9,day,88,tocf,5,cloudy,none
PHI202407140,2024/07/14,OAK,PHI,PHI13,18,3,9,day,94,torf,5,cloudy,none
PHI202407260,2024/07/26,CLE,PHI,PHI13,3,1,9,night,83,fromlf,7,cloudy,none
PHI202407270,2024/07/27,CLE,PHI,PHI13,0,8,9,night,85,tocf,6,cloudy,none
PHI202407280,2024/07/28,CLE,PHI,PHI13,4,3,9,day,87,fromrf,5,cloudy,none
PHI202407290,2024/07/29,NYA,PHI,PHI13,14,4,9,night,86,tocf,8,cloudy,none
PHI202407300,2024/07/30,NYA,PHI,PHI13,7,6,12,night,83,tocf,13,cloudy,none
PHI202407310,2024/07/31,NYA,PHI,PHI13,6,5,9,day,87,torf,9,cloudy,none
PHI202408130,2024/08/13,MIA,PHI,PHI13,5,0,9,night,82,fromlf,11,cloudy,none
PHI202408140,2024/08/14,MIA,PHI,PHI13,5,9,9,night,84,fromcf,8,cloudy,none
PHI202408150,2024/08/15,WAS,PHI,PHI13,3,13,9,night,84,fromlf,6,cloudy,none
PHI202408160,2024/08/16,WAS,PHI,PHI13,2,3,9,night,87,tocf,8,cloudy,none
PHI202408170,2024/08/17,WAS,PHI,PHI13,1,5,9,night,78,tocf,9,cloudy,none
PHI202408180,2024/08/18,WAS,PHI,PHI13,6,4,9,day,83,tocf,6,cloudy,none
PHI202408260,2024/08/26,HOU,PHI,PHI13,2,3,10,night,84,ltor,6,cloudy,none
PHI202408270,2024/08/27,HOU,PHI,PHI13,0,5,9,night,86,tocf,6,cloudy,none
PHI202408280,2024/08/28,HOU,PHI,PHI13,10,0,9,day,96,fromlf,8,sunny,none
PHI202408290,2024/08/29,ATL,PHI,PHI13,4,5,9,night,81,rtol,13,cloudy,none
PHI202408300,2024/08/30,ATL,PHI,PHI13,7,2,9,night,74,rtol,8,overcast,none
PHI202408310,2024/08/31,ATL,PHI,PHI13,0,3,9,night,80,torf,8,cloudy,none
PHI202409010,2024/09/01,ATL,PHI,PHI13,2,3,11,night,83,torf,10,cloudy,none
PHI202409090,2024/09/09,TBA,PHI,PHI13,1,2,9,night,76,torf,12,cloudy,none
PHI202409100,2024/09/10,TBA,PHI,PHI13,4,9,9,night,80,fromcf,7,sunny,none
PHI202409110,2024/09/11,TBA,PHI,PHI13,2,3,9,night,79,rtol,6,sunny,none
PHI202409130,2024/09/13,NYN,PHI,PHI13,11,3,9,night,82,rtol,5,cloudy,none
PHI202409140,2024/09/14,NYN,PHI,PHI13,4,6,9,day,86,rtol,11,cloudy,none
PHI202409150,2024/09/15,NYN,PHI,PHI13,1,2,9,day,83,fromrf,10,cloudy,none
PHI202409230,2024/09/23,CHN,PHI,PHI13,2,6,9,night,63,rtol,8,cloudy,none
PHI202409240,2024/09/24,CHN,PHI,PHI13,10,4,9,night,66,rtol,10,cloudy,none
PHI202409250,2024/09/25,CHN,PHI,PHI13,6,9,9,night,66,rtol,9,cloudy,none
PIT202404050,2024/04/05,BAL,PIT,PIT08,5,2,9,day,40,tocf,12,cloudy,none
PIT202404060,2024/04/06,BAL,PIT,PIT08,4,5,11,day,51,tocf,11,cloudy,none
PIT202404070,2024/04/07,BAL,PIT,PIT08,2,3,9,day,54,tolf,3,sunny,none
PIT202404080,2024/04/08,DET,PIT,PIT08,4,7,9,night,74,tocf,10,cloudy,none
PIT202404090,2024/04/09,DET,PIT,PIT08,5,3,9,day,72,tolf,9,cloudy,none
PIT202404190,2024/04/19,BOS,PIT,PIT08,8,1,9,night,63,tolf,9,cloudy,none
PIT202404200,2024/04/20,BOS,PIT,PIT08,4,2,9,day,57,tocf,19,cloudy,none
PIT202404210,2024/04/21,BOS,PIT,PIT08,6,1,9,day,48,tocf,10,cloudy,none
PIT202404220,2024/04/22,MIL,PIT,PIT08,2,4,9,night,59,tolf,7,sunny,none
PIT202404230,2024/04/23,MIL,PIT,PIT08,1,2,9,night,65,tocf,9,cloudy,none
PIT202404240,2024/04/24,MIL,PIT,PIT08,3,2,9,night,51,ltor,12,cloudy,none
PIT202404250,2024/04/25,MIL,PIT,PIT08,7,5,9,day,42,fromcf,3,cloudy,none
PIT202405030,2024/05/03,COL,PIT,PIT08,3,2,9,night,74,tocf,10,cloudy,none
PIT202405040,2024/05/04,COL,PIT,PIT08,0,1,9,day,60,fromcf,9,cloudy,none
PIT202405050,2024/05/05,COL,PIT,PIT08,3,5,9,day,73,tolf,8,cloudy,none
PIT202405060,2024/05/06,ANA,PIT,PIT08,1,4,9,night,71,tolf,3,cloudy,none
PIT202405070,2024/05/07,ANA,PIT,PIT08,9,0,9,night,75,tocf,12,cloudy,none
PIT202405080,2024/05/08,ANA,PIT,PIT08,5,4,9,day,75,tolf,11,sunny,none
PIT202405100,2024/05/10,CHN,PIT,PIT08,7,2,9,night,59,torf,5,cloudy,none
PIT202405110,2024/05/11,CHN,PIT,PIT08,9,10,9,day,55,tocf,9,cloudy,none
PIT202405120,2024/05/12,CHN,PIT,PIT08,5,4,10,day,59,tocf,9,overcast,none
PIT202405210,2024/05/21,SFN,PIT,PIT08,6,7,10,night,86,tolf,10,cloudy,none
PIT202405220,2024/05/22,SFN,PIT,PIT08,9,5,10,night,82,tocf,16,cloudy,none
PIT202405230,2024/05/23,SFN,PIT,PIT08,7,6,9,day,75,tocf,4,cloudy,none
PIT202405240,2024/05/24,ATL,PIT,PIT08,5,11,9,night,85,unknown,6,cloudy,none
PIT202405250,2024/05/25,ATL,PIT,PIT08,1,4,9,day,71,tolf,9,cloudy,none
PIT202405260,2024/05/26,ATL,PIT,PIT08,8,1,9,day,79,unknown,6,cloudy,none
PIT202406040,2024/06/04,LAN,PIT,PIT08,0,1,9,night,80,fromcf,7,cloudy,none
PIT202406050,2024/06/05,LAN,PIT,PIT08,6,10,9,night,80,tolf,8,cloudy,none
PIT202406060,2024/06/06,LAN,PIT,PIT08,11,7,9,night,75,tolf,10,cloudy,none
PIT202406070,2024/06/07,MIN,PIT,PIT08,0,3,9,night,72,tocf,10,cloudy,none
PIT202406080,2024/06/08,MIN,PIT,PIT08,0,4,9,day,79,tocf,9,cloudy,none
PIT202406090,2024/06/09,MIN,PIT,PIT08,11,5,10,day,74,tocf,10,cloudy,none
PIT202406170,2024/06/17,CIN,PIT,PIT08,1,4,9,night,75,tolf,14,cloudy,none
PIT202406180,2024/06/18,CIN,PIT,PIT08,2,1,9,night,83,tolf,9,cloudy,none
PIT202406190,2024/06/19,CIN,PIT,PIT08,0,1,9,day,87,tolf,6,cloudy,none
PIT202406210,2024/06/21,TBA,PIT,PIT08,10,3,9,night,96,tocf,6,sunny,none
PIT202406220,2024/06/22,TBA,PIT,PIT08,3,4,9,day,95,tolf,10,cloudy,none
PIT202406230,2024/06/23,TBA,PIT,PIT08,3,1,9,day,84,tolf,16,cloudy,none
PIT202407020,2024/07/02,SLN,PIT,PIT08,7,4,9,night,87,torf,10,sunny,none
PIT202407030,2024/07/03,SLN,PIT,PIT08,4,5,10,night,91,tolf,13,cloudy,none
PIT202407040,2024/07/04,SLN,PIT,PIT08,3,2,10,day,82,tolf,4,cloudy,none
PIT202407050,2024/07/05,NYN,PIT,PIT08,2,14,9,night,84,tolf,10,cloudy,none
PIT202407060,2024/07/06,NYN,PIT,PIT08,5,2,9,day,86,tocf,13,cloudy,none
PIT202407070,2024/07/07,NYN,PIT,PIT08,3,2,9,day,87,tolf,3,sunny,none
PIT202407080,2024/07/08,NYN,PIT,PIT08,2,8,9,day,88,tolf,3,sunny,none
PIT202407190,2024/07/19,PHI,PIT,PIT08,7,8,9,night,84,unknown,5,sunny,none
PIT202407200,2024/07/20,PHI,PIT,PIT08,1,4,9,night,85,tocf,5,cloudy,none
PIT202407210,2024/07/21,PHI,PIT,PIT08,6,0,9,day,83,fromcf,3,sunny,none
PIT202407220,2024/07/22,SLN,PIT,PIT08,1,2,9,night,70,tocf,3,cloudy,none
PIT202407230,2024/07/23,SLN,PIT,PIT08,2,1,9,night,84,tolf,8,cloudy,none
PIT202407240,2024/07/24,SLN,PIT,PIT08,0,5,9,day,83,rtol,4,cloudy,none
PIT202408020,2024/08/02,ARI,PIT,PIT08,9,8,9,night,86,tocf,7,cloudy,none
PIT202408030,2024/08/03,ARI,PIT,PIT08,2,4,9,night,77,tocf,6,cloudy,none
PIT202408040,2024/08/04,ARI,PIT,PIT08,6,5,9,day,84,tolf,7,cloudy,none
PIT202408060,2024/08/06,SDN,PIT,PIT08,6,0,9,night,77,fromlf,9,cloudy,none
PIT202408070,2024/08/07,SDN,PIT,PIT08,9,8,10,night,78,fromcf,10,overcast,none
PIT202408080,2024/08/08,SDN,PIT,PIT08,7,6,9,day,82,fromcf,10,cloudy,none
PIT202408160,2024/08/16,SEA,PIT,PIT08,3,5,9,night,79,tolf,9,cloudy,none
PIT202408170,2024/08/17,SEA,PIT,PIT08,2,7,9,day,83,tolf,9,cloudy,none
PIT202408180,2024/08/18,SEA,PIT,PIT08,10,3,9,day,78,tolf,9,cloudy,none
PIT202408220,2024/08/22,CIN,PIT,PIT08,0,7,9,night,76,unknown,4,sunny,none
PIT202408230,2024/08/23,CIN,PIT,PIT08,5,6,9,night,82,torf,2,sunny,none
PIT202408240,2024/08/24,CIN,PIT,PIT08,10,2,9,night,87,unknown,4,sunny,none
PIT202408250,2024/08/25,CIN,PIT,PIT08,3,4,9,day,87,tolf,2,cloudy,none
PIT202408260,2024/08/26,CHN,PIT,PIT08,18,8,9,night,89,fromlf,6,cloudy,none
PIT202408270,2024/08/27,CHN,PIT,PIT08,9,5,9,night,92,tolf,7,cloudy,none
PIT202408280,2024/08/28,CHN,PIT,PIT08,14,10,9,day,90,tocf,6,sunny,none
PIT202409050,2024/09/05,WAS,PIT,PIT08,4,9,9,night,81,torf,7,sunny,none
PIT202409071,2024/09/07,WAS,PIT,PIT08,5,3,9,day,66,ltor,10,cloudy,none
PIT202409072,2024/09/07,WAS,PIT,PIT08,8,6,9,night,65,tocf,14,cloudy,none
PIT202409080,2024/09/08,WAS,PIT,PIT08,3,7,9,day,66,tocf,9,sunny,none
PIT202409090,2024/09/09,MIA,PIT,PIT08,2,3,9,night,75,tolf,10,sunny,none
PIT202409100,2024/09/10,MIA,PIT,PIT08,4,6,9,night,79,tolf,3,sunny,none
PIT202409110,2024/09/11,MIA,PIT,PIT08,1,3,9,day,80,unknown,0,sunny,none
PIT202409130,2024/09/13,KCA,PIT,PIT08,8,3,9,night,81,fromlf,9,sunny,none
PIT202409140,2024/09/14,KCA,PIT,PIT08,5,1,9,day,82,tolf,7,sunny,none
PIT202409150,2024/09/15,KCA,PIT,PIT08,3,4,9,day,83,fromcf,9,sunny,none
PIT202409240,2024/09/24,MIL,PIT,PIT08,7,2,9,night,73,tolf,11,overcast,none
PIT202409250,2024/09/25,MIL,PIT,PIT08,1,2,9,night,76,fromcf,7,overcast,none
PIT202409260,2024/09/26,MIL,PIT,PIT08,5,2,9,day,70,tocf,5,overcast,none
SDN202403200,2024/03/20,LAN,SDN,SEO01,5,2,9,night,72,unknown,0,dome,none
SDN202403280,2024/03/28,SFN,SDN,SAN02,4,6,9,day,63,ltor,12,cloudy,none
SDN202403290,2024/03/29,SFN,SDN,SAN02,8,3,9,night,61,ltor,9,cloudy,none
SDN202403300,2024/03/30,SFN,SDN,SAN02,9,6,9,day,54,ltor,13,cloudy,none
SDN202403310,2024/03/31,SFN,SDN,SAN02,4,13,9,day,60,ltor,12,cloudy,none
SDN202404010,2024/04/01,SLN,SDN,SAN02,6,2,9,night,61,ltor,11,sunny,none
SDN202404020,2024/04/02,SLN,SDN,SAN02,5,2,9,night,66,ltor,7,sunny,none
SDN202404030,2024/04/03,SLN,SDN,SAN02,2,3,9,day,69,ltor,10,sunny,none
SDN202404080,2024/04/08,CHN,SDN,SAN02,8,9,9,night,61,ltor,9,sunny,none
SDN202404090,2024/04/09,CHN,SDN,SAN02,5,1,9,night,68,ltor,5,sunny,none
SDN202404100,2024/04/10,CHN,SDN,SAN02,2,10,9,day,71,ltor,8,sunny,none
SDN202404190,2024/04/19,TOR,SDN,SAN02,5,1,9,night,62,ltor,6,cloudy,none
SDN202404200,2024/04/20,TOR,SDN,SAN02,5,2,9,night,64,ltor,11,sunny,none
SDN202404210,2024/04/21,TOR,SDN,SAN02,3,6,9,day,66,ltor,10,sunny,none
SDN202404260,2024/04/26,PHI,SDN,SAN02,9,3,9,night,61,ltor,11,cloudy,none
SDN202404270,2024/04/27,PHI,SDN,SAN02,5,1,9,night,66,ltor,8,sunny,none
SDN202404280,2024/04/28,PHI,SDN,SAN02,8,6,9,day,66,ltor,6,sunny,none
SDN202404290,2024/04/29,CIN,SDN,SAN02,5,2,9,night,64,ltor,7,sunny,none
SDN202404300,2024/04/30,CIN,SDN,SAN02,4,6,9,night,63,ltor,8,cloudy,none
SDN202405010,2024/05/01,CIN,SDN,SAN02,2,6,9,day,67,ltor,10,cloudy,none
SDN202405100,2024/05/10,LAN,SDN,SAN02,1,2,9,night,64,ltor,7,cloudy,none
SDN202405110,2024/05/11,LAN,SDN,SAN02,5,0,9,night,63,ltor,10,cloudy,none
SDN202405120,2024/05/12,LAN,SDN,SAN02,0,4,9,day,67,ltor,8,sunny,none
SDN202405130,2024/05/13,COL,SDN,SAN02,5,4,9,night,62,ltor,9,cloudy,none
SDN202405140,2024/05/14,COL,SDN,SAN02,6,3,9,night,62,ltor,9,cloudy,none
SDN202405150,2024/05/15,COL,SDN,SAN02,8,0,9,day,63,ltor,9,cloudy,none
SDN202405240,2024/05/24,NYA,SDN,SAN02,8,0,9,night,64,ltor,8,cloudy,none
SDN202405250,2024/05/25,NYA,SDN,SAN02,4,1,9,night,61,ltor,7,cloudy,none
SDN202405260,2024/05/26,NYA,SDN,SAN02,2,5,9,day,63,ltor,8,cloudy,none
SDN202405270,2024/05/27,MIA,SDN,SAN02,1,2,9,day,66,ltor,9,cloudy,none
SDN202405280,2024/05/28,MIA,SDN,SAN02,0,4,9,night,63,ltor,8,cloudy,none
SDN202405290,2024/05/29,MIA,SDN,SAN02,9,1,9,day,64,ltor,9,cloudy,none
SDN202406060,2024/06/06,ARI,SDN,SAN02,4,3,9,night,65,ltor,7,cloudy,none
SDN202406070,2024/06/07,ARI,SDN,SAN02,3,10,9,night,65,ltor,7,cloudy,none
SDN202406080,2024/06/08,ARI,SDN,SAN02,1,13,9,night,66,ltor,9,cloudy,none
SDN202406090,2024/06/09,ARI,SDN,SAN02,9,3,9,day,67,ltor,7,cloudy,none
SDN202406100,2024/06/10,OAK,SDN,SAN02,1,6,9,night,66,ltor,9,cloudy,none
SDN202406110,2024/06/11,OAK,SDN,SAN02,3,4,9,night,65,ltor,4,overcast,none
SDN202406120,2024/06/12,OAK,SDN,SAN02,4,5,9,day,70,ltor,8,sunny,none
SDN202406200,2024/06/20,MIL,SDN,SAN02,6,7,9,night,70,ltor,9,sunny,none
SDN202406210,2024/06/21,MIL,SDN,SAN02,5,9,9,night,70,ltor,7,sunny,none
SDN202406220,2024/06/22,MIL,SDN,SAN02,4,6,9,day,76,ltor,11,sunny,none
SDN202406230,2024/06/23,MIL,SDN,SAN02,6,2,9,day,79,ltor,8,sunny,none
SDN202406240,2024/06/24,WAS,SDN,SAN02,6,7,10,night,77,ltor,7,sunny,none
SDN202406250,2024/06/25,WAS,SDN,SAN02,7,9,9,night,72,ltor,8,cloudy,none
SDN202406260,2024/06/26,WAS,SDN,SAN02,5,8,9,day,75,ltor,10,cloudy,none
SDN202407050,2024/07/05,ARI,SDN,SAN02,8,10,9,night,70,ltor,7,sunny,none
SDN202407060,2024/07/06,ARI,SDN,SAN02,7,5,10,night,73,ltor,7,sunny,none
SDN202407070,2024/07/07,ARI,SDN,SAN02,9,1,9,day,75,ltor,8,sunny,none
SDN202407090,2024/07/09,SEA,SDN,SAN02,8,3,9,night,72,ltor,8,sunny,none
SDN202407100,2024/07/10,SEA,SDN,SAN02,2,0,9,day,74,ltor,9,cloudy,none
SDN202407120,2024/07/12,ATL,SDN,SAN02,6,1,9,night,69,ltor,8,cloudy,none
SDN202407130,2024/07/13,ATL,SDN,SAN02,0,4,9,day,74,ltor,8,sunny,none
SDN202407140,2024/07/14,ATL,SDN,SAN02,6,3,9,day,75,ltor,8,sunny,none
SDN202407300,2024/07/30,LAN,SDN,SAN02,5,6,10,night,73,ltor,8,sunny,none
SDN202407310,2024/07/31,LAN,SDN,SAN02,1,8,9,night,73,ltor,8,sunny,none
SDN202408020,2024/08/02,COL,SDN,SAN02,5,2,9,night,78,ltor,9,sunny,none
SDN202408030,2024/08/03,COL,SDN,SAN02,2,3,9,night,78,ltor,11,sunny,none
SDN202408040,2024/08/04,COL,SDN,SAN02,2,10,9,day,77,ltor,11,sunny,none
SDN202408120,2024/08/12,PIT,SDN,SAN02,1,2,9,night,77,ltor,8,sunny,none
SDN202408130,2024/08/13,PIT,SDN,SAN02,0,3,9,night,77,ltor,7,sunny,none
SDN202408140,2024/08/14,PIT,SDN,SAN02,2,8,9,day,76,torf,9,sunny,none
SDN202408190,2024/08/19,MIN,SDN,SAN02,3,5,9,night,77,ltor,10,sunny,none
SDN202408200,2024/08/20,MIN,SDN,SAN02,5,7,9,night,81,ltor,13,sunny,none
SDN202408210,2024/08/21,MIN,SDN,SAN02,11,4,9,day,78,ltor,10,cloudy,none
SDN202408220,2024/08/22,NYN,SDN,SAN02,8,3,9,night,74,ltor,8,sunny,none
SDN202408230,2024/08/23,NYN,SDN,SAN02,0,7,9,night,72,ltor,8,sunny,none
SDN202408240,2024/08/24,NYN,SDN,SAN02,7,1,9,night,71,ltor,8,sunny,none
SDN202408250,2024/08/25,NYN,SDN,SAN02,2,3,9,day,79,ltor,9,sunny,none
SDN202409020,2024/09/02,DET,SDN,SAN02,0,3,9,day,77,ltor,8,sunny,none
SDN202409040,2024/09/04,DET,SDN,SAN02,5,6,10,night,80,ltor,8,sunny,none
SDN202409050,2024/09/05,DET,SDN,SAN02,4,3,9,night,85,ltor,7,sunny,none
SDN202409060,2024/09/06,SFN,SDN,SAN02,1,5,9,night,79,ltor,8,cloudy,none
SDN202409070,2024/09/07,SFN,SDN,SAN02,6,3,9,night,88,ltor,6,sunny,none
SDN202409080,2024/09/08,SFN,SDN,SAN02,7,6,9,day,91,ltor,9,sunny,none
SDN202409160,2024/09/16,HOU,SDN,SAN02,1,3,9,night,67,ltor,14,cloudy,none
SDN202409170,2024/09/17,HOU,SDN,SAN02,4,3,10,night,70,ltor,8,sunny,none
SDN202409180,2024/09/18,HOU,SDN,SAN02,0,4,9,day,71,ltor,11,cloudy,none
SDN202409200,2024/09/20,CHA,SDN,SAN02,2,3,10,night,68,ltor,8,cloudy,none
SDN202409210,2024/09/21,CHA,SDN,SAN02,2,6,9,night,70,torf,10,cloudy,none
SDN202409220,2024/09/22,CHA,SDN,SAN02,2,4,9,day,73,ltor,11,sunny,none
SFN202404050,2024/04/05,SDN,SFN,SFO03,2,3,9,day,54,tocf,12,cloudy,none
SFN202404060,2024/04/06,SDN,SFN,SFO03,4,0,9,night,55,tocf,16,cloudy,none
SFN202404070,2024/04/07,SDN,SFN,SFO03,2,3,9,day,59,tocf,10,cloudy,none
SFN202404080,2024/04/08,WAS,SFN,SFO03,8,1,9,night,62,tocf,12,sunny,none
SFN202404090,2024/04/09,WAS,SFN,SFO03,5,3,9,night,63,tocf,12,sunny,none
SFN202404100,2024/04/10,WAS,SFN,SFO03,1,7,9,day,65,tocf,5,cloudy,none
SFN202404180,2024/04/18,ARI,SFN,SFO03,0,5,9,night,57,torf,13,cloudy,none
SFN202404190,2024/04/19,ARI,SFN,SFO03,17,1,9,night,56,tocf,16,sunny,none
SFN202404200,2024/04/20,ARI,SFN,SFO03,3,7,9,day,63,tocf,10,sunny,none
SFN202404210,2024/04/21,ARI,SFN,SFO03,5,3,9,day,71,unknown,8,sunny,none
SFN202404220,2024/04/22,NYN,SFN,SFO03,2,5,9,night,58,tocf,16,cloudy,none
SFN202404230,2024/04/23,NYN,SFN,SFO03,1,5,9,night,59,tocf,13,cloudy,none
SFN202404240,2024/04/24,NYN,SFN,SFO03,8,2,9,day,60,tocf,6,overcast,none
SFN202404260,2024/04/26,PIT,SFN,SFO03,0,3,9,night,56,tocf,21,cloudy,none
SFN202404270,2024/04/27,PIT,SFN,SFO03,4,3,10,night,58,tocf,20,cloudy,none
SFN202404280,2024/04/28,PIT,SFN,SFO03,2,3,9,day,63,unknown,14,sunny,none
SFN202405100,2024/05/10,CIN,SFN,SFO03,4,2,9,night,64,tocf,11,sunny,none
SFN202405110,2024/05/11,CIN,SFN,SFO03,1,5,9,day,66,tocf,16,sunny,none
SFN202405120,2024/05/12,CIN,SFN,SFO03,5,6,10,day,57,tocf,13,cloudy,none
SFN202405130,2024/05/13,LAN,SFN,SFO03,6,4,10,night,59,tocf,17,cloudy,none
SFN202405140,2024/05/14,LAN,SFN,SFO03,10,2,9,night,56,tocf,17,cloudy,none
SFN202405150,2024/05/15,LAN,SFN,SFO03,1,4,9,night,58,tocf,15,cloudy,none
SFN202405170,2024/05/17,COL,SFN,SFO03,5,10,9,night,58,tocf,14,cloudy,none
SFN202405180,2024/05/18,COL,SFN,SFO03,4,14,9,day,63,unknown,10,sunny,none
SFN202405190,2024/05/19,COL,SFN,SFO03,1,4,9,day,61,tocf,10,sunny,none
SFN202405270,2024/05/27,PHI,SFN,SFO03,4,8,9,day,63,tocf,14,sunny,none
SFN202405280,2024/05/28,PHI,SFN,SFO03,0,1,10,night,60,tocf,16,sunny,none
SFN202405290,2024/05/29,PHI,SFN,SFO03,6,1,9,day,65,tocf,7,sunny,none
SFN202405310,2024/05/31,NYA,SFN,SFO03,6,2,9,night,61,tocf,17,sunny,none
SFN202406010,2024/06/01,NYA,SFN,SFO03,7,3,9,night,64,unknown,18,cloudy,none
SFN202406020,2024/06/02,NYA,SFN,SFO03,7,5,9,day,63,unknown,13,sunny,none
SFN202406100,2024/06/10,HOU,SFN,SFO03,3,4,10,night,58,tocf,16,sunny,none
SFN202406110,2024/06/11,HOU,SFN,SFO03,3,1,9,night,70,tocf,13,sunny,none
SFN202406120,2024/06/12,HOU,SFN,SFO03,3,5,9,day,63,tocf,9,sunny,none
SFN202406140,2024/06/14,ANA,SFN,SFO03,8,6,9,night,63,tocf,15,sunny,none
SFN202406150,2024/06/15,ANA,SFN,SFO03,4,3,9,day,71,unknown,12,sunny,none
SFN202406160,2024/06/16,ANA,SFN,SFO03,6,13,9,day,68,tocf,16,sunny,none
SFN202406240,2024/06/24,CHN,SFN,SFO03,4,5,9,night,65,tocf,14,cloudy,none
SFN202406250,2024/06/25,CHN,SFN,SFO03,1,5,9,night,62,tocf,13,cloudy,none
SFN202406260,2024/06/26,CHN,SFN,SFO03,3,4,9,night,63,unknown,16,cloudy,none
SFN202406270,2024/06/27,CHN,SFN,SFO03,5,3,10,day,67,tocf,9,sunny,none
SFN202406280,2024/06/28,LAN,SFN,SFO03,3,5,9,night,64,tocf,16,sunny,none
SFN202406290,2024/06/29,LAN,SFN,SFO03,14,7,11,day,68,tocf,18,sunny,none
SFN202406300,2024/06/30,LAN,SFN,SFO03,4,10,9,day,71,unknown,15,sunny,none
SFN202407090,2024/07/09,TOR,SFN,SFO03,3,4,9,night,64,unknown,9,cloudy,none
SFN202407100,2024/07/10,TOR,SFN,SFO03,10,6,9,night,68,tocf,13,sunny,none
SFN202407110,2024/07/11,TOR,SFN,SFO03,5,3,9,day,78,tocf,7,cloudy,none
SFN202407120,2024/07/12,MIN,SFN,SFO03,1,7,9,night,64,tocf,15,cloudy,none
SFN202407130,2024/07/13,MIN,SFN,SFO03,4,2,9,day,64,tocf,16,cloudy,none
SFN202407140,2024/07/14,MIN,SFN,SFO03,2,3,9,day,67,unknown,10,cloudy,none
SFN202407260,2024/07/26,COL,SFN,SFO03,4,11,9,night,60,fromcf,17,overcast,none
SFN202407271,2024/07/27,COL,SFN,SFO03,1,4,9,night,62,unknown,15,overcast,none
SFN202407272,2024/07/27,COL,SFN,SFO03,0,5,9,night,60,unknown,12,overcast,none
SFN202407280,2024/07/28,COL,SFN,SFO03,4,5,9,day,64,tocf,11,sunny,none
SFN202407300,2024/07/30,OAK,SFN,SFO03,5,2,9,night,63,tocf,16,cloudy,none
SFN202407310,2024/07/31,OAK,SFN,SFO03,0,1,9,night,62,unknown,11,cloudy,none
SFN202408090,2024/08/09,DET,SFN,SFO03,2,3,9,night,61,unknown,10,cloudy,none
SFN202408100,2024/08/10,DET,SFN,SFO03,1,3,9,day,66,tocf,12,cloudy,none
SFN202408110,2024/08/11,DET,SFN,SFO03,5,4,9,day,62,tocf,14,cloudy,none
SFN202408120,2024/08/12,ATL,SFN,SFO03,1,0,10,night,62,unknown,14,cloudy,none
SFN202408130,2024/08/13,ATL,SFN,SFO03,4,3,10,night,65,tocf,14,sunny,none
SFN202408140,2024/08/14,ATL,SFN,SFO03,13,2,9,night,65,unknown,11,sunny,none
SFN202408150,2024/08/15,ATL,SFN,SFO03,0,6,9,day,67,tocf,14,sunny,none
SFN202408190,2024/08/19,CHA,SFN,SFO03,3,5,9,night,68,tocf,18,sunny,none
SFN202408200,2024/08/20,CHA,SFN,SFO03,1,4,9,night,69,tocf,16,sunny,none
SFN202408210,2024/08/21,CHA,SFN,SFO03,6,2,9,day,66,tocf,11,sunny,none
SFN202408300,2024/08/30,MIA,SFN,SFO03,1,3,9,night,63,tocf,14,sunny,none
SFN202408310,2024/08/31,MIA,SFN,SFO03,4,3,9,night,66,unknown,14,sunny,none
SFN202409010,2024/09/01,MIA,SFN,SFO03,7,5,9,day,69,unknown,15,sunny,none
SFN202409030,2024/09/03,ARI,SFN,SFO03,8,7,9,night,74,tocf,11,sunny,none
SFN202409040,2024/09/04,ARI,SFN,SFO03,6,4,9,night,71,tocf,13,cloudy,none
SFN202409050,2024/09/05,ARI,SFN,SFO03,2,3,9,day,70,tocf,5,sunny,none
SFN202409100,2024/09/10,MIL,SFN,SFO03,3,2,9,night,60,tocf,16,cloudy,none
SFN202409110,2024/09/11,MIL,SFN,SFO03,2,13,9,night,67,tocf,21,sunny,none
SFN202409120,2024/09/12,MIL,SFN,SFO03,3,0,9,night,65,unknown,10,sunny,none
SFN202409130,2024/09/13,SDN,SFN,SFO03,5,0,9,night,62,tocf,14,sunny,none
SFN202409140,2024/09/14,SDN,SFN,SFO03,8,0,9,night,59,tocf,14,sunny,none
SFN202409150,2024/09/15,SDN,SFN,SFO03,4,3,10,day,61,tocf,20,cloudy,none
SFN202409270,2024/09/27,SLN,SFN,SFO03,6,3,9,night,77,tocf,10,sunny,none
SFN202409280,2024/09/28,SLN,SFN,SFO03,5,6,9,day,65,tocf,14,cloudy,none
SFN202409290,2024/09/29,SLN,SFN,SFO03,6,1,9,day,62,tocf,8,cloudy,none
SLN202404040,2024/04/04,MIA,SLN,STL10,5,8,9,day,49,torf,15,overcast,none
SLN202404060,2024/04/06,MIA,SLN,STL10,1,3,9,day,57,rtol,11,cloudy,none
SLN202404070,2024/04/07,MIA,SLN,STL10,10,3,9,day,63,rtol,16,cloudy,none
SLN202404080,2024/04/08,PHI,SLN,STL10,5,3,10,night,76,tolf,10,sunny,none
SLN202404090,2024/04/09,PHI,SLN,STL10,0,3,9,night,68,fromlf,4,cloudy,none
SLN202404100,2024/04/10,PHI,SLN,STL10,4,3,9,day,57,ltor,8,overcast,drizzle
SLN202404190,2024/04/19,MIL,SLN,STL10,2,1,10,night,58,fromlf,8,cloudy,none
SLN202404200,2024/04/20,MIL,SLN,STL10,12,5,9,day,58,tocf,11,cloudy,none
SLN202404210,2024/04/21,MIL,SLN,STL10,2,0,9,day,56,ltor,14,sunny,none
SLN202404220,2024/04/22,ARI,SLN,STL10,3,5,9,night,66,tolf,13,sunny,none
SLN202404230,2024/04/23,ARI,SLN,STL10,14,1,9,night,56,torf,3,overcast,none
SLN202404240,2024/04/24,ARI,SLN,STL10,1,5,9,day,65,ltor,6,sunny,none
SLN202405030,2024/05/03,CHA,SLN,STL10,0,3,9,night,75,fromlf,5,cloudy,none
SLN202405040,2024/05/04,CHA,SLN,STL10,6,5,10,day,81,rtol,7,sunny,none
SLN202405050,2024/05/05,CHA,SLN,STL10,5,1,9,day,71,fromrf,1,cloudy,none
SLN202405060,2024/05/06,NYN,SLN,STL10,4,3,9,night,76,rtol,6,sunny,none
SLN202405070,2024/05/07,NYN,SLN,STL10,7,5,9,night,84,torf,10,sunny,none
SLN202405170,2024/05/17,BOS,SLN,STL10,6,10,9,night,73,tolf,8,cloudy,none
SLN202405180,2024/05/18,BOS,SLN,STL10,2,7,9,night,82,fromrf,3,sunny,none
SLN202405190,2024/05/19,BOS,SLN,STL10,11,3,9,day,85,tolf,4,sunny,none
SLN202405200,2024/05/20,BAL,SLN,STL10,3,6,9,night,82,fromrf,9,cloudy,none
SLN202405210,2024/05/21,BAL,SLN,STL10,1,3,9,day,86,tolf,21,overcast,none
SLN202405220,2024/05/22,BAL,SLN,STL10,4,5,9,day,76,tocf,8,cloudy,none
SLN202405250,2024/05/25,CHN,SLN,STL10,6,7,9,night,81,fromcf,4,sunny,none
SLN202405260,2024/05/26,CHN,SLN,STL10,3,4,9,night,64,rtol,10,overcast,none
SLN202406060,2024/06/06,COL,SLN,STL10,3,2,9,night,80,ltor,16,sunny,none
SLN202406070,2024/06/07,COL,SLN,STL10,5,8,9,night,87,fromlf,6,sunny,none
SLN202406080,2024/06/08,COL,SLN,STL10,6,5,9,day,81,tolf,7,cloudy,none
SLN202406090,2024/06/09,COL,SLN,STL10,1,5,9,day,71,ltor,4,overcast,none
SLN202406110,2024/06/11,PIT,SLN,STL10,2,1,9,night,82,tolf,4,sunny,none
SLN202406120,2024/06/12,PIT,SLN,STL10,2,4,9,night,88,tolf,9,sunny,none
SLN202406130,2024/06/13,PIT,SLN,STL10,3,4,9,day,89,fromrf,9,sunny,none
SLN202406200,2024/06/20,SFN,SLN,BIR01,5,6,9,night,90,fromcf,7,sunny,none
SLN202406220,2024/06/22,SFN,SLN,STL10,4,9,9,day,91,rtol,13,cloudy,none
SLN202406230,2024/06/23,SFN,SLN,STL10,3,5,9,day,90,torf,14,sunny,none
SLN202406240,2024/06/24,ATL,SLN,STL10,3,4,9,night,92,fromrf,9,sunny,none
SLN202406261,2024/06/26,ATL,SLN,STL10,6,2,9,day,76,torf,7,overcast,drizzle
SLN202406262,2024/06/26,ATL,SLN,STL10,1,4,9,night,81,fromlf,9,cloudy,none
SLN202406270,2024/06/27,CIN,SLN,STL10,11,4,9,night,86,fromrf,6,cloudy,none
SLN202406280,2024/06/28,CIN,SLN,STL10,0,1,9,night,86,tolf,13,overcast,none
SLN202406290,2024/06/29,CIN,SLN,STL10,9,4,9,day,88,torf,5,cloudy,none
SLN202406300,2024/06/30,CIN,SLN,STL10,0,2,9,day,81,fromlf,9,sunny,none
SLN202407101,2024/07/10,KCA,SLN,STL10,6,4,9,day,83,fromcf,8,sunny,none
SLN202407102,2024/07/10,KCA,SLN,STL10,8,5,9,night,84,torf,6,cloudy,none
SLN202407120,2024/07/12,CHN,SLN,STL10,5,1,9,night,83,tolf,6,cloudy,none
SLN202407131,2024/07/13,CHN,SLN,STL10,3,11,9,day,88,tocf,10,sunny,none
SLN202407132,2024/07/13,CHN,SLN,STL10,4,5,9,night,89,fromrf,7,sunny,none
SLN202407140,2024/07/14,CHN,SLN,STL10,8,3,9,day,93,tolf,8,sunny,none
SLN202407260,2024/07/26,WAS,SLN,STL10,10,8,10,night,84,fromlf,9,cloudy,none
SLN202407270,2024/07/27,WAS,SLN,STL10,14,3,9,night,76,tolf,8,overcast,none
SLN202407280,2024/07/28,WAS,SLN,STL10,3,4,9,day,86,tolf,6,cloudy,none
SLN202407290,2024/07/29,TEX,SLN,STL10,6,3,9,night,91,tocf,7,cloudy,none
SLN202407300,2024/07/30,TEX,SLN,STL10,1,8,9,night,82,torf,6,cloudy,none
SLN202407310,2024/07/31,TEX,SLN,STL10,1,10,9,day,94,rtol,6,sunny,none
SLN202408050,2024/08/05,NYN,SLN,STL10,6,0,9,day,94,rtol,3,cloudy,none
SLN202408060,2024/08/06,TBA,SLN,STL10,3,4,9,night,81,torf,18,cloudy,none
SLN202408070,2024/08/07,TBA,SLN,STL10,2,5,9,night,75,ltor,8,overcast,none
SLN202408080,2024/08/08,TBA,SLN,STL10,6,4,9,night,81,ltor,9,cloudy,none
SLN202408160,2024/08/16,LAN,SLN,STL10,7,6,9,night,86,torf,8,sunny,none
SLN202408170,2024/08/17,LAN,SLN,STL10,2,5,9,night,86,torf,13,sunny,none
SLN202408180,2024/08/18,LAN,SLN,STL10,2,1,9,day,82,tocf,11,cloudy,none
SLN202408200,2024/08/20,MIL,SLN,STL10,3,2,9,night,76,fromlf,11,cloudy,none
SLN202408210,2024/08/21,MIL,SLN,STL10,6,10,10,night,73,fromrf,8,sunny,none
SLN202408220,2024/08/22,MIL,SLN,STL10,0,3,9,day,77,ltor,7,sunny,none
SLN202408260,2024/08/26,SDN,SLN,STL10,7,4,9,night,92,rtol,7,sunny,none
SLN202408270,2024/08/27,SDN,SLN,STL10,7,5,9,night,98,tolf,6,sunny,none
SLN202408280,2024/08/28,SDN,SLN,STL10,3,4,9,night,87,fromlf,5,cloudy,none
SLN202408290,2024/08/29,SDN,SLN,STL10,1,4,9,day,92,rtol,5,sunny,none
SLN202409060,2024/09/06,SEA,SLN,STL10,6,1,9,night,76,fromlf,15,cloudy,none
SLN202409070,2024/09/07,SEA,SLN,STL10,0,2,9,night,73,ltor,11,sunny,none
SLN202409080,2024/09/08,SEA,SLN,STL10,10,4,9,day,72,fromrf,1,sunny,none
SLN202409100,2024/09/10,CIN,SLN,STL10,3,0,9,night,82,fromrf,6,sunny,none
SLN202409110,2024/09/11,CIN,SLN,STL10,1,2,9,night,86,fromrf,7,cloudy,none
SLN202409120,2024/09/12,CIN,SLN,STL10,1,6,9,day,82,tolf,6,cloudy,none
SLN202409160,2024/09/16,PIT,SLN,STL10,0,4,9,night,80,fromlf,5,cloudy,none
SLN202409170,2024/09/17,PIT,SLN,STL10,1,3,9,night,85,rtol,5,sunny,none
SLN202409180,2024/09/18,PIT,SLN,STL10,5,10,9,night,80,tolf,5,cloudy,none
SLN202409190,2024/09/19,PIT,SLN,STL10,3,2,9,night,84,tolf,7,sunny,none
SLN202409200,2024/09/20,CLE,SLN,STL10,5,1,9,night,93,rtol,3,cloudy,none
SLN202409210,2024/09/21,CLE,SLN,STL10,5,6,9,night,85,tocf,4,overcast,none
SLN202409220,2024/09/22,CLE,SLN,STL10,1,2,9,day,78,rtol,6,overcast,none
WAS202404010,2024/04/01,PIT,WAS,WAS11,8,4,9,day,53,fromrf,4,cloudy,none
WAS202404030,2024/04/03,PIT,WAS,WAS11,3,5,9,night,52,fromlf,7,overcast,none
WAS202404040,2024/04/04,PIT,WAS,WAS11,7,4,9,day,46,torf,6,cloudy,none
WAS202404050,2024/04/05,PHI,WAS,WAS11,4,0,9,night,48,fromcf,4,cloudy,none
WAS202404060,2024/04/06,PHI,WAS,WAS11,5,2,9,day,53,fromlf,7,overcast,none
WAS202404070,2024/04/07,PHI,WAS,WAS11,2,3,9,day,59,fromlf,11,cloudy,none
WAS202404190,2024/04/19,HOU,WAS,WAS11,5,3,9,night,56,tolf,3,overcast,none
WAS202404200,2024/04/20,HOU,WAS,WAS11,4,5,10,day,71,fromlf,5,sunny,none
WAS202404210,2024/04/21,HOU,WAS,WAS11,0,6,9,day,53,tolf,3,cloudy,none
WAS202404230,2024/04/23,LAN,WAS,WAS11,4,1,9,night,71,tocf,12,sunny,none
WAS202404240,2024/04/24,LAN,WAS,WAS11,11,2,9,night,71,ltor,3,cloudy,none
WAS202404250,2024/04/25,LAN,WAS,WAS11,2,1,9,day,61,fromrf,4,cloudy,none
WAS202405030,2024/05/03,TOR,WAS,WAS11,3,9,9,night,64,rtol,9,cloudy,none
WAS202405040,2024/05/04,TOR,WAS,WAS11,6,3,9,day,53,fromrf,6,overcast,drizzle
WAS202405050,2024/05/05,TOR,WAS,WAS11,8,11,9,day,69,fromlf,1,overcast,none
WAS202405070,2024/05/07,BAL,WAS,WAS11,0,3,9,night,77,tolf,5,cloudy,none
WAS202405080,2024/05/08,BAL,WAS,WAS11,7,6,12,night,84,torf,3,cloudy,none
WAS202405200,2024/05/20,MIN,WAS,WAS11,3,12,9,night,78,torf,4,cloudy,none
WAS202405210,2024/05/21,MIN,WAS,WAS11,10,0,9,night,83,tolf,4,cloudy,none
WAS202405220,2024/05/22,MIN,WAS,WAS11,3,2,9,day,85,tocf,5,sunny,none
WAS202405240,2024/05/24,SEA,WAS,WAS11,1,6,9,night,82,fromrf,3,cloudy,none
WAS202405250,2024/05/25,SEA,WAS,WAS11,1,3,9,day,88,tolf,2,cloudy,none
WAS202405260,2024/05/26,SEA,WAS,WAS11,9,5,9,day,84,fromcf,4,cloudy,none
WAS202406030,2024/06/03,NYN,WAS,WAS11,8,7,9,night,84,tolf,2,cloudy,none
WAS202406040,2024/06/04,NYN,WAS,WAS11,6,3,9,night,81,tolf,5,cloudy,none
WAS202406050,2024/06/05,NYN,WAS,WAS11,9,1,9,day,76,tolf,5,cloudy,none
WAS202406060,2024/06/06,ATL,WAS,WAS11,5,2,9,night,84,ltor,6,cloudy,none
WAS202406070,2024/06/07,ATL,WAS,WAS11,1,2,9,night,82,fromlf,14,cloudy,none
WAS202406080,2024/06/08,ATL,WAS,WAS11,3,7,9,day,83,ltor,8,cloudy,none
WAS202406090,2024/06/09,ATL,WAS,WAS11,5,8,9,day,76,ltor,14,cloudy,none
WAS202406140,2024/06/14,MIA,WAS,WAS11,1,8,9,night,87,ltor,5,cloudy,none
WAS202406150,2024/06/15,MIA,WAS,WAS11,0,4,9,day,81,fromlf,4,cloudy,none
WAS202406160,2024/06/16,MIA,WAS,WAS11,1,3,9,day,84,tolf,5,cloudy,none
WAS202406180,2024/06/18,ARI,WAS,WAS11,5,0,9,night,87,tolf,5,cloudy,none
WAS202406190,2024/06/19,ARI,WAS,WAS11,1,3,9,day,88,torf,5,cloudy,none
WAS202406200,2024/06/20,ARI,WAS,WAS11,5,2,9,day,84,tolf,5,cloudy,none
WAS202407010,2024/07/01,NYN,WAS,WAS11,9,7,10,night,80,fromlf,8,cloudy,none
WAS202407020,2024/07/02,NYN,WAS,WAS11,7,2,10,night,83,rtol,7,sunny,none
WAS202407030,2024/07/03,NYN,WAS,WAS11,5,7,9,night,86,tolf,4,cloudy,none
WAS202407040,2024/07/04,NYN,WAS,WAS11,0,1,9,day,87,tolf,3,cloudy,none
WAS202407050,2024/07/05,SLN,WAS,WAS11,7,6,11,night,96,tolf,4,cloudy,none
WAS202407060,2024/07/06,SLN,WAS,WAS11,6,14,9,day,97,rtol,2,cloudy,none
WAS202407070,2024/07/07,SLN,WAS,WAS11,8,3,9,day,93,ltor,1,cloudy,none
WAS202407080,2024/07/08,SLN,WAS,WAS11,6,0,9,day,96,tolf,5,cloudy,none
WAS202407190,2024/07/19,CIN,WAS,WAS11,5,8,9,night,85,tocf,3,cloudy,none
WAS202407200,2024/07/20,CIN,WAS,WAS11,4,5,9,night,78,tolf,4,cloudy,none
WAS202407210,2024/07/21,CIN,WAS,WAS11,2,5,9,day,88,tocf,4,cloudy,none
WAS202407230,2024/07/23,SDN,WAS,WAS11,4,0,9,night,88,tocf,3,cloudy,none
WAS202407240,2024/07/24,SDN,WAS,WAS11,12,3,9,night,84,ltor,3,cloudy,none
WAS202407250,2024/07/25,SDN,WAS,WAS11,3,0,9,day,83,tolf,5,cloudy,none
WAS202408020,2024/08/02,MIL,WAS,WAS11,8,3,9,night,95,ltor,5,cloudy,none
WAS202408030,2024/08/03,MIL,WAS,WAS11,4,6,9,day,95,rtol,3,cloudy,none
WAS202408040,2024/08/04,MIL,WAS,WAS11,3,4,9,day,83,unknown,0,cloudy,none
WAS202408050,2024/08/05,SFN,WAS,WAS11,4,1,9,night,90,tolf,6,sunny,none
WAS202408060,2024/08/06,SFN,WAS,WAS11,5,11,9,night,87,tolf,10,cloudy,none
WAS202408070,2024/08/07,SFN,WAS,WAS11,7,4,9,night,84,fromrf,8,overcast,none
WAS202408080,2024/08/08,SFN,WAS,WAS11,9,5,10,day,77,rtol,10,overcast,drizzle
WAS202408090,2024/08/09,ANA,WAS,WAS11,2,3,10,night,82,tocf,5,cloudy,none
WAS202408100,2024/08/10,ANA,WAS,WAS11,4,5,10,night,88,rtol,3,cloudy,none
WAS202408110,2024/08/11,ANA,WAS,WAS11,6,4,9,day,77,fromlf,5,cloudy,none
WAS202408200,2024/08/20,COL,WAS,WAS11,3,1,9,night,71,fromlf,10,cloudy,none
WAS202408210,2024/08/21,COL,WAS,WAS11,1,6,9,night,73,torf,4,sunny,none
WAS202408220,2024/08/22,COL,WAS,WAS11,3,8,9,day,77,fromlf,3,cloudy,none
WAS202408260,2024/08/26,NYA,WAS,WAS11,5,2,9,night,82,fromlf,3,cloudy,none
WAS202408270,2024/08/27,NYA,WAS,WAS11,2,4,9,night,88,torf,5,sunny,none
WAS202408280,2024/08/28,NYA,WAS,WAS11,2,5,9,night,98,torf,5,cloudy,none
WAS202408300,2024/08/30,CHN,WAS,WAS11,7,6,9,night,73,rtol,2,overcast,none
WAS202408310,2024/08/31,CHN,WAS,WAS11,5,3,9,day,83,tocf,5,cloudy,none
WAS202409010,2024/09/01,CHN,WAS,WAS11,14,1,9,day,81,tolf,5,cloudy,none
WAS202409100,2024/09/10,ATL,WAS,WAS11,12,0,9,night,82,fromlf,7,sunny,none
WAS202409110,2024/09/11,ATL,WAS,WAS11,1,5,9,night,79,tolf,4,sunny,none
WAS202409120,2024/09/12,MIA,WAS,WAS11,6,3,9,night,79,tolf,4,sunny,none
WAS202409130,2024/09/13,MIA,WAS,WAS11,1,4,9,night,79,fromrf,11,cloudy,none
WAS202409140,2024/09/14,MIA,WAS,WAS11,1,4,9,day,81,rtol,11,sunny,none
WAS202409150,2024/09/15,MIA,WAS,WAS11,3,4,9,day,79,fromrf,8,sunny,none
WAS202409240,2024/09/24,KCA,WAS,WAS11,1,0,10,night,66,unknown,0,overcast,none
WAS202409250,2024/09/25,KCA,WAS,WAS11,3,0,9,night,71,torf,8,overcast,none
WAS202409260,2024/09/26,KCA,WAS,WAS11,7,4,9,day,77,tocf,5,cloudy,none
WAS202409270,2024/09/27,PHI,WAS,WAS11,1,9,9,night,76,rtol,10,overcast,none
WAS202409280,2024/09/28,PHI,WAS,WAS11,3,6,9,day,84,rtol,6,cloudy,none
WAS202409290,2024/09/29,PHI,WAS,WAS11,6,3,9,day,69,fromrf,6,overcast,none
ANA202504040,2025/04/04,CLE,ANA,ANA01,8,6,9,night,65,torf,8,sunny,none
ANA202504050,2025/04/05,CLE,ANA,ANA01,4,10,9,night,75,torf,11,sunny,none
ANA202504060,2025/04/06,CLE,ANA,ANA01,2,6,9,day,81,tocf,5,sunny,none
ANA202504180,2025/04/18,SFN,ANA,ANA01,0,2,9,night,60,rtol,6,cloudy,none
ANA202504190,2025/04/19,SFN,ANA,ANA01,3,2,9,night,69,torf,9,sunny,none
ANA202504200,2025/04/20,SFN,ANA,ANA01,4,5,9,day,75,tocf,6,sunny,none
ANA202504220,2025/04/22,PIT,ANA,ANA01,9,3,9,night,64,tocf,9,sunny,none
ANA202504230,2025/04/23,PIT,ANA,ANA01,3,0,9,night,61,unknown,7,cloudy,none
ANA202504240,2025/04/24,PIT,ANA,ANA01,3,4,9,night,63,tocf,8,sunny,none
ANA202505010,2025/05/01,DET,ANA,ANA01,10,4,9,night,67,tocf,9,cloudy,none
ANA202505020,2025/05/02,DET,ANA,ANA01,9,1,9,night,68,tocf,8,sunny,none
ANA202505030,2025/05/03,DET,ANA,ANA01,2,5,9,night,61,rtol,7,overcast,none
ANA202505040,2025/05/04,DET,ANA,ANA01,13,1,9,day,65,torf,8,overcast,none
ANA202505060,2025/05/06,TOR,ANA,ANA01,3,8,9,night,61,tocf,7,overcast,none
ANA202505070,2025/05/07,TOR,ANA,ANA01,4,5,9,night,72,tocf,9,sunny,none
ANA202505080,2025/05/08,TOR,ANA,ANA01,8,5,9,night,76,tocf,5,sunny,none
ANA202505090,2025/05/09,BAL,ANA,ANA01,4,1,9,night,85,tocf,8,sunny,none
ANA202505100,2025/05/10,BAL,ANA,ANA01,2,5,9,night,89,rtol,7,sunny,none
ANA202505110,2025/05/11,BAL,ANA,ANA01,7,3,9,day,89,tocf,8,cloudy,none
ANA202505230,2025/05/23,MIA,ANA,ANA01,4,7,9,night,70,unknown,4,sunny,none
ANA202505240,2025/05/24,MIA,ANA,ANA01,6,2,9,night,68,rtol,7,sunny,none
ANA202505250,2025/05/25,MIA,ANA,ANA01,3,0,9,day,73,tocf,8,cloudy,none
ANA202505260,2025/05/26,NYA,ANA,ANA01,5,1,9,night,68,tocf,2,cloudy,none
ANA202505270,2025/05/27,NYA,ANA,ANA01,3,2,9,night,68,tolf,10,sunny,none
ANA202505280,2025/05/28,NYA,ANA,ANA01,1,0,9,night,65,tocf,8,cloudy,none
ANA202506060,2025/06/06,SEA,ANA,ANA01,4,5,9,night,70,tocf,10,cloudy,none
ANA202506070,2025/06/07,SEA,ANA,ANA01,6,8,9,night,72,rtol,8,sunny,none
ANA202506080,2025/06/08,SEA,ANA,ANA01,3,2,9,day,75,torf,8,sunny,none
ANA202506090,2025/06/09,ATH,ANA,ANA01,4,7,9,night,70,tocf,8,sunny,none
ANA202506100,2025/06/10,ATH,ANA,ANA01,1,2,10,night,73,tocf,9,sunny,none
ANA202506110,2025/06/11,ATH,ANA,ANA01,5,6,9,day,78,torf,8,sunny,none
ANA202506200,2025/06/20,HOU,ANA,ANA01,3,2,10,night,71,tocf,9,sunny,none
ANA202506210,2025/06/21,HOU,ANA,ANA01,1,9,9,night,72,rtol,10,sunny,none
ANA202506220,2025/06/22,HOU,ANA,ANA01,8,7,9,day,77,rtol,8,sunny,none
ANA202506230,2025/06/23,BOS,ANA,ANA01,5,9,9,night,70,tolf,9,sunny,none
ANA202506240,2025/06/24,BOS,ANA,ANA01,2,3,10,night,73,rtol,8,sunny,none
ANA202506250,2025/06/25,BOS,ANA,ANA01,2,5,9,day,78,torf,8,sunny,none
ANA202506270,2025/06/27,WAS,ANA,ANA01,15,9,9,night,75,tocf,8,sunny,none
ANA202506280,2025/06/28,WAS,ANA,ANA01,2,8,9,night,80,rtol,7,sunny,none
ANA202506290,2025/06/29,WAS,ANA,ANA01,7,4,11,day,82,tocf,6,sunny,none
ANA202507070,2025/07/07,TEX,ANA,ANA01,5,6,9,night,76,tocf,6,sunny,none
ANA202507080,2025/07/08,TEX,ANA,ANA01,13,1,9,night,83,tocf,8,sunny,none
ANA202507090,2025/07/09,TEX,ANA,ANA01,8,11,9,night,82,rtol,5,sunny,none
ANA202507100,2025/07/10,TEX,ANA,ANA01,11,4,9,night,79,unknown,6,cloudy,none
ANA202507110,2025/07/11,ARI,ANA,ANA01,5,6,9,night,74,torf,8,sunny,none
ANA202507120,2025/07/12,ARI,ANA,ANA01,5,10,9,night,74,rtol,8,sunny,none
ANA202507130,2025/07/13,ARI,ANA,ANA01,5,1,9,day,79,tocf,6,sunny,none
ANA202507240,2025/07/24,SEA,ANA,ANA01,4,2,9,night,80,tocf,9,cloudy,none
ANA202507250,2025/07/25,SEA,ANA,ANA01,2,3,10,night,73,rtol,8,sunny,none
ANA202507260,2025/07/26,SEA,ANA,ANA01,7,2,9,night,74,tocf,8,cloudy,none
ANA202507270,2025/07/27,SEA,ANA,ANA01,1,4,9,day,78,tocf,8,sunny,none
ANA202507280,2025/07/28,TEX,ANA,ANA01,4,6,9,night,77,torf,8,sunny,none
ANA202507290,2025/07/29,TEX,ANA,ANA01,5,8,9,night,78,torf,8,sunny,none
ANA202507300,2025/07/30,TEX,ANA,ANA01,6,3,9,night,78,tocf,8,sunny,none
ANA202508010,2025/08/01,CHA,ANA,ANA01,6,3,9,night,75,rtol,5,sunny,none
ANA202508020,2025/08/02,CHA,ANA,ANA01,1,0,9,night,77,tocf,7,sunny,none
ANA202508030,2025/08/03,CHA,ANA,ANA01,5,8,9,day,82,tocf,6,sunny,none
ANA202508040,2025/08/04,TBA,ANA,ANA01,1,5,9,night,78,tocf,7,cloudy,none
ANA202508050,2025/08/05,TBA,ANA,ANA01,7,3,9,night,79,tocf,7,cloudy,none
ANA202508060,2025/08/06,TBA,ANA,ANA01,5,4,9,day,89,tocf,8,sunny,none
ANA202508110,2025/08/11,LAN,ANA,ANA01,4,7,9,night,76,tocf,9,sunny,none
ANA202508120,2025/08/12,LAN,ANA,ANA01,6,7,10,night,75,rtol,10,sunny,none
ANA202508130,2025/08/13,LAN,ANA,ANA01,5,6,9,night,76,tocf,10,sunny,none
ANA202508180,2025/08/18,CIN,ANA,ANA01,4,1,9,night,78,tocf,4,sunny,none
ANA202508190,2025/08/19,CIN,ANA,ANA01,6,4,9,night,82,tocf,6,sunny,none
ANA202508200,2025/08/20,CIN,ANA,ANA01,1,2,9,night,87,torf,8,cloudy,none
ANA202508220,2025/08/22,CHN,ANA,ANA01,3,2,9,night,83,torf,7,cloudy,none
ANA202508230,2025/08/23,CHN,ANA,ANA01,12,1,9,night,87,tocf,7,sunny,none
ANA202508240,2025/08/24,CHN,ANA,ANA01,4,3,9,day,88,tocf,4,sunny,none
ANA202509050,2025/09/05,ATH,ANA,ANA01,10,4,9,night,82,tocf,6,sunny,none
ANA202509060,2025/09/06,ATH,ANA,ANA01,17,4,9,night,87,rtol,3,sunny,none
ANA202509070,2025/09/07,ATH,ANA,ANA01,3,4,9,day,88,rtol,8,sunny,none
ANA202509080,2025/09/08,MIN,ANA,ANA01,12,3,9,night,79,tocf,7,sunny,none
ANA202509090,2025/09/09,MIN,ANA,ANA01,2,12,9,night,75,tocf,10,sunny,none
ANA202509100,2025/09/10,MIN,ANA,ANA01,3,4,9,day,79,tocf,8,sunny,none
ANA202509230,2025/09/23,KCA,ANA,ANA01,8,4,9,night,78,rtol,7,cloudy,none
ANA202509240,2025/09/24,KCA,ANA,ANA01,2,3,9,night,79,tocf,7,sunny,none
ANA202509250,2025/09/25,KCA,ANA,ANA01,9,4,9,night,72,tocf,6,sunny,none
ANA202509260,2025/09/26,HOU,ANA,ANA01,3,4,9,night,71,tocf,2,cloudy,none
ANA202509270,2025/09/27,HOU,ANA,ANA01,6,1,9,night,70,rtol,9,cloudy,none
ANA202509280,2025/09/28,HOU,ANA,ANA01,6,2,9,day,78,tocf,4,cloudy,none
ATH202503310,2025/03/31,CHN,ATH,SAC01,18,3,9,night,52,unknown,12,cloudy,none
ATH202504010,2025/04/01,CHN,ATH,SAC01,7,4,9,night,55,tocf,12,cloudy,none
ATH202504020,2025/04/02,CHN,ATH,SAC01,10,2,9,day,57,ltor,6,sunny,none
ATH202504070,2025/04/07,SDN,ATH,SAC01,5,4,9,night,67,tolf,7,cloudy,none
ATH202504080,2025/04/08,SDN,ATH,SAC01,4,10,9,night,71,torf,7,sunny,none
ATH202504090,2025/04/09,SDN,ATH,SAC01,2,1,9,day,75,ltor,5,sunny,none
ATH202504110,2025/04/11,NYN,ATH,SAC01,7,6,9,night,73,tocf,12,cloudy,none
ATH202504120,2025/04/12,NYN,ATH,SAC01,1,3,9,day,69,torf,5,sunny,none
ATH202504130,2025/04/13,NYN,ATH,SAC01,8,0,9,day,79,fromlf,14,sunny,none
ATH202504220,2025/04/22,TEX,ATH,SAC01,8,5,9,night,71,torf,12,sunny,none
ATH202504230,2025/04/23,TEX,ATH,SAC01,2,5,9,night,65,unknown,7,sunny,none
ATH202504240,2025/04/24,TEX,ATH,SAC01,3,4,9,night,57,tocf,14,cloudy,none
ATH202504250,2025/04/25,CHA,ATH,SAC01,5,6,9,night,60,tocf,8,cloudy,none
ATH202504260,2025/04/26,CHA,ATH,SAC01,10,3,9,day,60,tocf,2,cloudy,none
ATH202504270,2025/04/27,CHA,ATH,SAC01,2,3,10,day,58,tolf,6,cloudy,none
ATH202505050,2025/05/05,SEA,ATH,SAC01,6,7,11,night,83,ltor,17,sunny,none
ATH202505060,2025/05/06,SEA,ATH,SAC01,5,3,9,night,83,torf,7,sunny,none
ATH202505070,2025/05/07,SEA,ATH,SAC01,6,5,9,day,73,rtol,10,sunny,none
ATH202505090,2025/05/09,NYA,ATH,SAC01,10,2,9,night,91,unknown,6,sunny,none
ATH202505100,2025/05/10,NYA,ATH,SAC01,7,11,9,day,88,rtol,4,sunny,none
ATH202505110,2025/05/11,NYA,ATH,SAC01,12,2,9,day,75,tocf,18,sunny,none
ATH202505190,2025/05/19,ANA,ATH,SAC01,4,3,9,night,81,tocf,11,sunny,none
ATH202505200,2025/05/20,ANA,ATH,SAC01,7,5,9,night,84,torf,7,sunny,none
ATH202505210,2025/05/21,ANA,ATH,SAC01,10,5,9,night,85,tocf,8,sunny,none
ATH202505220,2025/05/22,ANA,ATH,SAC01,10,5,9,day,81,tocf,7,sunny,none
ATH202505230,2025/05/23,PHI,ATH,SAC01,4,3,9,night,77,tocf,7,sunny,none
ATH202505240,2025/05/24,PHI,ATH,SAC01,9,6,11,night,73,unknown,14,sunny,none
ATH202505250,2025/05/25,PHI,ATH,SAC01,4,5,9,day,74,tocf,9,sunny,none
ATH202506020,2025/06/02,MIN,ATH,SAC01,10,4,9,night,78,ltor,10,sunny,none
ATH202506030,2025/06/03,MIN,ATH,SAC01,10,3,9,night,84,unknown,10,sunny,none
ATH202506040,2025/06/04,MIN,ATH,SAC01,6,1,9,night,85,unknown,11,sunny,none
ATH202506050,2025/06/05,MIN,ATH,SAC01,3,14,9,day,80,tocf,10,sunny,none
ATH202506060,2025/06/06,BAL,ATH,SAC01,4,5,9,night,85,tocf,10,sunny,none
ATH202506070,2025/06/07,BAL,ATH,SAC01,7,4,9,night,83,unknown,12,cloudy,none
ATH202506080,2025/06/08,BAL,ATH,SAC01,1,5,9,day,82,tocf,9,sunny,none
ATH202506160,2025/06/16,HOU,ATH,SAC01,1,3,9,night,82,torf,10,sunny,none
ATH202506170,2025/06/17,HOU,ATH,SAC01,13,3,9,night,89,tocf,9,sunny,none
ATH202506180,2025/06/18,HOU,ATH,SAC01,11,4,9,night,95,tocf,8,sunny,none
ATH202506190,2025/06/19,HOU,ATH,SAC01,4,6,10,night,77,tocf,16,sunny,none
ATH202506200,2025/06/20,CLE,ATH,SAC01,1,5,9,night,75,tocf,14,sunny,none
ATH202506210,2025/06/21,CLE,ATH,SAC01,4,2,9,night,79,torf,8,sunny,none
ATH202506220,2025/06/22,CLE,ATH,SAC01,3,0,9,day,77,ltor,9,sunny,none
ATH202507040,2025/07/04,SFN,ATH,SAC01,2,11,9,night,77,unknown,14,sunny,none
ATH202507050,2025/07/05,SFN,ATH,SAC01,7,2,9,night,86,torf,9,sunny,none
ATH202507060,2025/07/06,SFN,ATH,SAC01,6,2,9,night,88,rtol,9,sunny,none
ATH202507080,2025/07/08,ATL,ATH,SAC01,1,10,9,night,85,torf,11,sunny,none
ATH202507090,2025/07/09,ATL,ATH,SAC01,9,2,9,night,90,unknown,7,sunny,none
ATH202507100,2025/07/10,ATL,ATH,SAC01,4,5,11,night,99,torf,8,sunny,none
ATH202507110,2025/07/11,TOR,ATH,SAC01,7,6,9,night,96,tocf,10,sunny,none
ATH202507120,2025/07/12,TOR,ATH,SAC01,3,4,9,night,87,tolf,12,sunny,none
ATH202507130,2025/07/13,TOR,ATH,SAC01,3,6,9,day,85,unknown,6,sunny,none
ATH202507280,2025/07/28,SEA,ATH,SAC01,3,1,9,night,88,unknown,11,sunny,none
ATH202507290,2025/07/29,SEA,ATH,SAC01,1,6,9,night,87,tocf,11,cloudy,none
ATH202507300,2025/07/30,SEA,ATH,SAC01,4,5,9,night,81,rtol,11,sunny,none
ATH202508010,2025/08/01,ARI,ATH,SAC01,1,5,9,night,85,tocf,11,sunny,none
ATH202508020,2025/08/02,ARI,ATH,SAC01,7,2,9,night,88,tocf,9,sunny,none
ATH202508030,2025/08/03,ARI,ATH,SAC01,6,4,9,day,84,tocf,8,sunny,none
ATH202508110,2025/08/11,TBA,ATH,SAC01,7,4,9,night,84,tolf,11,sunny,none
ATH202508120,2025/08/12,TBA,ATH,SAC01,0,6,9,night,82,rtol,12,sunny,none
ATH202508130,2025/08/13,TBA,ATH,SAC01,8,2,9,night,81,tolf,13,sunny,none
ATH202508150,2025/08/15,ANA,ATH,SAC01,3,10,9,night,88,tocf,13,sunny,none
ATH202508160,2025/08/16,ANA,ATH,SAC01,2,7,9,night,80,tolf,12,sunny,none
ATH202508170,2025/08/17,ANA,ATH,SAC01,11,5,10,day,78,tolf,11,sunny,none
ATH202508250,2025/08/25,DET,ATH,SAC01,3,8,9,night,88,tocf,10,sunny,none
ATH202508260,2025/08/26,DET,ATH,SAC01,6,7,10,night,88,tocf,9,sunny,none
ATH202508270,2025/08/27,DET,ATH,SAC01,0,7,9,night,86,ltor,10,sunny,none
ATH202508290,2025/08/29,TEX,ATH,SAC01,5,2,9,night,87,tolf,8,sunny,none
ATH202508300,2025/08/30,TEX,ATH,SAC01,9,3,9,night,95,unknown,6,sunny,none
ATH202508310,2025/08/31,TEX,ATH,SAC01,9,6,9,day,96,unknown,4,sunny,none
ATH202509080,2025/09/08,BOS,ATH,SAC01,7,0,9,night,77,tocf,11,cloudy,none
ATH202509090,2025/09/09,BOS,ATH,SAC01,6,0,9,night,72,torf,11,cloudy,none
ATH202509100,2025/09/10,BOS,ATH,SAC01,4,5,9,day,75,rtol,6,cloudy,none
ATH202509120,2025/09/12,CIN,ATH,SAC01,0,3,9,night,81,tocf,10,sunny,none
ATH202509130,2025/09/13,CIN,ATH,SAC01,5,11,9,night,78,tolf,10,sunny,none
ATH202509140,2025/09/14,CIN,ATH,SAC01,4,7,9,day,81,tocf,3,sunny,none
ATH202509230,2025/09/23,HOU,ATH,SAC01,1,5,9,night,91,ltor,5,sunny,none
ATH202509240,2025/09/24,HOU,ATH,SAC01,0,6,9,night,77,ltor,7,cloudy,none
ATH202509250,2025/09/25,HOU,ATH,SAC01,11,5,9,day,79,rtol,4,cloudy,none
ATH202509260,2025/09/26,KCA,ATH,SAC01,3,4,9,night,83,tolf,4,sunny,none
ATH202509270,2025/09/27,KCA,ATH,SAC01,4,2,9,night,70,tocf,13,sunny,none
ATH202509280,2025/09/28,KCA,ATH,SAC01,9,2,9,day,71,tocf,8,cloudy,none
BAL202503310,2025/03/31,BOS,BAL,BAL12,5,8,9,day,82,tocf,6,cloudy,none
BAL202504020,2025/04/02,BOS,BAL,BAL12,3,0,9,night,57,tolf,5,overcast,none
BAL202504030,2025/04/03,BOS,BAL,BAL12,8,4,9,day,71,tolf,12,overcast,none
BAL202504120,2025/04/12,TOR,BAL,BAL12,4,5,9,day,52,fromlf,10,cloudy,none
BAL202504130,2025/04/13,TOR,BAL,BAL12,7,6,10,day,61,ltor,9,cloudy,none
BAL202504150,2025/04/15,CLE,BAL,BAL12,6,3,9,night,59,torf,18,cloudy,none
BAL202504160,2025/04/16,CLE,BAL,BAL12,1,9,9,night,55,torf,22,sunny,none
BAL202504170,2025/04/17,CLE,BAL,BAL12,2,6,9,night,65,ltor,2,sunny,none
BAL202504180,2025/04/18,CIN,BAL,BAL12,8,3,9,night,72,tolf,14,cloudy,none
BAL202504190,2025/04/19,CIN,BAL,BAL12,5,9,9,day,80,tocf,9,overcast,none
BAL202504200,2025/04/20,CIN,BAL,BAL12,24,2,9,day,72,fromlf,8,cloudy,none
BAL202504280,2025/04/28,NYA,BAL,BAL12,3,4,9,night,73,tolf,8,sunny,none
BAL202504290,2025/04/29,NYA,BAL,BAL12,15,3,9,night,83,tolf,13,cloudy,none
BAL202504300,2025/04/30,NYA,BAL,BAL12,4,5,9,night,84,fromlf,4,sunny,none
BAL202505020,2025/05/02,KCA,BAL,BAL12,0,3,9,night,82,tocf,3,sunny,none
BAL202505030,2025/05/03,KCA,BAL,BAL12,4,0,9,night,78,tolf,5,cloudy,none
BAL202505040,2025/05/04,KCA,BAL,BAL12,11,6,9,day,72,rtol,6,cloudy,none
BAL202505141,2025/05/14,MIN,BAL,BAL12,6,3,9,day,66,fromrf,7,cloudy,none
BAL202505142,2025/05/14,MIN,BAL,BAL12,8,6,9,day,70,fromrf,7,cloudy,none
BAL202505150,2025/05/15,MIN,BAL,BAL12,4,0,9,day,73,tolf,1,cloudy,none
BAL202505160,2025/05/16,WAS,BAL,BAL12,4,3,9,night,74,rtol,5,cloudy,none
BAL202505170,2025/05/17,WAS,BAL,BAL12,10,6,9,day,84,torf,9,cloudy,none
BAL202505180,2025/05/18,WAS,BAL,BAL12,10,4,9,day,77,torf,12,cloudy,none
BAL202505260,2025/05/26,SLN,BAL,BAL12,2,5,9,day,72,fromlf,2,cloudy,none
BAL202505270,2025/05/27,SLN,BAL,BAL12,7,4,9,night,64,tolf,6,overcast,none
BAL202505280,2025/05/28,SLN,BAL,BAL12,6,4,9,night,61,fromrf,8,overcast,drizzle
BAL202505300,2025/05/30,CHA,BAL,BAL12,1,2,9,day,74,fromlf,1,cloudy,none
BAL202505310,2025/05/31,CHA,BAL,BAL12,2,4,9,day,74,torf,11,cloudy,none
BAL202506010,2025/06/01,CHA,BAL,BAL12,2,3,9,day,70,torf,5,sunny,none
BAL202506100,2025/06/10,DET,BAL,BAL12,5,3,9,night,81,torf,7,cloudy,none
BAL202506110,2025/06/11,DET,BAL,BAL12,1,10,9,night,84,torf,6,sunny,none
BAL202506120,2025/06/12,DET,BAL,BAL12,4,1,9,night,88,fromcf,7,cloudy,none
BAL202506130,2025/06/13,ANA,BAL,BAL12,0,2,9,night,86,rtol,6,cloudy,none
BAL202506140,2025/06/14,ANA,BAL,BAL12,5,6,9,day,83,fromcf,2,overcast,none
BAL202506150,2025/06/15,ANA,BAL,BAL12,2,11,9,day,68,fromrf,5,cloudy,none
BAL202506230,2025/06/23,TEX,BAL,BAL12,0,6,9,night,100,torf,5,sunny,none
BAL202506240,2025/06/24,TEX,BAL,BAL12,6,5,10,night,100,ltor,3,sunny,none
BAL202506250,2025/06/25,TEX,BAL,BAL12,7,0,9,night,89,fromlf,3,cloudy,none
BAL202506270,2025/06/27,TBA,BAL,BAL12,8,22,9,night,75,fromrf,8,cloudy,none
BAL202506280,2025/06/28,TBA,BAL,BAL12,11,3,9,day,91,rtol,4,cloudy,none
BAL202506290,2025/06/29,TBA,BAL,BAL12,1,5,9,day,94,fromlf,3,cloudy,none
BAL202507080,2025/07/08,NYN,BAL,BAL12,7,6,10,night,81,tocf,6,overcast,none
BAL202507101,2025/07/10,NYN,BAL,BAL12,1,3,9,day,81,torf,1,cloudy,none
BAL202507102,2025/07/10,NYN,BAL,BAL12,3,7,9,night,82,tolf,3,cloudy,none
BAL202507110,2025/07/11,MIA,BAL,BAL12,2,5,9,night,87,tolf,3,cloudy,none
BAL202507120,2025/07/12,MIA,BAL,BAL12,6,0,9,day,89,tolf,4,cloudy,none
BAL202507130,2025/07/13,MIA,BAL,BAL12,11,1,9,day,87,rtol,4,overcast,none
BAL202507250,2025/07/25,COL,BAL,BAL12,6,5,9,night,92,torf,6,cloudy,none
BAL202507260,2025/07/26,COL,BAL,BAL12,0,18,9,night,85,rtol,6,cloudy,none
BAL202507270,2025/07/27,COL,BAL,BAL12,1,5,9,day,93,unknown,4,cloudy,none
BAL202507280,2025/07/28,TOR,BAL,BAL12,4,11,9,night,97,fromlf,3,sunny,none
BAL202507291,2025/07/29,TOR,BAL,BAL12,4,16,9,day,97,unknown,1,cloudy,none
BAL202507292,2025/07/29,TOR,BAL,BAL12,2,3,9,night,93,tolf,3,cloudy,none
BAL202507300,2025/07/30,TOR,BAL,BAL12,9,8,9,day,97,tolf,3,cloudy,none
BAL202508080,2025/08/08,ATH,BAL,BAL12,2,3,9,night,79,rtol,6,sunny,none
BAL202508090,2025/08/09,ATH,BAL,BAL12,11,3,9,night,84,ltor,6,sunny,none
BAL202508100,2025/08/10,ATH,BAL,BAL12,3,2,9,day,86,rtol,4,sunny,none
BAL202508120,2025/08/12,SEA,BAL,BAL12,1,0,9,night,87,tolf,8,cloudy,none
BAL202508130,2025/08/13,SEA,BAL,BAL12,3,4,9,night,83,unknown,0,cloudy,none
BAL202508140,2025/08/14,SEA,BAL,BAL12,3,5,9,day,88,fromlf,2,cloudy,none
BAL202508210,2025/08/21,HOU,BAL,BAL12,7,2,9,night,72,fromlf,10,cloudy,none
BAL202508220,2025/08/22,HOU,BAL,BAL12,10,7,9,night,79,rtol,3,sunny,none
BAL202508230,2025/08/23,HOU,BAL,BAL12,9,8,9,night,78,tolf,8,cloudy,none
BAL202508240,2025/08/24,HOU,BAL,BAL12,2,3,9,day,81,tolf,5,cloudy,none
BAL202508250,2025/08/25,BOS,BAL,BAL12,4,3,9,night,81,torf,9,sunny,none
BAL202508260,2025/08/26,BOS,BAL,BAL12,5,0,9,night,79,torf,6,cloudy,none
BAL202508270,2025/08/27,BOS,BAL,BAL12,3,2,9,night,77,torf,9,sunny,none
BAL202508280,2025/08/28,BOS,BAL,BAL12,3,2,9,day,73,tocf,3,cloudy,none
BAL202509050,2025/09/05,LAN,BAL,BAL12,1,2,9,night,84,tolf,7,cloudy,none
BAL202509060,2025/09/06,LAN,BAL,BAL12,3,4,9,night,73,torf,3,cloudy,none
BAL202509070,2025/09/07,LAN,BAL,BAL12,5,2,9,day,70,ltor,4,cloudy,none
BAL202509090,2025/09/09,PIT,BAL,BAL12,2,3,11,night,74,fromrf,8,cloudy,none
BAL202509100,2025/09/10,PIT,BAL,BAL12,1,2,10,night,68,fromlf,8,cloudy,none
BAL202509110,2025/09/11,PIT,BAL,BAL12,2,3,9,day,75,fromlf,5,cloudy,none
BAL202509180,2025/09/18,NYA,BAL,BAL12,7,0,9,night,79,tolf,2,cloudy,none
BAL202509190,2025/09/19,NYA,BAL,BAL12,2,4,9,night,82,fromrf,3,sunny,none
BAL202509200,2025/09/20,NYA,BAL,BAL12,6,1,9,night,73,rtol,6,cloudy,none
BAL202509210,2025/09/21,NYA,BAL,BAL12,7,1,10,day,72,fromrf,6,overcast,none
BAL202509230,2025/09/23,TBA,BAL,BAL12,0,6,9,night,75,unknown,0,cloudy,none
BAL202509240,2025/09/24,TBA,BAL,BAL12,6,2,9,night,73,rtol,3,cloudy,none
BAL202509250,2025/09/25,TBA,BAL,BAL12,5,6,9,day,75,fromrf,7,overcast,none
BOS202504040,2025/04/04,SLN,BOS,BOS07,9,13,9,day,67,ltor,8,sunny,none
BOS202504061,2025/04/06,SLN,BOS,BOS07,4,5,10,day,47,ltor,6,overcast,none
BOS202504062,2025/04/06,SLN,BOS,BOS07,7,18,9,night,53,torf,2,cloudy,none
BOS202504070,2025/04/07,TOR,BOS,BOS07,6,2,9,night,38,fromrf,4,overcast,none
BOS202504080,2025/04/08,TOR,BOS,BOS07,6,1,9,night,35,ltor,5,cloudy,none
BOS202504090,2025/04/09,TOR,BOS,BOS07,2,1,11,night,46,torf,3,sunny,none
BOS202504100,2025/04/10,TOR,BOS,BOS07,3,4,10,day,49,tocf,9,cloudy,none
BOS202504180,2025/04/18,CHA,BOS,BOS07,3,10,9,night,61,tocf,15,overcast,none
BOS202504190,2025/04/19,CHA,BOS,BOS07,3,4,10,day,83,fromrf,11,sunny,none
BOS202504200,2025/04/20,CHA,BOS,BOS07,8,4,9,day,59,ltor,13,sunny,none
BOS202504210,2025/04/21,CHA,BOS,BOS07,2,4,9,day,53,rtol,2,cloudy,none
BOS202504220,2025/04/22,SEA,BOS,BOS07,3,8,9,night,56,fromrf,3,sunny,none
BOS202504230,2025/04/23,SEA,BOS,BOS07,8,5,9,night,70,fromlf,10,sunny,none
BOS202504240,2025/04/24,SEA,BOS,BOS07,4,3,9,day,68,rtol,8,sunny,none
BOS202505020,2025/05/02,MIN,BOS,BOS07,1,6,9,night,64,tolf,3,cloudy,none
BOS202505030,2025/05/03,MIN,BOS,BOS07,4,3,9,day,82,tolf,18,sunny,none
BOS202505040,2025/05/04,MIN,BOS,BOS07,5,4,9,day,72,tocf,3,cloudy,none
BOS202505060,2025/05/06,TEX,BOS,BOS07,6,1,9,night,60,tolf,3,overcast,rain
BOS202505070,2025/05/07,TEX,BOS,BOS07,4,6,9,night,71,tocf,4,cloudy,none
BOS202505080,2025/05/08,TEX,BOS,BOS07,0,5,9,day,73,tocf,8,cloudy,none
BOS202505160,2025/05/16,ATL,BOS,BOS07,4,2,9,night,76,tolf,4,sunny,none
BOS202505170,2025/05/17,ATL,BOS,BOS07,6,7,9,night,74,tolf,5,cloudy,none
BOS202505180,2025/05/18,ATL,BOS,BOS07,10,4,9,day,68,fromrf,9,cloudy,none
BOS202505190,2025/05/19,NYN,BOS,BOS07,1,3,9,night,55,ltor,15,cloudy,none
BOS202505200,2025/05/20,NYN,BOS,BOS07,0,2,9,night,52,fromcf,3,cloudy,none
BOS202505210,2025/05/21,NYN,BOS,BOS07,5,1,9,night,52,fromrf,3,overcast,none
BOS202505230,2025/05/23,BAL,BOS,BOS07,5,19,9,day,55,ltor,9,cloudy,none
BOS202505241,2025/05/24,BAL,BOS,BOS07,5,6,10,day,59,fromlf,4,cloudy,none
BOS202505242,2025/05/24,BAL,BOS,BOS07,2,1,9,night,60,unknown,10,cloudy,none
BOS202505250,2025/05/25,BAL,BOS,BOS07,5,1,9,day,59,ltor,6,cloudy,none
BOS202506020,2025/06/02,ANA,BOS,BOS07,7,6,9,night,70,torf,3,cloudy,none
BOS202506030,2025/06/03,ANA,BOS,BOS07,4,3,10,night,71,rtol,3,sunny,none
BOS202506040,2025/06/04,ANA,BOS,BOS07,9,11,9,day,84,torf,10,cloudy,none
BOS202506090,2025/06/09,TBA,BOS,BOS07,10,8,11,night,61,fromrf,4,overcast,none
BOS202506100,2025/06/10,TBA,BOS,BOS07,1,3,9,night,59,tocf,2,overcast,none
BOS202506110,2025/06/11,TBA,BOS,BOS07,3,4,9,night,80,torf,3,cloudy,none
BOS202506130,2025/06/13,NYA,BOS,BOS07,1,2,10,night,65,fromrf,5,sunny,none
BOS202506140,2025/06/14,NYA,BOS,BOS07,3,4,9,night,61,unknown,4,cloudy,none
BOS202506150,2025/06/15,NYA,BOS,BOS07,0,2,9,day,64,fromrf,3,cloudy,none
BOS202506270,2025/06/27,TOR,BOS,BOS07,9,0,9,night,71,rtol,11,cloudy,none
BOS202506280,2025/06/28,TOR,BOS,BOS07,1,15,9,day,70,unknown,4,overcast,none
BOS202506290,2025/06/29,TOR,BOS,BOS07,5,3,9,day,85,fromlf,3,sunny,none
BOS202506300,2025/06/30,CIN,BOS,BOS07,6,13,9,night,82,tolf,5,sunny,none
BOS202507010,2025/07/01,CIN,BOS,BOS07,3,5,9,day,84,tocf,4,cloudy,none
BOS202507020,2025/07/02,CIN,BOS,BOS07,8,4,9,night,82,tolf,8,cloudy,none
BOS202507070,2025/07/07,COL,BOS,BOS07,3,9,9,night,83,tolf,7,cloudy,none
BOS202507080,2025/07/08,COL,BOS,BOS07,2,10,9,night,90,ltor,5,cloudy,none
BOS202507090,2025/07/09,COL,BOS,BOS07,2,10,9,night,72,fromrf,5,cloudy,none
BOS202507100,2025/07/10,TBA,BOS,BOS07,3,4,9,night,69,fromrf,5,overcast,none
BOS202507110,2025/07/11,TBA,BOS,BOS07,4,5,9,night,78,fromrf,4,cloudy,none
BOS202507120,2025/07/12,TBA,BOS,BOS07,0,1,9,day,80,tocf,4,cloudy,none
BOS202507130,2025/07/13,TBA,BOS,BOS07,1,4,9,day,77,rtol,3,sunny,none
BOS202507250,2025/07/25,LAN,BOS,BOS07,5,2,9,night,86,ltor,3,cloudy,none
BOS202507260,2025/07/26,LAN,BOS,BOS07,2,4,9,night,78,rtol,4,cloudy,none
BOS202507270,2025/07/27,LAN,BOS,BOS07,3,4,9,day,72,tolf,4,cloudy,none
BOS202508010,2025/08/01,HOU,BOS,BOS07,1,2,10,night,72,fromrf,3,sunny,none
BOS202508020,2025/08/02,HOU,BOS,BOS07,3,7,9,day,73,fromrf,7,sunny,none
BOS202508030,2025/08/03,HOU,BOS,BOS07,1,6,9,day,80,unknown,3,sunny,none
BOS202508040,2025/08/04,KCA,BOS,BOS07,5,8,9,night,82,tolf,4,sunny,none
BOS202508050,2025/08/05,KCA,BOS,BOS07,2,6,9,night,70,fromrf,6,cloudy,none
BOS202508060,2025/08/06,KCA,BOS,BOS07,7,3,9,night,72,ltor,4,sunny,none
BOS202508150,2025/08/15,MIA,BOS,BOS07,1,2,9,night,74,fromrf,5,sunny,none
BOS202508160,2025/08/16,MIA,BOS,BOS07,5,7,9,day,83,rtol,6,sunny,none
BOS202508170,2025/08/17,MIA,BOS,BOS07,5,3,9,day,86,tocf,3,cloudy,none
BOS202508180,2025/08/18,BAL,BOS,BOS07,6,3,9,night,66,rtol,3,cloudy,none
BOS202508190,2025/08/19,BAL,BOS,BOS07,4,3,11,night,69,rtol,6,cloudy,none
BOS202508290,2025/08/29,PIT,BOS,BOS07,4,2,9,night,67,fromlf,4,cloudy,none
BOS202508300,2025/08/30,PIT,BOS,BOS07,10,3,9,day,75,torf,8,sunny,none
BOS202508310,2025/08/31,PIT,BOS,BOS07,2,5,9,day,71,fromcf,3,sunny,none
BOS202509010,2025/09/01,CLE,BOS,BOS07,4,6,9,day,72,fromrf,3,cloudy,none
BOS202509020,2025/09/02,CLE,BOS,BOS07,7,11,9,night,74,fromrf,8,cloudy,none
BOS202509030,2025/09/03,CLE,BOS,BOS07,8,1,9,night,75,rtol,3,sunny,none
BOS202509120,2025/09/12,NYA,BOS,BOS07,4,1,9,night,67,fromrf,4,sunny,none
BOS202509130,2025/09/13,NYA,BOS,BOS07,5,3,9,day,75,rtol,4,cloudy,none
BOS202509140,2025/09/14,NYA,BOS,BOS07,4,6,9,night,69,fromrf,3,sunny,none
BOS202509160,2025/09/16,ATH,BOS,BOS07,2,1,9,night,69,fromcf,3,cloudy,none
BOS202509170,2025/09/17,ATH,BOS,BOS07,4,5,10,night,66,fromrf,2,cloudy,none
BOS202509180,2025/09/18,ATH,BOS,BOS07,5,3,9,day,72,fromcf,1,cloudy,none
BOS202509260,2025/09/26,DET,BOS,BOS07,3,4,9,night,76,torf,5,sunny,none
BOS202509270,2025/09/27,DET,BOS,BOS07,2,1,9,day,75,fromrf,5,cloudy,none
BOS202509280,2025/09/28,DET,BOS,BOS07,3,4,9,day,82,torf,5,sunny,none
CHA202503270,2025/03/27,ANA,CHA,CHI12,1,8,9,day,54,fromrf,11,cloudy,none
CHA202503290,2025/03/29,ANA,CHA,CHI12,1,0,9,day,67,fromrf,14,cloudy,none
CHA202503300,2025/03/30,ANA,CHA,CHI12,3,2,9,day,76,rtol,7,cloudy,none
CHA202503310,2025/03/31,MIN,CHA,CHI12,0,9,9,day,39,tocf,12,cloudy,none
CHA202504010,2025/04/01,MIN,CHA,CHI12,8,3,9,night,42,fromlf,14,cloudy,none
CHA202504020,2025/04/02,MIN,CHA,CHI12,6,1,9,day,61,fromcf,11,cloudy,none
CHA202504110,2025/04/11,BOS,CHA,CHI12,1,11,9,night,48,ltor,6,sunny,none
CHA202504120,2025/04/12,BOS,CHA,CHI12,2,3,9,day,57,fromlf,8,sunny,none
CHA202504130,2025/04/13,BOS,CHA,CHI12,3,1,9,day,63,fromrf,7,cloudy,none
CHA202504150,2025/04/15,ATH,CHA,CHI12,12,3,9,night,54,tocf,12,cloudy,none
CHA202504160,2025/04/16,ATH,CHA,CHI12,3,1,9,night,42,fromlf,10,cloudy,none
CHA202504170,2025/04/17,ATH,CHA,CHI12,8,0,9,day,64,tolf,16,cloudy,none
CHA202504290,2025/04/29,MIL,CHA,CHI12,7,2,9,night,63,torf,8,cloudy,none
CHA202504300,2025/04/30,MIL,CHA,CHI12,6,4,9,night,54,ltor,3,cloudy,none
CHA202505010,2025/05/01,MIL,CHA,CHI12,0,8,9,day,67,tolf,18,overcast,none
CHA202505020,2025/05/02,HOU,CHA,CHI12,3,7,9,night,49,fromlf,10,cloudy,none
CHA202505030,2025/05/03,HOU,CHA,CHI12,8,3,9,day,50,torf,18,cloudy,none
CHA202505040,2025/05/04,HOU,CHA,CHI12,4,5,7,day,52,torf,8,cloudy,none
CHA202505090,2025/05/09,MIA,CHA,CHI12,2,6,9,night,58,ltor,6,sunny,none
CHA202505100,2025/05/10,MIA,CHA,CHI12,3,1,9,night,55,torf,16,sunny,none
CHA202505110,2025/05/11,MIA,CHA,CHI12,2,4,9,day,64,ltor,5,sunny,none
CHA202505190,2025/05/19,SEA,CHA,CHI12,5,1,9,night,49,ltor,14,cloudy,none
CHA202505200,2025/05/20,SEA,CHA,CHI12,0,1,9,night,54,ltor,16,overcast,drizzle
CHA202505210,2025/05/21,SEA,CHA,CHI12,6,5,9,day,51,torf,11,overcast,none
CHA202505230,2025/05/23,TEX,CHA,CHI12,1,4,9,night,55,fromlf,9,cloudy,none
CHA202505240,2025/05/24,TEX,CHA,CHI12,5,10,9,day,60,fromlf,5,sunny,none
CHA202505250,2025/05/25,TEX,CHA,CHI12,5,4,9,day,58,fromlf,7,cloudy,none
CHA202506020,2025/06/02,DET,CHA,CHI12,13,1,9,night,84,fromrf,9,cloudy,none
CHA202506030,2025/06/03,DET,CHA,CHI12,1,8,9,night,84,tolf,16,cloudy,none
CHA202506040,2025/06/04,DET,CHA,CHI12,5,4,9,night,59,ltor,6,cloudy,none
CHA202506050,2025/06/05,DET,CHA,CHI12,2,3,10,day,65,ltor,6,cloudy,none
CHA202506060,2025/06/06,KCA,CHA,CHI12,2,7,9,night,67,torf,11,cloudy,none
CHA202506070,2025/06/07,KCA,CHA,CHI12,1,4,9,day,72,fromlf,9,cloudy,none
CHA202506080,2025/06/08,KCA,CHA,CHI12,7,5,9,day,78,fromrf,4,cloudy,none
CHA202506170,2025/06/17,SLN,CHA,CHI12,12,2,9,night,85,rtol,10,cloudy,none
CHA202506191,2025/06/19,SLN,CHA,CHI12,5,4,9,day,76,torf,6,cloudy,none
CHA202506192,2025/06/19,SLN,CHA,CHI12,8,6,10,day,79,ltor,6,cloudy,none
CHA202506230,2025/06/23,ARI,CHA,CHI12,10,0,9,night,93,rtol,6,sunny,none
CHA202506240,2025/06/24,ARI,CHA,CHI12,4,1,9,night,79,fromlf,8,cloudy,none
CHA202506250,2025/06/25,ARI,CHA,CHI12,3,7,9,day,78,torf,4,cloudy,none
CHA202506270,2025/06/27,SFN,CHA,CHI12,3,1,9,night,87,tolf,13,cloudy,none
CHA202506280,2025/06/28,SFN,CHA,CHI12,0,1,9,day,81,fromlf,10,sunny,none
CHA202506290,2025/06/29,SFN,CHA,CHI12,2,5,9,day,89,fromcf,4,cloudy,none
CHA202507070,2025/07/07,TOR,CHA,CHI12,8,4,9,night,75,ltor,8,sunny,none
CHA202507080,2025/07/08,TOR,CHA,CHI12,6,1,7,night,77,rtol,2,cloudy,none
CHA202507090,2025/07/09,TOR,CHA,CHI12,1,2,9,day,80,ltor,10,cloudy,none
CHA202507111,2025/07/11,CLE,CHA,CHI12,4,2,9,day,84,rtol,7,cloudy,none
CHA202507112,2025/07/11,CLE,CHA,CHI12,4,5,11,night,85,rtol,8,cloudy,none
CHA202507120,2025/07/12,CLE,CHA,CHI12,6,2,9,day,83,tolf,9,cloudy,none
CHA202507130,2025/07/13,CLE,CHA,CHI12,6,5,10,day,83,rtol,2,cloudy,none
CHA202507250,2025/07/25,CHN,CHA,CHI12,5,12,9,night,78,torf,7,cloudy,none
CHA202507260,2025/07/26,CHN,CHA,CHI12,6,1,9,night,81,fromrf,7,overcast,none
CHA202507270,2025/07/27,CHN,CHA,CHI12,5,4,9,day,85,fromlf,3,cloudy,none
CHA202507280,2025/07/28,PHI,CHA,CHI12,2,6,9,night,87,ltor,3,cloudy,none
CHA202507290,2025/07/29,PHI,CHA,CHI12,6,3,9,night,86,fromcf,7,cloudy,none
CHA202507300,2025/07/30,PHI,CHA,CHI12,3,9,9,day,73,torf,13,overcast,none
CHA202508080,2025/08/08,CLE,CHA,CHI12,9,5,9,night,89,fromrf,10,cloudy,none
CHA202508090,2025/08/09,CLE,CHA,CHI12,3,1,9,night,90,tolf,15,cloudy,none
CHA202508100,2025/08/10,CLE,CHA,CHI12,4,6,9,day,88,tolf,15,cloudy,none
CHA202508110,2025/08/11,DET,CHA,CHI12,2,1,9,night,88,fromrf,6,cloudy,none
CHA202508120,2025/08/12,DET,CHA,CHI12,6,9,9,night,73,rtol,7,overcast,none
CHA202508130,2025/08/13,DET,CHA,CHI12,1,0,9,day,79,ltor,8,sunny,none
CHA202508220,2025/08/22,MIN,CHA,CHI12,9,7,9,night,78,fromcf,9,cloudy,none
CHA202508230,2025/08/23,MIN,CHA,CHI12,3,7,9,night,79,tocf,15,cloudy,none
CHA202508240,2025/08/24,MIN,CHA,CHI12,0,8,9,day,72,tolf,13,cloudy,none
CHA202508250,2025/08/25,KCA,CHA,CHI12,0,7,9,night,68,tocf,9,cloudy,none
CHA202508260,2025/08/26,KCA,CHA,CHI12,5,4,9,night,72,torf,8,cloudy,none
CHA202508270,2025/08/27,KCA,CHA,CHI12,12,1,9,night,72,tolf,9,cloudy,none
CHA202508280,2025/08/28,NYA,CHA,CHI12,10,4,9,night,69,torf,3,cloudy,none
CHA202508290,2025/08/29,NYA,CHA,CHI12,10,2,9,night,66,fromlf,9,cloudy,none
CHA202508300,2025/08/30,NYA,CHA,CHI12,5,3,11,night,71,ltor,9,cloudy,none
CHA202508310,2025/08/31,NYA,CHA,CHI12,2,3,9,day,75,fromlf,2,cloudy,none
CHA202509090,2025/09/09,TBA,CHA,CHI12,5,4,9,night,71,rtol,6,cloudy,none
CHA202509100,2025/09/10,TBA,CHA,CHI12,5,6,9,night,75,fromlf,9,cloudy,none
CHA202509110,2025/09/11,TBA,CHA,CHI12,1,5,9,day,74,ltor,9,sunny,none
CHA202509150,2025/09/15,BAL,CHA,CHI12,4,1,9,night,77,ltor,9,sunny,none
CHA202509160,2025/09/16,BAL,CHA,CHI12,8,7,9,night,76,torf,8,sunny,none
CHA202509170,2025/09/17,BAL,CHA,CHI12,3,1,9,day,77,ltor,7,sunny,none
CHA202509190,2025/09/19,SDN,CHA,CHI12,3,4,9,night,78,fromcf,5,cloudy,none
CHA202509200,2025/09/20,SDN,CHA,CHI12,7,3,9,night,73,unknown,6,overcast,drizzle
CHA202509210,2025/09/21,SDN,CHA,CHI12,3,2,9,day,78,rtol,8,cloudy,none
CLE202504080,2025/04/08,CHA,CLE,CLE08,0,1,9,day,35,fromlf,14,cloudy,none
CLE202504090,2025/04/09,CHA,CLE,CLE08,2,3,9,night,44,rtol,5,cloudy,none
CLE202504100,2025/04/10,CHA,CLE,CLE08,1,6,9,day,44,unknown,5,cloudy,none
CLE202504110,2025/04/11,KCA,CLE,CLE08,0,7,9,night,42,fromcf,6,cloudy,none
CLE202504120,2025/04/12,KCA,CLE,CLE08,3,6,9,night,46,fromlf,5,sunny,none
CLE202504130,2025/04/13,KCA,CLE,CLE08,4,2,9,day,57,fromlf,7,cloudy,none
CLE202504210,2025/04/21,NYA,CLE,CLE08,4,6,9,night,68,torf,17,cloudy,none
CLE202504220,2025/04/22,NYA,CLE,CLE08,2,3,9,night,56,fromcf,7,sunny,none
CLE202504230,2025/04/23,NYA,CLE,CLE08,5,1,9,day,71,torf,4,sunny,none
CLE202504261,2025/04/26,BOS,CLE,CLE08,4,5,9,day,47,fromlf,13,cloudy,none
CLE202504262,2025/04/26,BOS,CLE,CLE08,7,3,9,night,48,fromcf,13,overcast,none
CLE202504270,2025/04/27,BOS,CLE,CLE08,13,3,9,day,54,fromlf,8,sunny,none
CLE202504280,2025/04/28,MIN,CLE,CLE08,11,1,9,night,71,tocf,8,sunny,none
CLE202504290,2025/04/29,MIN,CLE,CLE08,1,2,9,night,65,torf,19,overcast,none
CLE202504300,2025/04/30,MIN,CLE,CLE08,2,4,9,night,49,fromcf,9,cloudy,none
CLE202505010,2025/05/01,MIN,CLE,CLE08,3,4,10,day,78,tolf,15,cloudy,none
CLE202505090,2025/05/09,PHI,CLE,CLE08,0,6,9,night,56,ltor,6,sunny,none
CLE202505100,2025/05/10,PHI,CLE,CLE08,7,1,9,night,72,fromlf,3,sunny,none
CLE202505110,2025/05/11,PHI,CLE,CLE08,3,0,9,night,61,fromcf,8,sunny,none
CLE202505120,2025/05/12,MIL,CLE,CLE08,0,5,9,night,71,fromcf,13,cloudy,none
CLE202505130,2025/05/13,MIL,CLE,CLE08,0,2,9,night,71,tolf,10,overcast,none
CLE202505140,2025/05/14,MIL,CLE,CLE08,9,5,9,day,75,ltor,8,cloudy,none
CLE202505260,2025/05/26,LAN,CLE,CLE08,7,2,9,night,63,fromcf,6,cloudy,none
CLE202505270,2025/05/27,LAN,CLE,CLE08,9,5,9,night,68,tolf,11,cloudy,none
CLE202505280,2025/05/28,LAN,CLE,CLE08,4,7,9,day,59,ltor,8,overcast,none
CLE202505300,2025/05/30,ANA,CLE,CLE08,4,1,9,night,66,ltor,6,cloudy,none
CLE202505310,2025/05/31,ANA,CLE,CLE08,5,7,9,day,55,fromlf,16,cloudy,none
CLE202506010,2025/06/01,ANA,CLE,CLE08,2,4,9,day,58,fromlf,10,cloudy,none
CLE202506060,2025/06/06,HOU,CLE,CLE08,4,2,9,night,66,fromcf,7,overcast,none
CLE202506070,2025/06/07,HOU,CLE,CLE08,5,3,10,day,68,torf,3,cloudy,none
CLE202506080,2025/06/08,HOU,CLE,CLE08,2,4,9,day,69,tolf,8,cloudy,none
CLE202506090,2025/06/09,CIN,CLE,CLE08,7,4,9,night,71,torf,10,cloudy,none
CLE202506100,2025/06/10,CIN,CLE,CLE08,1,0,9,night,72,ltor,7,cloudy,none
CLE202506110,2025/06/11,CIN,CLE,CLE08,2,11,9,day,77,ltor,9,sunny,none
CLE202506240,2025/06/24,TOR,CLE,CLE08,10,6,9,night,90,ltor,6,cloudy,none
CLE202506250,2025/06/25,TOR,CLE,CLE08,4,5,10,night,82,fromcf,7,cloudy,none
CLE202506260,2025/06/26,TOR,CLE,CLE08,6,0,9,day,85,fromrf,6,cloudy,none
CLE202506270,2025/06/27,SLN,CLE,CLE08,5,0,9,night,87,tocf,9,cloudy,none
CLE202506280,2025/06/28,SLN,CLE,CLE08,9,6,9,day,82,fromlf,8,cloudy,none
CLE202506290,2025/06/29,SLN,CLE,CLE08,7,0,9,day,82,fromcf,8,sunny,none
CLE202507040,2025/07/04,DET,CLE,CLE08,2,1,9,night,85,fromcf,3,sunny,none
CLE202507050,2025/07/05,DET,CLE,CLE08,1,0,9,night,89,tocf,3,sunny,none
CLE202507060,2025/07/06,DET,CLE,CLE08,7,2,10,day,91,torf,9,cloudy,none
CLE202507180,2025/07/18,ATH,CLE,CLE08,6,8,9,night,74,fromrf,8,sunny,none
CLE202507190,2025/07/19,ATH,CLE,CLE08,8,2,9,night,80,fromcf,8,overcast,none
CLE202507200,2025/07/20,ATH,CLE,CLE08,2,8,9,day,78,fromlf,12,cloudy,none
CLE202507210,2025/07/21,BAL,CLE,CLE08,5,10,9,night,75,fromrf,9,sunny,none
CLE202507220,2025/07/22,BAL,CLE,CLE08,3,6,9,night,76,rtol,15,cloudy,none
CLE202507230,2025/07/23,BAL,CLE,CLE08,2,3,9,night,82,fromcf,6,sunny,none
CLE202507240,2025/07/24,BAL,CLE,CLE08,4,3,9,day,88,torf,8,cloudy,none
CLE202507280,2025/07/28,COL,CLE,CLE08,8,6,9,night,77,fromrf,3,cloudy,none
CLE202507290,2025/07/29,COL,CLE,CLE08,4,10,9,night,84,unknown,1,cloudy,none
CLE202507300,2025/07/30,COL,CLE,CLE08,0,5,9,night,83,fromcf,8,cloudy,none
CLE202508010,2025/08/01,MIN,CLE,CLE08,2,3,10,night,71,fromrf,13,cloudy,none
CLE202508020,2025/08/02,MIN,CLE,CLE08,4,5,9,day,74,fromrf,13,cloudy,none
CLE202508030,2025/08/03,MIN,CLE,CLE08,5,4,9,day,77,fromcf,10,sunny,none
CLE202508120,2025/08/12,MIA,CLE,CLE08,3,4,9,night,86,torf,6,cloudy,none
CLE202508130,2025/08/13,MIA,CLE,CLE08,13,4,9,night,80,fromlf,3,sunny,none
CLE202508140,2025/08/14,MIA,CLE,CLE08,4,9,9,night,80,fromcf,7,sunny,none
CLE202508150,2025/08/15,ATL,CLE,CLE08,2,0,9,night,82,fromrf,6,sunny,none
CLE202508160,2025/08/16,ATL,CLE,CLE08,10,1,9,night,84,fromrf,7,cloudy,none
CLE202508170,2025/08/17,ATL,CLE,CLE08,5,4,9,day,79,fromlf,10,cloudy,none
CLE202508250,2025/08/25,TBA,CLE,CLE08,9,0,9,night,67,fromlf,12,cloudy,none
CLE202508260,2025/08/26,TBA,CLE,CLE08,0,3,9,night,66,fromlf,10,sunny,none
CLE202508270,2025/08/27,TBA,CLE,CLE08,3,4,10,day,68,fromlf,10,cloudy,none
CLE202508290,2025/08/29,SEA,CLE,CLE08,4,5,9,night,63,tolf,7,cloudy,none
CLE202508300,2025/08/30,SEA,CLE,CLE08,3,4,9,night,65,fromcf,6,sunny,none
CLE202508310,2025/08/31,SEA,CLE,CLE08,4,2,9,day,70,fromrf,7,sunny,none
CLE202509080,2025/09/08,KCA,CLE,CLE08,2,10,9,night,66,fromcf,9,sunny,none
CLE202509090,2025/09/09,KCA,CLE,CLE08,0,2,9,night,71,fromrf,5,sunny,none
CLE202509100,2025/09/10,KCA,CLE,CLE08,4,3,9,night,72,fromcf,7,sunny,none
CLE202509110,2025/09/11,KCA,CLE,CLE08,2,3,9,night,71,fromcf,5,sunny,none
CLE202509120,2025/09/12,CHA,CLE,CLE08,0,4,9,night,70,fromrf,5,sunny,none
CLE202509130,2025/09/13,CHA,CLE,CLE08,1,3,9,night,70,fromcf,5,cloudy,none
CLE202509140,2025/09/14,CHA,CLE,CLE08,2,3,9,day,76,fromcf,12,sunny,none
CLE202509230,2025/09/23,DET,CLE,CLE08,2,5,9,night,72,fromcf,2,sunny,none
CLE202509240,2025/09/24,DET,CLE,CLE08,1,5,9,night,69,rtol,5,cloudy,none
CLE202509250,2025/09/25,DET,CLE,CLE08,4,2,9,night,69,fromlf,7,sunny,none
CLE202509260,2025/09/26,TEX,CLE,CLE08,7,3,9,night,70,fromlf,2,sunny,none
CLE202509270,2025/09/27,TEX,CLE,CLE08,2,3,9,night,75,fromlf,2,sunny,none
CLE202509280,2025/09/28,TEX,CLE,CLE08,8,9,10,day,76,fromcf,7,sunny,none
DET202504040,2025/04/04,CHA,DET,DET05,4,7,9,day,50,ltor,8,sunny,none
DET202504050,2025/04/05,CHA,DET,DET05,2,7,9,day,46,tocf,6,cloudy,none
DET202504060,2025/04/06,CHA,DET,DET05,3,4,9,day,45,torf,7,cloudy,none
DET202504070,2025/04/07,NYA,DET,DET05,2,6,9,day,38,tolf,16,cloudy,none
DET202504080,2025/04/08,NYA,DET,DET05,0,5,9,day,34,tolf,10,sunny,none
DET202504090,2025/04/09,NYA,DET,DET05,4,3,9,day,42,fromrf,2,cloudy,none
DET202504170,2025/04/17,KCA,DET,DET05,1,6,9,night,60,fromcf,3,cloudy,none
DET202504180,2025/04/18,KCA,DET,DET05,3,7,9,night,79,fromrf,3,cloudy,none
DET202504190,2025/04/19,KCA,DET,DET05,1,3,9,day,62,tolf,13,cloudy,none
DET202504200,2025/04/20,KCA,DET,DET05,4,3,10,day,53,fromlf,7,sunny,none
DET202504210,2025/04/21,SDN,DET,DET05,4,6,9,night,63,tolf,16,sunny,none
DET202504220,2025/04/22,SDN,DET,DET05,2,0,9,night,65,rtol,2,sunny,none
DET202504230,2025/04/23,SDN,DET,DET05,0,6,9,day,73,fromrf,7,sunny,none
DET202504261,2025/04/26,BAL,DET,DET05,3,4,9,day,49,tocf,15,cloudy,none
DET202504262,2025/04/26,BAL,DET,DET05,2,6,9,night,54,tocf,15,cloudy,none
DET202504270,2025/04/27,BAL,DET,DET05,0,7,9,day,55,torf,5,sunny,none
DET202505090,2025/05/09,TEX,DET,DET05,1,2,9,night,63,torf,3,sunny,none
DET202505100,2025/05/10,TEX,DET,DET05,10,3,9,night,70,torf,8,sunny,none
DET202505110,2025/05/11,TEX,DET,DET05,6,1,9,day,63,fromlf,10,sunny,none
DET202505120,2025/05/12,BOS,DET,DET05,2,14,9,night,78,unknown,8,cloudy,none
DET202505130,2025/05/13,BOS,DET,DET05,9,10,11,night,67,fromlf,6,cloudy,none
DET202505140,2025/05/14,BOS,DET,DET05,5,6,9,night,75,fromlf,6,cloudy,none
DET202505220,2025/05/22,CLE,DET,DET05,7,0,9,night,54,tocf,6,cloudy,none
DET202505230,2025/05/23,CLE,DET,DET05,3,1,9,night,56,tolf,14,cloudy,none
DET202505240,2025/05/24,CLE,DET,DET05,7,5,10,night,63,tocf,7,cloudy,none
DET202505250,2025/05/25,CLE,DET,DET05,0,5,9,day,59,tocf,5,sunny,none
DET202505260,2025/05/26,SFN,DET,DET05,1,3,9,day,67,ltor,7,sunny,none
DET202505270,2025/05/27,SFN,DET,DET05,1,3,9,night,70,fromlf,14,cloudy,none
DET202505280,2025/05/28,SFN,DET,DET05,3,4,9,day,58,fromlf,7,cloudy,none
DET202506060,2025/06/06,CHN,DET,DET05,1,3,9,night,72,ltor,7,cloudy,none
DET202506070,2025/06/07,CHN,DET,DET05,6,1,9,day,77,ltor,9,sunny,none
DET202506080,2025/06/08,CHN,DET,DET05,0,4,9,day,71,fromlf,10,cloudy,none
DET202506130,2025/06/13,CIN,DET,DET05,5,11,9,night,68,fromlf,9,overcast,none
DET202506140,2025/06/14,CIN,DET,DET05,11,1,9,day,71,fromlf,10,cloudy,none
DET202506150,2025/06/15,CIN,DET,DET05,8,4,9,day,75,fromlf,9,sunny,none
DET202506170,2025/06/17,PIT,DET,DET05,3,7,9,night,83,fromrf,12,sunny,none
DET202506191,2025/06/19,PIT,DET,DET05,2,9,9,day,64,tocf,13,cloudy,none
DET202506192,2025/06/19,PIT,DET,DET05,8,4,10,night,71,tolf,9,sunny,none
DET202506240,2025/06/24,ATH,DET,DET05,4,11,9,night,84,tolf,5,cloudy,none
DET202506250,2025/06/25,ATH,DET,DET05,3,0,9,night,76,fromlf,7,cloudy,none
DET202506260,2025/06/26,ATH,DET,DET05,0,8,9,day,88,tocf,7,cloudy,none
DET202506270,2025/06/27,MIN,DET,DET05,4,1,9,night,84,fromrf,11,sunny,none
DET202506280,2025/06/28,MIN,DET,DET05,5,10,9,day,82,tolf,10,sunny,none
DET202506290,2025/06/29,MIN,DET,DET05,0,3,9,night,86,fromrf,8,sunny,none
DET202507070,2025/07/07,TBA,DET,DET05,1,5,9,night,74,fromlf,4,cloudy,none
DET202507080,2025/07/08,TBA,DET,DET05,2,4,9,night,83,fromrf,4,sunny,none
DET202507090,2025/07/09,TBA,DET,DET05,7,3,9,night,80,fromrf,7,cloudy,none
DET202507110,2025/07/11,SEA,DET,DET05,12,3,9,night,83,fromrf,7,cloudy,none
DET202507120,2025/07/12,SEA,DET,DET05,15,7,9,day,80,fromrf,13,cloudy,none
DET202507130,2025/07/13,SEA,DET,DET05,8,4,9,day,86,fromrf,6,sunny,none
DET202507240,2025/07/24,TOR,DET,DET05,11,4,9,night,95,tocf,8,cloudy,none
DET202507250,2025/07/25,TOR,DET,DET05,6,2,9,night,79,fromlf,6,cloudy,none
DET202507260,2025/07/26,TOR,DET,DET05,6,1,9,night,82,fromrf,10,overcast,none
DET202507270,2025/07/27,TOR,DET,DET05,4,10,9,day,88,tocf,2,sunny,none
DET202507280,2025/07/28,ARI,DET,DET05,1,5,9,night,81,unknown,5,cloudy,none
DET202507290,2025/07/29,ARI,DET,DET05,2,12,9,night,87,fromrf,4,sunny,none
DET202507300,2025/07/30,ARI,DET,DET05,2,7,9,day,85,ltor,6,sunny,none
DET202508040,2025/08/04,MIN,DET,DET05,3,6,9,night,78,fromlf,7,cloudy,none
DET202508050,2025/08/05,MIN,DET,DET05,6,3,9,night,80,fromlf,3,sunny,none
DET202508060,2025/08/06,MIN,DET,DET05,9,4,9,day,83,fromlf,6,sunny,none
DET202508080,2025/08/08,ANA,DET,DET05,5,6,9,night,84,fromcf,8,sunny,none
DET202508090,2025/08/09,ANA,DET,DET05,7,4,9,night,87,torf,8,sunny,none
DET202508100,2025/08/10,ANA,DET,DET05,5,9,9,day,89,fromrf,3,sunny,none
DET202508180,2025/08/18,HOU,DET,DET05,0,10,9,night,75,fromlf,9,sunny,none
DET202508190,2025/08/19,HOU,DET,DET05,0,1,10,night,76,tolf,3,cloudy,none
DET202508200,2025/08/20,HOU,DET,DET05,2,7,9,day,71,torf,9,cloudy,none
DET202508220,2025/08/22,KCA,DET,DET05,5,7,9,night,77,fromcf,6,sunny,none
DET202508230,2025/08/23,KCA,DET,DET05,2,4,9,night,76,rtol,13,cloudy,none
DET202508240,2025/08/24,KCA,DET,DET05,10,8,9,day,74,tolf,11,sunny,none
DET202509010,2025/09/01,NYN,DET,DET05,10,8,9,day,75,fromlf,9,sunny,none
DET202509020,2025/09/02,NYN,DET,DET05,12,5,9,night,75,fromrf,7,sunny,none
DET202509030,2025/09/03,NYN,DET,DET05,2,6,9,day,76,fromrf,14,sunny,none
DET202509050,2025/09/05,CHA,DET,DET05,7,5,9,night,68,tolf,16,cloudy,none
DET202509060,2025/09/06,CHA,DET,DET05,0,6,9,night,63,tolf,13,cloudy,none
DET202509070,2025/09/07,CHA,DET,DET05,6,4,9,day,67,tolf,9,sunny,none
DET202509160,2025/09/16,CLE,DET,DET05,7,5,10,night,79,fromlf,6,sunny,none
DET202509170,2025/09/17,CLE,DET,DET05,4,0,9,night,78,fromlf,5,sunny,none
DET202509180,2025/09/18,CLE,DET,DET05,3,1,9,day,81,tocf,3,sunny,none
DET202509190,2025/09/19,ATL,DET,DET05,10,1,9,night,76,ltor,11,sunny,none
DET202509200,2025/09/20,ATL,DET,DET05,6,5,9,day,76,ltor,11,sunny,none
DET202509210,2025/09/21,ATL,DET,DET05,6,2,9,day,79,fromcf,4,cloudy,none
HOU202503270,2025/03/27,NYN,HOU,HOU03,1,3,9,day,73,unknown,0,dome,none
HOU202503280,2025/03/28,NYN,HOU,HOU03,3,1,9,night,73,unknown,0,dome,none
HOU202503290,2025/03/29,NYN,HOU,HOU03,1,2,9,night,73,unknown,0,dome,none
HOU202503310,2025/03/31,SFN,HOU,HOU03,7,2,9,night,73,unknown,0,dome,none
HOU202504010,2025/04/01,SFN,HOU,HOU03,3,1,9,night,73,unknown,0,dome,none
HOU202504020,2025/04/02,SFN,HOU,HOU03,6,3,9,day,73,unknown,0,dome,none
HOU202504110,2025/04/11,ANA,HOU,HOU03,3,14,9,night,73,unknown,0,dome,none
HOU202504120,2025/04/12,ANA,HOU,HOU03,4,1,9,night,73,unknown,0,dome,none
HOU202504130,2025/04/13,ANA,HOU,HOU03,3,7,9,day,73,unknown,0,dome,none
HOU202504180,2025/04/18,SDN,HOU,HOU03,4,6,9,night,73,unknown,0,sunny,none
HOU202504190,2025/04/19,SDN,HOU,HOU03,2,3,9,night,73,unknown,0,dome,none
HOU202504200,2025/04/20,SDN,HOU,HOU03,3,2,9,night,73,unknown,0,dome,none
HOU202504210,2025/04/21,TOR,HOU,HOU03,0,7,9,night,73,unknown,0,dome,none
HOU202504220,2025/04/22,TOR,HOU,HOU03,1,5,9,night,73,unknown,0,dome,none
HOU202504230,2025/04/23,TOR,HOU,HOU03,1,3,9,night,73,unknown,0,dome,none
HOU202504280,2025/04/28,DET,HOU,HOU03,5,8,9,night,73,unknown,0,dome,none
HOU202504290,2025/04/29,DET,HOU,HOU03,4,6,9,night,73,unknown,0,dome,none
HOU202504300,2025/04/30,DET,HOU,HOU03,7,4,9,day,73,unknown,0,dome,none
HOU202505090,2025/05/09,CIN,HOU,HOU03,0,3,9,night,73,unknown,0,dome,none
HOU202505100,2025/05/10,CIN,HOU,HOU03,13,9,9,night,73,unknown,0,dome,none
HOU202505110,2025/05/11,CIN,HOU,HOU03,0,6,9,day,73,unknown,0,dome,none
HOU202505120,2025/05/12,KCA,HOU,HOU03,7,5,9,night,73,unknown,0,dome,none
HOU202505130,2025/05/13,KCA,HOU,HOU03,1,2,9,night,73,unknown,0,dome,none
HOU202505140,2025/05/14,KCA,HOU,HOU03,3,4,9,night,73,unknown,0,dome,none
HOU202505220,2025/05/22,SEA,HOU,HOU03,2,9,9,night,73,unknown,0,dome,none
HOU202505230,2025/05/23,SEA,HOU,HOU03,5,3,9,night,73,unknown,0,dome,none
HOU202505240,2025/05/24,SEA,HOU,HOU03,1,2,9,day,73,unknown,0,dome,none
HOU202505250,2025/05/25,SEA,HOU,HOU03,3,5,9,day,73,unknown,0,dome,none
HOU202505270,2025/05/27,ATH,HOU,HOU03,1,11,9,night,73,unknown,0,dome,none
HOU202505280,2025/05/28,ATH,HOU,HOU03,3,5,9,day,73,unknown,0,dome,none
HOU202505290,2025/05/29,TBA,HOU,HOU03,13,3,9,night,73,unknown,0,dome,none
HOU202505300,2025/05/30,TBA,HOU,HOU03,1,2,9,night,73,unknown,0,dome,none
HOU202505310,2025/05/31,TBA,HOU,HOU03,16,3,9,day,73,unknown,0,dome,none
HOU202506010,2025/06/01,TBA,HOU,HOU03,0,1,9,day,73,unknown,0,dome,none
HOU202506100,2025/06/10,CHA,HOU,HOU03,4,2,9,night,73,unknown,0,dome,none
HOU202506110,2025/06/11,CHA,HOU,HOU03,2,10,9,night,73,unknown,0,dome,none
HOU202506120,2025/06/12,CHA,HOU,HOU03,3,4,9,night,73,unknown,0,dome,none
HOU202506130,2025/06/13,MIN,HOU,HOU03,3,10,9,night,73,unknown,0,dome,none
HOU202506140,2025/06/14,MIN,HOU,HOU03,2,3,9,day,73,unknown,0,dome,none
HOU202506150,2025/06/15,MIN,HOU,HOU03,1,2,10,day,73,unknown,0,dome,none
HOU202506240,2025/06/24,PHI,HOU,HOU03,0,1,9,night,73,unknown,0,dome,none
HOU202506250,2025/06/25,PHI,HOU,HOU03,0,2,9,night,73,unknown,0,dome,none
HOU202506260,2025/06/26,PHI,HOU,HOU03,1,2,9,day,73,unknown,0,dome,none
HOU202506270,2025/06/27,CHN,HOU,HOU03,4,7,9,night,73,unknown,0,dome,none
HOU202506280,2025/06/28,CHN,HOU,HOU03,12,3,9,night,73,unknown,0,dome,none
HOU202506290,2025/06/29,CHN,HOU,HOU03,0,2,9,day,73,unknown,0,dome,none
HOU202507070,2025/07/07,CLE,HOU,HOU03,7,5,9,night,73,unknown,0,dome,none
HOU202507080,2025/07/08,CLE,HOU,HOU03,10,6,10,night,73,unknown,0,dome,none
HOU202507090,2025/07/09,CLE,HOU,HOU03,4,2,9,night,73,unknown,0,dome,none
HOU202507110,2025/07/11,TEX,HOU,HOU03,7,3,9,night,73,unknown,0,dome,none
HOU202507120,2025/07/12,TEX,HOU,HOU03,4,5,11,night,73,unknown,0,dome,none
HOU202507130,2025/07/13,TEX,HOU,HOU03,5,1,9,day,73,unknown,0,dome,none
HOU202507240,2025/07/24,ATH,HOU,HOU03,5,2,9,night,73,unknown,0,dome,none
HOU202507250,2025/07/25,ATH,HOU,HOU03,15,3,9,night,73,unknown,0,dome,none
HOU202507260,2025/07/26,ATH,HOU,HOU03,5,1,9,night,73,unknown,0,dome,none
HOU202507270,2025/07/27,ATH,HOU,HOU03,7,1,9,day,73,unknown,0,dome,none
HOU202507280,2025/07/28,WAS,HOU,HOU03,2,1,9,night,73,unknown,0,dome,none
HOU202507290,2025/07/29,WAS,HOU,HOU03,4,7,9,night,73,unknown,0,dome,none
HOU202507300,2025/07/30,WAS,HOU,HOU03,1,9,9,day,73,unknown,0,dome,none
HOU202508110,2025/08/11,BOS,HOU,HOU03,6,7,9,night,73,unknown,0,dome,none
HOU202508120,2025/08/12,BOS,HOU,HOU03,14,1,9,night,73,unknown,0,dome,none
HOU202508130,2025/08/13,BOS,HOU,HOU03,1,4,9,night,73,unknown,0,dome,none
HOU202508150,2025/08/15,BAL,HOU,HOU03,7,0,9,night,73,unknown,0,dome,none
HOU202508160,2025/08/16,BAL,HOU,HOU03,4,5,12,night,73,unknown,0,dome,none
HOU202508170,2025/08/17,BAL,HOU,HOU03,12,0,9,day,73,unknown,0,dome,none
HOU202508260,2025/08/26,COL,HOU,HOU03,6,1,9,night,73,unknown,0,dome,none
HOU202508270,2025/08/27,COL,HOU,HOU03,0,4,9,night,73,unknown,0,dome,none
HOU202508280,2025/08/28,COL,HOU,HOU03,3,4,9,day,73,unknown,0,dome,none
HOU202508290,2025/08/29,ANA,HOU,HOU03,0,2,9,night,73,unknown,0,dome,none
HOU202508300,2025/08/30,ANA,HOU,HOU03,4,1,9,night,73,unknown,0,dome,none
HOU202508310,2025/08/31,ANA,HOU,HOU03,3,0,9,day,73,unknown,0,dome,none
HOU202509010,2025/09/01,ANA,HOU,HOU03,3,8,9,day,73,unknown,0,dome,none
HOU202509020,2025/09/02,NYA,HOU,HOU03,7,1,9,night,73,unknown,0,dome,none
HOU202509030,2025/09/03,NYA,HOU,HOU03,7,8,9,night,73,unknown,0,dome,none
HOU202509040,2025/09/04,NYA,HOU,HOU03,8,4,9,night,73,unknown,0,dome,none
HOU202509150,2025/09/15,TEX,HOU,HOU03,3,6,9,night,73,unknown,0,dome,none
HOU202509160,2025/09/16,TEX,HOU,HOU03,5,6,9,night,73,unknown,0,dome,none
HOU202509170,2025/09/17,TEX,HOU,HOU03,2,5,9,night,73,unknown,0,dome,none
HOU202509190,2025/09/19,SEA,HOU,HOU03,4,0,9,night,73,unknown,0,dome,none
HOU202509200,2025/09/20,SEA,HOU,HOU03,6,4,9,night,73,unknown,0,dome,none
HOU202509210,2025/09/21,SEA,HOU,HOU03,7,3,9,night,73,unknown,0,dome,none
KCA202503270,2025/03/27,CLE,KCA,KAN06,7,4,10,day,76,rtol,12,cloudy,none
KCA202503290,2025/03/29,CLE,KCA,KAN06,3,4,9,day,77,rtol,17,cloudy,none
KCA202503300,2025/03/30,CLE,KCA,KAN06,6,2,9,day,45,ltor,14,cloudy,none
KCA202504040,2025/04/04,BAL,KCA,KAN06,2,8,9,night,47,ltor,11,cloudy,none
KCA202504050,2025/04/05,BAL,KCA,KAN06,8,1,9,day,45,fromlf,17,cloudy,none
KCA202504060,2025/04/06,BAL,KCA,KAN06,1,4,9,day,50,fromlf,8,cloudy,none
KCA202504070,2025/04/07,MIN,KCA,KAN06,2,4,9,night,52,ltor,14,sunny,none
KCA202504080,2025/04/08,MIN,KCA,KAN06,1,2,9,night,58,tolf,14,sunny,none
KCA202504090,2025/04/09,MIN,KCA,KAN06,4,0,9,night,74,ltor,6,cloudy,none
KCA202504100,2025/04/10,MIN,KCA,KAN06,2,3,9,day,67,rtol,23,sunny,none
KCA202504220,2025/04/22,COL,KCA,KAN06,3,4,11,night,81,rtol,15,sunny,none
KCA202504241,2025/04/24,COL,KCA,KAN06,4,7,9,day,71,rtol,2,cloudy,none
KCA202504242,2025/04/24,COL,KCA,KAN06,2,6,9,day,76,rtol,5,cloudy,none
KCA202504250,2025/04/25,HOU,KCA,KAN06,0,2,9,night,63,ltor,10,cloudy,none
KCA202504260,2025/04/26,HOU,KCA,KAN06,0,2,9,night,61,fromrf,10,overcast,none
KCA202504270,2025/04/27,HOU,KCA,KAN06,7,3,9,day,62,rtol,11,cloudy,none
KCA202505050,2025/05/05,CHA,KCA,KAN06,0,3,9,night,73,rtol,6,sunny,none
KCA202505060,2025/05/06,CHA,KCA,KAN06,3,4,9,night,74,rtol,8,cloudy,none
KCA202505070,2025/05/07,CHA,KCA,KAN06,1,2,9,night,62,rtol,3,overcast,none
KCA202505080,2025/05/08,CHA,KCA,KAN06,0,10,9,day,69,fromrf,12,cloudy,none
KCA202505090,2025/05/09,BOS,KCA,KAN06,1,2,12,night,73,ltor,9,cloudy,none
KCA202505100,2025/05/10,BOS,KCA,KAN06,10,1,9,night,80,fromrf,6,sunny,none
KCA202505110,2025/05/11,BOS,KCA,KAN06,3,1,9,day,79,fromrf,8,sunny,none
KCA202505160,2025/05/16,SLN,KCA,KAN06,10,3,9,night,77,torf,12,sunny,none
KCA202505170,2025/05/17,SLN,KCA,KAN06,1,0,9,night,79,fromrf,6,sunny,none
KCA202505180,2025/05/18,SLN,KCA,KAN06,1,2,9,day,77,fromlf,14,cloudy,none
KCA202505260,2025/05/26,CIN,KCA,KAN06,7,4,9,day,64,rtol,13,overcast,drizzle
KCA202505270,2025/05/27,CIN,KCA,KAN06,7,2,9,night,63,fromlf,6,cloudy,none
KCA202505280,2025/05/28,CIN,KCA,KAN06,2,3,9,night,72,unknown,3,cloudy,none
KCA202505300,2025/05/30,DET,KCA,KAN06,7,5,9,night,76,ltor,7,sunny,none
KCA202505310,2025/05/31,DET,KCA,KAN06,0,1,9,day,84,torf,10,sunny,none
KCA202506010,2025/06/01,DET,KCA,KAN06,1,0,9,day,84,rtol,3,cloudy,none
KCA202506100,2025/06/10,NYA,KCA,KAN06,10,2,9,night,84,tocf,6,sunny,none
KCA202506110,2025/06/11,NYA,KCA,KAN06,6,3,9,night,86,rtol,9,cloudy,none
KCA202506120,2025/06/12,NYA,KCA,KAN06,1,0,9,night,78,ltor,8,cloudy,none
KCA202506130,2025/06/13,ATH,KCA,KAN06,6,4,9,night,80,fromcf,7,cloudy,none
KCA202506140,2025/06/14,ATH,KCA,KAN06,4,0,9,day,86,rtol,12,cloudy,none
KCA202506150,2025/06/15,ATH,KCA,KAN06,3,2,9,day,83,fromrf,2,cloudy,none
KCA202506240,2025/06/24,TBA,KCA,KAN06,5,1,9,night,90,rtol,8,sunny,none
KCA202506250,2025/06/25,TBA,KCA,KAN06,3,0,9,night,90,rtol,10,sunny,none
KCA202506260,2025/06/26,TBA,KCA,KAN06,4,0,9,day,87,rtol,14,cloudy,none
KCA202506270,2025/06/27,LAN,KCA,KAN06,5,4,9,night,87,rtol,8,sunny,none
KCA202506280,2025/06/28,LAN,KCA,KAN06,5,9,9,day,87,rtol,11,cloudy,none
KCA202506290,2025/06/29,LAN,KCA,KAN06,5,1,9,day,84,rtol,8,cloudy,none
KCA202507070,2025/07/07,PIT,KCA,KAN06,3,9,9,night,89,rtol,8,cloudy,none
KCA202507080,2025/07/08,PIT,KCA,KAN06,3,4,9,night,86,ltor,7,cloudy,none
KCA202507090,2025/07/09,PIT,KCA,KAN06,3,4,9,night,91,rtol,4,sunny,none
KCA202507110,2025/07/11,NYN,KCA,KAN06,8,3,9,night,83,ltor,12,overcast,none
KCA202507120,2025/07/12,NYN,KCA,KAN06,3,1,9,day,84,fromlf,1,cloudy,none
KCA202507130,2025/07/13,NYN,KCA,KAN06,2,3,9,day,85,torf,6,sunny,none
KCA202507261,2025/07/26,CLE,KCA,KAN06,3,5,10,day,86,rtol,7,sunny,none
KCA202507262,2025/07/26,CLE,KCA,KAN06,6,4,9,night,87,rtol,8,cloudy,none
KCA202507270,2025/07/27,CLE,KCA,KAN06,1,4,9,day,90,ltor,10,sunny,none
KCA202507280,2025/07/28,ATL,KCA,KAN06,10,7,9,night,93,rtol,9,cloudy,none
KCA202507290,2025/07/29,ATL,KCA,KAN06,6,9,9,night,97,rtol,4,sunny,none
KCA202507300,2025/07/30,ATL,KCA,KAN06,0,1,10,day,85,ltor,7,cloudy,none
KCA202508110,2025/08/11,WAS,KCA,KAN06,4,7,9,night,82,rtol,9,cloudy,none
KCA202508120,2025/08/12,WAS,KCA,KAN06,5,8,9,night,85,fromlf,6,cloudy,none
KCA202508130,2025/08/13,WAS,KCA,KAN06,8,7,9,day,83,ltor,2,sunny,none
KCA202508150,2025/08/15,CHA,KCA,KAN06,1,3,9,night,91,rtol,10,sunny,none
KCA202508160,2025/08/16,CHA,KCA,KAN06,2,6,9,night,94,rtol,10,sunny,none
KCA202508170,2025/08/17,CHA,KCA,KAN06,2,6,9,day,94,rtol,8,sunny,none
KCA202508180,2025/08/18,TEX,KCA,KAN06,3,4,9,night,92,ltor,8,sunny,none
KCA202508190,2025/08/19,TEX,KCA,KAN06,2,5,9,night,91,ltor,8,sunny,none
KCA202508200,2025/08/20,TEX,KCA,KAN06,6,3,9,night,90,ltor,7,sunny,none
KCA202508210,2025/08/21,TEX,KCA,KAN06,4,6,9,day,78,fromrf,10,cloudy,none
KCA202508290,2025/08/29,DET,KCA,KAN06,5,3,9,night,81,ltor,14,cloudy,none
KCA202508300,2025/08/30,DET,KCA,KAN06,1,3,9,night,83,rtol,6,cloudy,none
KCA202508310,2025/08/31,DET,KCA,KAN06,5,0,9,day,78,fromlf,8,cloudy,none
KCA202509020,2025/09/02,ANA,KCA,KAN06,5,1,9,night,80,ltor,4,cloudy,none
KCA202509030,2025/09/03,ANA,KCA,KAN06,4,3,9,night,83,ltor,6,cloudy,none
KCA202509040,2025/09/04,ANA,KCA,KAN06,3,4,9,night,75,tolf,5,sunny,none
KCA202509050,2025/09/05,MIN,KCA,KAN06,1,2,9,night,63,ltor,5,cloudy,none
KCA202509060,2025/09/06,MIN,KCA,KAN06,2,11,9,night,74,ltor,9,sunny,none
KCA202509070,2025/09/07,MIN,KCA,KAN06,5,1,9,day,73,rtol,4,sunny,none
KCA202509160,2025/09/16,SEA,KCA,KAN06,12,5,9,night,89,rtol,6,cloudy,none
KCA202509170,2025/09/17,SEA,KCA,KAN06,5,7,9,night,85,torf,5,cloudy,none
KCA202509180,2025/09/18,SEA,KCA,KAN06,2,0,9,day,68,unknown,2,overcast,none
KCA202509190,2025/09/19,TOR,KCA,KAN06,1,20,9,night,80,ltor,9,sunny,none
KCA202509200,2025/09/20,TOR,KCA,KAN06,1,2,9,night,81,rtol,9,cloudy,none
KCA202509210,2025/09/21,TOR,KCA,KAN06,8,5,9,day,78,ltor,6,cloudy,none
MIN202504030,2025/04/03,HOU,MIN,MIN04,5,2,9,day,42,tocf,9,cloudy,none
MIN202504050,2025/04/05,HOU,MIN,MIN04,1,6,9,day,38,torf,8,sunny,none
MIN202504060,2025/04/06,HOU,MIN,MIN04,9,7,10,day,52,tolf,10,sunny,none
MIN202504110,2025/04/11,DET,MIN,MIN04,7,6,9,night,54,tocf,4,cloudy,none
MIN202504120,2025/04/12,DET,MIN,MIN04,4,0,9,day,60,rtol,12,cloudy,none
MIN202504130,2025/04/13,DET,MIN,MIN04,1,5,9,day,64,fromrf,10,cloudy,none
MIN202504140,2025/04/14,NYN,MIN,MIN04,5,1,9,night,48,torf,18,cloudy,none
MIN202504150,2025/04/15,NYN,MIN,MIN04,3,6,9,night,53,torf,12,sunny,none
MIN202504160,2025/04/16,NYN,MIN,MIN04,3,4,10,day,53,fromrf,12,cloudy,none
MIN202504220,2025/04/22,CHA,MIN,MIN04,2,4,9,night,69,tolf,11,sunny,none
MIN202504230,2025/04/23,CHA,MIN,MIN04,3,6,9,night,66,tocf,14,cloudy,none
MIN202504240,2025/04/24,CHA,MIN,MIN04,3,0,7,day,52,fromlf,7,overcast,none
MIN202504250,2025/04/25,ANA,MIN,MIN04,4,11,9,night,57,fromlf,10,cloudy,none
MIN202504260,2025/04/26,ANA,MIN,MIN04,1,5,9,day,58,fromcf,10,sunny,none
MIN202504270,2025/04/27,ANA,MIN,MIN04,0,5,9,day,60,rtol,8,cloudy,none
MIN202505060,2025/05/06,BAL,MIN,MIN04,1,9,9,night,83,fromlf,6,sunny,none
MIN202505070,2025/05/07,BAL,MIN,MIN04,2,5,9,night,69,fromlf,12,cloudy,none
MIN202505080,2025/05/08,BAL,MIN,MIN04,2,5,9,day,62,rtol,7,sunny,none
MIN202505090,2025/05/09,SFN,MIN,MIN04,1,3,9,night,84,tolf,8,cloudy,none
MIN202505100,2025/05/10,SFN,MIN,MIN04,1,2,9,night,75,fromrf,6,cloudy,none
MIN202505110,2025/05/11,SFN,MIN,MIN04,6,7,10,day,85,rtol,15,sunny,none
MIN202505190,2025/05/19,CLE,MIN,MIN04,5,6,9,day,57,fromlf,18,overcast,none
MIN202505210,2025/05/21,CLE,MIN,MIN04,5,1,9,day,46,fromlf,5,overcast,none
MIN202505230,2025/05/23,KCA,MIN,MIN04,1,3,9,night,62,fromlf,6,cloudy,none
MIN202505240,2025/05/24,KCA,MIN,MIN04,4,5,9,day,63,fromcf,4,cloudy,none
MIN202505250,2025/05/25,KCA,MIN,MIN04,2,1,10,day,67,fromlf,4,cloudy,none
MIN202506060,2025/06/06,TOR,MIN,MIN04,6,4,9,night,71,fromlf,4,cloudy,none
MIN202506070,2025/06/07,TOR,MIN,MIN04,5,4,9,day,77,rtol,7,cloudy,none
MIN202506080,2025/06/08,TOR,MIN,MIN04,3,6,9,day,70,tocf,16,cloudy,none
MIN202506100,2025/06/10,TEX,MIN,MIN04,16,4,9,night,81,tolf,7,cloudy,none
MIN202506110,2025/06/11,TEX,MIN,MIN04,2,6,9,night,68,fromlf,6,cloudy,none
MIN202506120,2025/06/12,TEX,MIN,MIN04,16,3,9,day,68,fromcf,9,overcast,none
MIN202506200,2025/06/20,MIL,MIN,MIN04,17,6,9,night,85,fromlf,11,cloudy,none
MIN202506210,2025/06/21,MIL,MIN,MIN04,9,0,9,day,89,rtol,15,cloudy,none
MIN202506220,2025/06/22,MIL,MIN,MIN04,9,8,9,day,92,rtol,17,cloudy,none
MIN202506230,2025/06/23,SEA,MIN,MIN04,11,2,9,night,80,ltor,11,sunny,none
MIN202506240,2025/06/24,SEA,MIN,MIN04,6,5,9,night,80,fromlf,4,cloudy,none
MIN202506250,2025/06/25,SEA,MIN,MIN04,0,2,9,night,66,fromlf,9,overcast,none
MIN202506260,2025/06/26,SEA,MIN,MIN04,1,10,9,day,63,ltor,6,overcast,none
MIN202507040,2025/07/04,TBA,MIN,MIN04,3,4,9,day,92,tolf,15,cloudy,none
MIN202507050,2025/07/05,TBA,MIN,MIN04,5,6,9,day,80,tocf,9,overcast,none
MIN202507060,2025/07/06,TBA,MIN,MIN04,7,5,10,day,80,ltor,7,sunny,none
MIN202507080,2025/07/08,CHN,MIN,MIN04,1,8,9,night,82,fromlf,8,cloudy,none
MIN202507090,2025/07/09,CHN,MIN,MIN04,2,4,9,night,85,fromlf,6,cloudy,none
MIN202507100,2025/07/10,CHN,MIN,MIN04,8,1,9,day,81,rtol,9,overcast,none
MIN202507110,2025/07/11,PIT,MIN,MIN04,1,2,9,night,83,torf,4,overcast,none
MIN202507120,2025/07/12,PIT,MIN,MIN04,4,12,9,day,77,tocf,12,cloudy,none
MIN202507130,2025/07/13,PIT,MIN,MIN04,2,1,9,day,84,fromrf,10,cloudy,none
MIN202507250,2025/07/25,WAS,MIN,MIN04,0,1,9,night,83,rtol,6,cloudy,none
MIN202507260,2025/07/26,WAS,MIN,MIN04,9,3,9,night,89,tolf,11,sunny,none
MIN202507270,2025/07/27,WAS,MIN,MIN04,7,2,9,day,89,rtol,10,cloudy,none
MIN202507280,2025/07/28,BOS,MIN,MIN04,4,5,9,night,87,rtol,9,sunny,none
MIN202507290,2025/07/29,BOS,MIN,MIN04,8,5,9,night,87,fromlf,5,cloudy,none
MIN202507300,2025/07/30,BOS,MIN,MIN04,13,1,9,day,77,ltor,11,cloudy,none
MIN202508080,2025/08/08,KCA,MIN,MIN04,4,9,9,night,88,rtol,11,cloudy,none
MIN202508090,2025/08/09,KCA,MIN,MIN04,2,0,9,night,83,rtol,6,cloudy,none
MIN202508100,2025/08/10,KCA,MIN,MIN04,3,5,11,day,79,tocf,6,overcast,none
MIN202508140,2025/08/14,DET,MIN,MIN04,4,3,11,night,71,rtol,12,cloudy,none
MIN202508150,2025/08/15,DET,MIN,MIN04,7,0,9,night,84,rtol,7,overcast,none
MIN202508160,2025/08/16,DET,MIN,MIN04,8,5,9,night,79,torf,7,cloudy,none
MIN202508170,2025/08/17,DET,MIN,MIN04,1,8,9,day,75,fromcf,12,cloudy,none
MIN202508190,2025/08/19,ATH,MIN,MIN04,6,3,9,night,82,torf,6,cloudy,none
MIN202508200,2025/08/20,ATH,MIN,MIN04,4,2,10,night,81,fromlf,8,cloudy,none
MIN202508210,2025/08/21,ATH,MIN,MIN04,8,3,9,day,77,rtol,6,cloudy,none
MIN202508290,2025/08/29,SDN,MIN,MIN04,4,7,9,night,74,tolf,9,cloudy,none
MIN202508300,2025/08/30,SDN,MIN,MIN04,12,3,9,night,75,fromcf,5,sunny,none
MIN202508310,2025/08/31,SDN,MIN,MIN04,2,7,9,day,72,tolf,5,cloudy,none
MIN202509010,2025/09/01,CHA,MIN,MIN04,6,5,9,day,77,rtol,7,cloudy,none
MIN202509020,2025/09/02,CHA,MIN,MIN04,12,3,9,night,75,tolf,6,cloudy,none
MIN202509030,2025/09/03,CHA,MIN,MIN04,4,3,9,night,62,ltor,6,cloudy,none
MIN202509040,2025/09/04,CHA,MIN,MIN04,11,8,9,night,57,tolf,14,overcast,none
MIN202509120,2025/09/12,ARI,MIN,MIN04,8,9,9,night,77,fromrf,6,cloudy,none
MIN202509130,2025/09/13,ARI,MIN,MIN04,5,2,10,night,82,fromcf,8,cloudy,none
MIN202509140,2025/09/14,ARI,MIN,MIN04,6,4,9,day,82,fromrf,9,cloudy,none
MIN202509150,2025/09/15,NYA,MIN,MIN04,0,7,9,night,83,rtol,10,cloudy,none
MIN202509160,2025/09/16,NYA,MIN,MIN04,10,9,9,night,84,rtol,6,overcast,none
MIN202509170,2025/09/17,NYA,MIN,MIN04,10,5,9,night,78,rtol,8,overcast,none
MIN202509190,2025/09/19,CLE,MIN,MIN04,6,2,9,night,67,fromrf,5,overcast,rain
MIN202509201,2025/09/20,CLE,MIN,MIN04,6,0,9,day,71,rtol,7,cloudy,none
MIN202509202,2025/09/20,CLE,MIN,MIN04,8,0,9,night,71,rtol,7,cloudy,none
MIN202509210,2025/09/21,CLE,MIN,MIN04,2,6,9,day,73,tolf,8,cloudy,none
NYA202503270,2025/03/27,MIL,NYA,NYC21,2,4,9,day,48,tolf,17,sunny,none
NYA202503290,2025/03/29,MIL,NYA,NYC21,9,20,9,day,78,tocf,15,cloudy,none
NYA202503300,2025/03/30,MIL,NYA,NYC21,3,12,9,day,44,fromlf,10,cloudy,none
NYA202504010,2025/04/01,ARI,NYA,NYC21,7,5,9,night,50,torf,10,cloudy,none
NYA202504020,2025/04/02,ARI,NYA,NYC21,4,3,9,night,42,rtol,13,cloudy,none
NYA202504030,2025/04/03,ARI,NYA,NYC21,7,9,9,night,71,tolf,9,cloudy,none
NYA202504110,2025/04/11,SFN,NYA,NYC21,9,1,6,night,44,fromlf,13,overcast,rain
NYA202504120,2025/04/12,SFN,NYA,NYC21,4,8,9,day,41,ltor,11,overcast,drizzle
NYA202504130,2025/04/13,SFN,NYA,NYC21,5,4,9,day,54,torf,13,cloudy,none
NYA202504140,2025/04/14,KCA,NYA,NYC21,1,4,9,night,59,rtol,7,cloudy,none
NYA202504150,2025/04/15,KCA,NYA,NYC21,2,4,9,night,55,ltor,13,sunny,none
NYA202504160,2025/04/16,KCA,NYA,NYC21,3,4,9,night,48,torf,16,cloudy,none
NYA202504250,2025/04/25,TOR,NYA,NYC21,4,2,9,night,68,unknown,12,cloudy,none
NYA202504271,2025/04/27,TOR,NYA,NYC21,2,11,9,day,59,torf,22,cloudy,none
NYA202504272,2025/04/27,TOR,NYA,NYC21,1,5,9,day,58,torf,23,cloudy,none
NYA202505020,2025/05/02,TBA,NYA,NYC21,0,3,9,night,78,rtol,9,cloudy,none
NYA202505030,2025/05/03,TBA,NYA,NYC21,3,2,9,day,79,rtol,11,sunny,none
NYA202505040,2025/05/04,TBA,NYA,NYC21,7,5,9,day,67,rtol,10,cloudy,none
NYA202505050,2025/05/05,SDN,NYA,NYC21,4,3,9,night,59,fromlf,9,overcast,rain
NYA202505060,2025/05/06,SDN,NYA,NYC21,3,12,9,night,60,rtol,12,overcast,none
NYA202505070,2025/05/07,SDN,NYA,NYC21,3,4,10,night,70,rtol,7,overcast,none
NYA202505160,2025/05/16,NYN,NYA,NYC21,2,6,9,night,68,rtol,7,overcast,none
NYA202505170,2025/05/17,NYN,NYA,NYC21,3,2,9,day,74,unknown,8,sunny,none
NYA202505180,2025/05/18,NYN,NYA,NYC21,2,8,9,night,70,tocf,16,cloudy,none
NYA202505200,2025/05/20,TEX,NYA,NYC21,2,5,9,night,65,fromlf,8,sunny,none
NYA202505210,2025/05/21,TEX,NYA,NYC21,3,4,9,night,53,fromrf,10,overcast,drizzle
NYA202505220,2025/05/22,TEX,NYA,NYC21,0,1,9,day,50,fromlf,16,overcast,none
NYA202506030,2025/06/03,CLE,NYA,NYC21,2,3,9,night,74,rtol,7,sunny,none
NYA202506040,2025/06/04,CLE,NYA,NYC21,4,0,9,night,78,ltor,13,sunny,none
NYA202506050,2025/06/05,CLE,NYA,NYC21,0,4,9,night,86,tolf,8,cloudy,none
NYA202506060,2025/06/06,BOS,NYA,NYC21,6,9,9,night,79,rtol,6,cloudy,none
NYA202506070,2025/06/07,BOS,NYA,NYC21,10,7,9,night,73,fromlf,11,cloudy,none
NYA202506080,2025/06/08,BOS,NYA,NYC21,11,7,9,night,68,fromrf,11,cloudy,none
NYA202506160,2025/06/16,ANA,NYA,NYC21,1,0,11,night,68,fromcf,9,cloudy,none
NYA202506170,2025/06/17,ANA,NYA,NYC21,4,0,9,night,67,fromrf,5,overcast,none
NYA202506180,2025/06/18,ANA,NYA,NYC21,3,2,9,night,80,fromrf,8,overcast,none
NYA202506190,2025/06/19,ANA,NYA,NYC21,3,7,9,day,89,tolf,11,cloudy,none
NYA202506200,2025/06/20,BAL,NYA,NYC21,5,3,9,night,82,tolf,10,cloudy,none
NYA202506210,2025/06/21,BAL,NYA,NYC21,0,9,9,day,86,unknown,5,sunny,none
NYA202506220,2025/06/22,BAL,NYA,NYC21,2,4,9,day,74,tolf,15,cloudy,none
NYA202506270,2025/06/27,ATH,NYA,NYC21,0,3,9,night,71,fromrf,9,cloudy,none
NYA202506280,2025/06/28,ATH,NYA,NYC21,7,0,9,day,76,torf,6,cloudy,none
NYA202506290,2025/06/29,ATH,NYA,NYC21,5,12,9,day,88,torf,10,cloudy,none
NYA202507080,2025/07/08,SEA,NYA,NYC21,3,10,9,night,88,torf,6,cloudy,none
NYA202507090,2025/07/09,SEA,NYA,NYC21,6,9,9,night,88,rtol,9,cloudy,none
NYA202507100,2025/07/10,SEA,NYA,NYC21,5,6,10,night,80,fromlf,7,cloudy,none
NYA202507110,2025/07/11,CHN,NYA,NYC21,0,11,9,night,81,rtol,10,cloudy,none
NYA202507120,2025/07/12,CHN,NYA,NYC21,5,2,9,day,84,fromcf,6,cloudy,none
NYA202507130,2025/07/13,CHN,NYA,NYC21,4,1,9,day,81,fromrf,7,cloudy,none
NYA202507250,2025/07/25,PHI,NYA,NYC21,12,5,9,night,85,torf,7,cloudy,none
NYA202507260,2025/07/26,PHI,NYA,NYC21,9,4,9,day,83,fromlf,9,cloudy,none
NYA202507270,2025/07/27,PHI,NYA,NYC21,3,4,9,day,80,tocf,6,cloudy,none
NYA202507280,2025/07/28,TBA,NYA,NYC21,4,2,9,night,92,ltor,7,sunny,none
NYA202507290,2025/07/29,TBA,NYA,NYC21,5,7,9,night,92,tolf,8,cloudy,none
NYA202507300,2025/07/30,TBA,NYA,NYC21,4,5,11,night,89,fromlf,8,overcast,none
NYA202507310,2025/07/31,TBA,NYA,NYC21,4,7,9,day,86,fromlf,11,cloudy,none
NYA202508080,2025/08/08,HOU,NYA,NYC21,5,3,10,night,76,tolf,8,sunny,none
NYA202508090,2025/08/09,HOU,NYA,NYC21,4,5,9,day,83,tocf,7,sunny,none
NYA202508100,2025/08/10,HOU,NYA,NYC21,7,1,9,day,87,torf,2,sunny,none
NYA202508110,2025/08/11,MIN,NYA,NYC21,2,6,9,night,84,tolf,11,sunny,none
NYA202508120,2025/08/12,MIN,NYA,NYC21,1,9,9,night,84,rtol,11,sunny,none
NYA202508130,2025/08/13,MIN,NYA,NYC21,4,1,9,night,73,ltor,5,cloudy,none
NYA202508210,2025/08/21,BOS,NYA,NYC21,6,3,9,night,69,ltor,14,cloudy,none
NYA202508220,2025/08/22,BOS,NYA,NYC21,1,0,9,night,81,fromlf,5,sunny,none
NYA202508230,2025/08/23,BOS,NYA,NYC21,12,1,9,day,82,tolf,10,sunny,none
NYA202508240,2025/08/24,BOS,NYA,NYC21,2,7,9,night,75,tocf,12,cloudy,none
NYA202508250,2025/08/25,WAS,NYA,NYC21,5,10,9,night,81,tocf,13,cloudy,none
NYA202508260,2025/08/26,WAS,NYA,NYC21,1,5,9,night,76,tocf,9,cloudy,none
NYA202508270,2025/08/27,WAS,NYA,NYC21,2,11,9,day,74,torf,12,cloudy,none
NYA202509050,2025/09/05,TOR,NYA,NYC21,7,1,9,night,79,tolf,10,cloudy,none
NYA202509060,2025/09/06,TOR,NYA,NYC21,1,3,9,day,83,rtol,12,cloudy,none
NYA202509070,2025/09/07,TOR,NYA,NYC21,3,4,9,day,64,torf,1,overcast,none
NYA202509090,2025/09/09,DET,NYA,NYC21,12,2,9,night,68,rtol,6,cloudy,none
NYA202509100,2025/09/10,DET,NYA,NYC21,11,1,9,night,72,fromlf,6,cloudy,none
NYA202509110,2025/09/11,DET,NYA,NYC21,3,9,9,night,75,ltor,8,sunny,none
NYA202509230,2025/09/23,CHA,NYA,NYC21,2,3,9,night,76,rtol,5,cloudy,none
NYA202509240,2025/09/24,CHA,NYA,NYC21,1,8,9,night,74,tolf,7,overcast,none
NYA202509250,2025/09/25,CHA,NYA,NYC21,3,5,9,night,76,rtol,7,overcast,none
NYA202509260,2025/09/26,BAL,NYA,NYC21,4,8,9,night,76,tolf,4,cloudy,none
NYA202509270,2025/09/27,BAL,NYA,NYC21,1,6,9,day,76,fromcf,2,cloudy,none
NYA202509280,2025/09/28,BAL,NYA,NYC21,2,3,9,day,82,ltor,5,sunny,none
SEA202503270,2025/03/27,ATH,SEA,SEA03,2,4,9,night,55,unknown,0,dome,none
SEA202503280,2025/03/28,ATH,SEA,SEA03,7,0,9,night,52,tolf,6,dome,none
SEA202503290,2025/03/29,ATH,SEA,SEA03,4,2,9,night,56,torf,2,cloudy,none
SEA202503300,2025/03/30,ATH,SEA,SEA03,1,2,9,day,59,rtol,2,cloudy,none
SEA202503310,2025/03/31,DET,SEA,SEA03,9,6,9,night,47,unknown,0,dome,none
SEA202504010,2025/04/01,DET,SEA,SEA03,4,1,9,night,53,tolf,5,dome,none
SEA202504020,2025/04/02,DET,SEA,SEA03,2,3,9,day,50,unknown,0,dome,none
SEA202504070,2025/04/07,HOU,SEA,SEA03,3,4,9,night,52,unknown,0,dome,none
SEA202504080,2025/04/08,HOU,SEA,SEA03,2,1,12,night,50,tocf,12,dome,none
SEA202504090,2025/04/09,HOU,SEA,SEA03,6,7,9,day,52,tolf,1,cloudy,none
SEA202504110,2025/04/11,TEX,SEA,SEA03,3,5,9,night,52,fromlf,8,cloudy,none
SEA202504120,2025/04/12,TEX,SEA,SEA03,2,9,9,night,55,fromcf,9,cloudy,none
SEA202504130,2025/04/13,TEX,SEA,SEA03,1,3,9,day,54,ltor,3,sunny,none
SEA202504250,2025/04/25,MIA,SEA,SEA03,8,4,9,night,67,fromlf,12,cloudy,none
SEA202504260,2025/04/26,MIA,SEA,SEA03,0,14,9,night,63,unknown,3,sunny,none
SEA202504270,2025/04/27,MIA,SEA,SEA03,6,7,9,day,56,unknown,0,overcast,none
SEA202504290,2025/04/29,ANA,SEA,SEA03,3,5,9,night,54,fromcf,9,dome,none
SEA202504300,2025/04/30,ANA,SEA,SEA03,3,9,9,day,56,ltor,6,cloudy,none
SEA202505090,2025/05/09,TOR,SEA,SEA03,6,3,9,night,64,fromlf,9,cloudy,none
SEA202505100,2025/05/10,TOR,SEA,SEA03,6,3,9,night,64,tolf,6,cloudy,none
SEA202505110,2025/05/11,TOR,SEA,SEA03,9,1,9,day,58,unknown,0,cloudy,none
SEA202505120,2025/05/12,NYA,SEA,SEA03,11,5,9,night,62,tocf,8,cloudy,none
SEA202505130,2025/05/13,NYA,SEA,SEA03,1,2,11,night,62,tolf,6,cloudy,none
SEA202505140,2025/05/14,NYA,SEA,SEA03,3,2,9,day,54,unknown,0,dome,none
SEA202505270,2025/05/27,WAS,SEA,SEA03,1,9,9,night,69,ltor,11,sunny,none
SEA202505280,2025/05/28,WAS,SEA,SEA03,9,0,9,night,78,rtol,9,sunny,none
SEA202505290,2025/05/29,WAS,SEA,SEA03,9,3,10,night,63,rtol,9,sunny,none
SEA202505300,2025/05/30,MIN,SEA,SEA03,12,6,10,night,72,fromlf,9,cloudy,none
SEA202505310,2025/05/31,MIN,SEA,SEA03,4,5,11,day,57,unknown,0,dome,none
SEA202506010,2025/06/01,MIN,SEA,SEA03,1,2,9,day,63,ltor,7,cloudy,none
SEA202506030,2025/06/03,BAL,SEA,SEA03,5,1,9,night,73,tolf,5,sunny,none
SEA202506040,2025/06/04,BAL,SEA,SEA03,3,2,9,night,68,tocf,3,cloudy,none
SEA202506050,2025/06/05,BAL,SEA,SEA03,4,3,9,day,67,ltor,6,sunny,none
SEA202506130,2025/06/13,CLE,SEA,SEA03,2,7,9,night,62,tocf,5,cloudy,none
SEA202506140,2025/06/14,CLE,SEA,SEA03,3,4,9,night,67,ltor,7,cloudy,none
SEA202506150,2025/06/15,CLE,SEA,SEA03,0,6,9,day,65,ltor,4,cloudy,none
SEA202506160,2025/06/16,BOS,SEA,SEA03,2,0,9,night,69,ltor,5,sunny,none
SEA202506170,2025/06/17,BOS,SEA,SEA03,0,8,9,night,73,tocf,9,cloudy,none
SEA202506180,2025/06/18,BOS,SEA,SEA03,3,1,9,day,70,fromlf,5,cloudy,none
SEA202506300,2025/06/30,KCA,SEA,SEA03,2,6,9,night,82,ltor,10,sunny,none
SEA202507010,2025/07/01,KCA,SEA,SEA03,6,3,9,night,80,fromlf,9,sunny,none
SEA202507020,2025/07/02,KCA,SEA,SEA03,2,3,9,night,71,ltor,8,cloudy,none
SEA202507030,2025/07/03,KCA,SEA,SEA03,3,2,9,night,68,ltor,7,sunny,none
SEA202507040,2025/07/04,PIT,SEA,SEA03,0,6,9,day,71,torf,6,cloudy,none
SEA202507050,2025/07/05,PIT,SEA,SEA03,0,1,9,night,72,fromlf,9,sunny,none
SEA202507060,2025/07/06,PIT,SEA,SEA03,0,1,9,day,72,ltor,8,sunny,none
SEA202507180,2025/07/18,HOU,SEA,SEA03,1,6,9,night,71,tocf,6,cloudy,none
SEA202507190,2025/07/19,HOU,SEA,SEA03,6,7,11,night,69,fromlf,4,sunny,none
SEA202507200,2025/07/20,HOU,SEA,SEA03,11,3,9,day,67,ltor,4,cloudy,none
SEA202507210,2025/07/21,MIL,SEA,SEA03,6,0,9,night,78,tocf,7,cloudy,none
SEA202507220,2025/07/22,MIL,SEA,SEA03,0,1,9,night,77,ltor,5,sunny,none
SEA202507230,2025/07/23,MIL,SEA,SEA03,10,2,9,day,73,tocf,3,sunny,none
SEA202507310,2025/07/31,TEX,SEA,SEA03,0,6,9,night,77,unknown,1,cloudy,none
SEA202508010,2025/08/01,TEX,SEA,SEA03,3,4,9,night,75,unknown,0,cloudy,none
SEA202508020,2025/08/02,TEX,SEA,SEA03,6,4,11,day,67,fromlf,3,cloudy,none
SEA202508030,2025/08/03,TEX,SEA,SEA03,4,5,9,day,67,tocf,3,cloudy,none
SEA202508050,2025/08/05,CHA,SEA,SEA03,3,8,9,night,77,tolf,5,cloudy,none
SEA202508060,2025/08/06,CHA,SEA,SEA03,6,8,9,night,71,tolf,9,cloudy,none
SEA202508070,2025/08/07,CHA,SEA,SEA03,3,4,11,day,63,tocf,2,cloudy,none
SEA202508080,2025/08/08,TBA,SEA,SEA03,2,3,9,night,74,ltor,8,overcast,none
SEA202508090,2025/08/09,TBA,SEA,SEA03,4,7,9,night,77,ltor,8,sunny,none
SEA202508100,2025/08/10,TBA,SEA,SEA03,3,6,9,day,81,fromlf,9,sunny,none
SEA202508220,2025/08/22,ATH,SEA,SEA03,2,3,9,night,81,ltor,6,sunny,none
SEA202508230,2025/08/23,ATH,SEA,SEA03,2,1,10,night,84,ltor,7,cloudy,none
SEA202508240,2025/08/24,ATH,SEA,SEA03,4,11,9,day,79,ltor,6,sunny,none
SEA202508250,2025/08/25,SDN,SEA,SEA03,6,9,9,night,84,fromlf,5,sunny,none
SEA202508260,2025/08/26,SDN,SEA,SEA03,7,6,9,night,84,ltor,5,cloudy,none
SEA202508270,2025/08/27,SDN,SEA,SEA03,3,4,9,day,73,tolf,6,cloudy,none
SEA202509080,2025/09/08,SLN,SEA,SEA03,2,4,9,night,72,ltor,7,sunny,none
SEA202509090,2025/09/09,SLN,SEA,SEA03,3,5,9,night,71,fromlf,5,cloudy,none
SEA202509100,2025/09/10,SLN,SEA,SEA03,2,4,13,night,72,fromlf,5,sunny,none
SEA202509110,2025/09/11,ANA,SEA,SEA03,6,7,12,night,67,unknown,0,cloudy,none
SEA202509120,2025/09/12,ANA,SEA,SEA03,1,2,9,night,70,ltor,3,sunny,none
SEA202509130,2025/09/13,ANA,SEA,SEA03,3,5,9,night,74,tocf,8,sunny,none
SEA202509140,2025/09/14,ANA,SEA,SEA03,2,11,9,day,65,rtol,5,cloudy,none
SEA202509230,2025/09/23,COL,SEA,SEA03,3,4,9,night,69,ltor,6,sunny,none
SEA202509240,2025/09/24,COL,SEA,SEA03,2,9,9,night,68,ltor,5,sunny,none
SEA202509250,2025/09/25,COL,SEA,SEA03,2,6,9,night,60,fromcf,4,cloudy,none
SEA202509260,2025/09/26,LAN,SEA,SEA03,3,2,9,night,67,tocf,5,cloudy,none
SEA202509270,2025/09/27,LAN,SEA,SEA03,5,3,9,night,66,fromlf,4,sunny,none
SEA202509280,2025/09/28,LAN,SEA,SEA03,6,1,9,day,67,tolf,8,cloudy,none
TBA202503280,2025/03/28,COL,TBA,TAM02,2,3,9,day,84,rtol,14,cloudy,none
TBA202503290,2025/03/29,COL,TBA,TAM02,2,1,9,day,84,fromcf,7,cloudy,none
TBA202503300,2025/03/30,COL,TBA,TAM02,4,6,9,day,80,rtol,12,cloudy,none
TBA202503310,2025/03/31,PIT,TBA,TAM02,1,6,9,night,79,tocf,10,cloudy,none
TBA202504010,2025/04/01,PIT,TBA,TAM02,0,7,9,night,85,tocf,10,sunny,none
TBA202504020,2025/04/02,PIT,TBA,TAM02,4,2,9,day,89,rtol,13,sunny,none
TBA202504080,2025/04/08,ANA,TBA,TAM02,4,3,9,night,66,ltor,10,cloudy,none
TBA202504090,2025/04/09,ANA,TBA,TAM02,4,5,9,night,73,ltor,10,sunny,none
TBA202504100,2025/04/10,ANA,TBA,TAM02,11,1,9,day,75,ltor,5,cloudy,none
TBA202504110,2025/04/11,ATL,TBA,TAM02,3,6,9,night,73,tocf,12,sunny,none
TBA202504120,2025/04/12,ATL,TBA,TAM02,5,4,9,day,73,ltor,15,sunny,none
TBA202504130,2025/04/13,ATL,TBA,TAM02,3,8,9,day,75,unknown,0,sunny,none
TBA202504140,2025/04/14,BOS,TBA,TAM02,1,16,9,night,78,ltor,9,sunny,none
TBA202504150,2025/04/15,BOS,TBA,TAM02,7,4,9,night,75,ltor,12,sunny,none
TBA202504160,2025/04/16,BOS,TBA,TAM02,1,0,9,night,76,ltor,12,sunny,none
TBA202504170,2025/04/17,NYA,TBA,TAM02,6,3,9,night,84,ltor,7,sunny,none
TBA202504180,2025/04/18,NYA,TBA,TAM02,1,0,9,night,87,rtol,10,sunny,none
TBA202504190,2025/04/19,NYA,TBA,TAM02,8,10,10,day,89,rtol,15,sunny,none
TBA202504200,2025/04/20,NYA,TBA,TAM02,4,0,9,day,84,rtol,10,cloudy,none
TBA202504290,2025/04/29,KCA,TBA,TAM02,3,1,9,night,85,rtol,10,cloudy,none
TBA202504300,2025/04/30,KCA,TBA,TAM02,3,0,9,night,87,rtol,5,sunny,none
TBA202505010,2025/05/01,KCA,TBA,TAM02,8,2,9,day,82,rtol,3,cloudy,none
TBA202505060,2025/05/06,PHI,TBA,TAM02,8,4,9,night,85,fromcf,6,cloudy,none
TBA202505070,2025/05/07,PHI,TBA,TAM02,7,0,9,night,84,tocf,5,cloudy,none
TBA202505080,2025/05/08,PHI,TBA,TAM02,7,6,10,night,87,ltor,7,cloudy,none
TBA202505090,2025/05/09,MIL,TBA,TAM02,3,4,9,night,82,tocf,12,cloudy,none
TBA202505100,2025/05/10,MIL,TBA,TAM02,2,3,9,day,84,rtol,8,cloudy,none
TBA202505110,2025/05/11,MIL,TBA,TAM02,4,2,9,day,78,rtol,9,overcast,none
TBA202505190,2025/05/19,HOU,TBA,TAM02,4,3,9,night,87,ltor,13,cloudy,none
TBA202505200,2025/05/20,HOU,TBA,TAM02,2,3,9,night,87,unknown,7,sunny,none
TBA202505210,2025/05/21,HOU,TBA,TAM02,4,8,9,day,91,rtol,11,cloudy,none
TBA202505230,2025/05/23,TOR,TBA,TAM02,1,3,9,night,87,ltor,13,cloudy,none
TBA202505240,2025/05/24,TOR,TBA,TAM02,1,3,9,night,89,ltor,5,cloudy,none
TBA202505250,2025/05/25,TOR,TBA,TAM02,0,13,9,day,89,ltor,5,sunny,none
TBA202505260,2025/05/26,MIN,TBA,TAM02,2,7,9,night,89,tocf,12,sunny,none
TBA202505270,2025/05/27,MIN,TBA,TAM02,4,2,9,night,89,tocf,9,cloudy,none
TBA202505280,2025/05/28,MIN,TBA,TAM02,0,5,9,day,89,ltor,8,cloudy,none
TBA202506030,2025/06/03,TEX,TBA,TAM02,1,5,9,night,78,tocf,8,cloudy,none
TBA202506040,2025/06/04,TEX,TBA,TAM02,4,5,9,night,76,rtol,8,cloudy,none
TBA202506050,2025/06/05,TEX,TBA,TAM02,3,4,9,night,87,tocf,7,overcast,none
TBA202506060,2025/06/06,MIA,TBA,TAM02,3,4,9,day,87,tocf,8,cloudy,none
TBA202506070,2025/06/07,MIA,TBA,TAM02,11,10,10,day,89,tocf,10,cloudy,none
TBA202506080,2025/06/08,MIA,TBA,TAM02,2,3,9,day,89,tocf,8,cloudy,none
TBA202506160,2025/06/16,BAL,TBA,TAM02,1,7,9,night,89,ltor,7,cloudy,none
TBA202506170,2025/06/17,BAL,TBA,TAM02,5,1,9,night,87,tocf,10,cloudy,none
TBA202506180,2025/06/18,BAL,TBA,TAM02,8,12,9,night,87,tocf,6,cloudy,none
TBA202506190,2025/06/19,BAL,TBA,TAM02,4,1,9,night,82,rtol,5,cloudy,none
TBA202506200,2025/06/20,DET,TBA,TAM02,8,14,9,night,77,ltor,5,overcast,rain
TBA202506210,2025/06/21,DET,TBA,TAM02,3,8,9,day,87,rtol,5,cloudy,none
TBA202506220,2025/06/22,DET,TBA,TAM02,9,3,9,day,89,fromcf,5,sunny,none
TBA202506300,2025/06/30,ATH,TBA,TAM02,6,4,9,night,82,unknown,10,cloudy,none
TBA202507010,2025/07/01,ATH,TBA,TAM02,4,3,10,night,84,tocf,10,cloudy,none
TBA202507020,2025/07/02,ATH,TBA,TAM02,5,6,9,day,84,unknown,15,overcast,none
TBA202507180,2025/07/18,BAL,TBA,TAM02,1,11,9,night,91,ltor,5,cloudy,none
TBA202507190,2025/07/19,BAL,TBA,TAM02,3,4,9,night,91,ltor,5,cloudy,none
TBA202507200,2025/07/20,BAL,TBA,TAM02,5,3,9,day,93,torf,3,sunny,none
TBA202507210,2025/07/21,CHA,TBA,TAM02,8,3,9,night,89,ltor,5,cloudy,none
TBA202507220,2025/07/22,CHA,TBA,TAM02,3,4,9,night,87,rtol,5,cloudy,none
TBA202507230,2025/07/23,CHA,TBA,TAM02,11,9,9,night,80,rtol,6,cloudy,none
TBA202508010,2025/08/01,LAN,TBA,TAM02,5,0,9,night,89,ltor,4,cloudy,none
TBA202508020,2025/08/02,LAN,TBA,TAM02,0,4,9,day,91,tocf,7,cloudy,none
TBA202508030,2025/08/03,LAN,TBA,TAM02,3,0,9,day,91,tocf,10,cloudy,none
TBA202508190,2025/08/19,NYA,TBA,TAM02,13,3,9,night,86,fromlf,7,cloudy,none
TBA202508200,2025/08/20,NYA,TBA,TAM02,6,4,10,night,89,ltor,5,sunny,none
TBA202508210,2025/08/21,SLN,TBA,TAM02,7,4,9,night,89,ltor,8,cloudy,none
TBA202508220,2025/08/22,SLN,TBA,TAM02,6,10,9,night,85,ltor,3,cloudy,none
TBA202508240,2025/08/24,SLN,TBA,TAM02,2,7,9,day,86,tocf,8,overcast,none
TBA202509010,2025/09/01,SEA,TBA,TAM02,2,10,9,night,84,fromcf,12,cloudy,none
TBA202509020,2025/09/02,SEA,TBA,TAM02,5,6,9,night,87,ltor,6,cloudy,none
TBA202509030,2025/09/03,SEA,TBA,TAM02,4,9,9,night,85,ltor,3,cloudy,none
TBA202509040,2025/09/04,CLE,TBA,TAM02,2,4,9,night,84,tocf,6,cloudy,none
TBA202509050,2025/09/05,CLE,TBA,TAM02,7,1,9,night,87,rtol,7,cloudy,none
TBA202509060,2025/09/06,CLE,TBA,TAM02,3,2,9,night,87,ltor,8,cloudy,none
TBA202509070,2025/09/07,CLE,TBA,TAM02,2,1,9,day,85,rtol,6,cloudy,none
TBA202509150,2025/09/15,TOR,TBA,TAM02,2,1,11,night,85,ltor,8,sunny,none
TBA202509160,2025/09/16,TOR,TBA,TAM02,6,5,9,night,82,ltor,8,sunny,none
TBA202509170,2025/09/17,TOR,TBA,TAM02,1,2,9,night,75,rtol,6,overcast,none
TBA202509180,2025/09/18,TOR,TBA,TAM02,0,4,9,day,87,ltor,4,cloudy,none
TBA202509190,2025/09/19,BOS,TBA,TAM02,11,7,9,night,87,fromcf,5,sunny,none
TBA202509200,2025/09/20,BOS,TBA,TAM02,6,3,9,night,91,fromcf,8,sunny,none
TBA202509210,2025/09/21,BOS,TBA,TAM02,3,7,9,night,89,ltor,4,cloudy,none
TEX202503270,2025/03/27,BOS,TEX,ARL03,5,2,9,day,74,unknown,0,dome,none
TEX202503280,2025/03/28,BOS,TEX,ARL03,1,4,9,night,74,unknown,0,dome,none
TEX202503290,2025/03/29,BOS,TEX,ARL03,3,4,9,night,74,unknown,0,dome,none
TEX202503300,2025/03/30,BOS,TEX,ARL03,2,3,9,day,74,unknown,0,dome,none
TEX202504040,2025/04/04,TBA,TEX,ARL03,2,5,9,night,74,unknown,0,dome,none
TEX202504050,2025/04/05,TBA,TEX,ARL03,4,6,9,night,74,unknown,0,dome,none
TEX202504060,2025/04/06,TBA,TEX,ARL03,3,4,9,day,74,unknown,0,dome,none
TEX202504150,2025/04/15,ANA,TEX,ARL03,0,4,9,night,74,rtol,7,sunny,none
TEX202504160,2025/04/16,ANA,TEX,ARL03,1,3,9,night,74,unknown,0,dome,none
TEX202504170,2025/04/17,ANA,TEX,ARL03,3,5,9,night,74,unknown,0,dome,none
TEX202504180,2025/04/18,LAN,TEX,ARL03,3,0,9,night,74,unknown,0,dome,none
TEX202504190,2025/04/19,LAN,TEX,ARL03,3,4,9,day,74,unknown,0,dome,none
TEX202504200,2025/04/20,LAN,TEX,ARL03,1,0,9,day,74,unknown,0,dome,none
TEX202504280,2025/04/28,ATH,TEX,ARL03,2,1,9,night,74,unknown,0,dome,none
TEX202504290,2025/04/29,ATH,TEX,ARL03,2,15,9,night,74,unknown,0,dome,none
TEX202504300,2025/04/30,ATH,TEX,ARL03,7,1,9,night,74,unknown,0,dome,none
TEX202505010,2025/05/01,ATH,TEX,ARL03,3,0,9,day,74,unknown,0,dome,none
TEX202505020,2025/05/02,SEA,TEX,ARL03,13,1,9,night,74,unknown,0,dome,none
TEX202505030,2025/05/03,SEA,TEX,ARL03,2,1,9,night,73,fromlf,9,sunny,none
TEX202505040,2025/05/04,SEA,TEX,ARL03,1,8,9,day,74,unknown,9,sunny,none
TEX202505120,2025/05/12,COL,TEX,ARL03,1,2,9,night,82,tolf,4,sunny,none
TEX202505130,2025/05/13,COL,TEX,ARL03,1,4,9,night,74,unknown,0,dome,none
TEX202505140,2025/05/14,COL,TEX,ARL03,3,8,9,night,74,unknown,0,dome,none
TEX202505150,2025/05/15,HOU,TEX,ARL03,0,1,9,night,74,unknown,0,dome,none
TEX202505160,2025/05/16,HOU,TEX,ARL03,6,3,9,night,74,unknown,0,dome,none
TEX202505170,2025/05/17,HOU,TEX,ARL03,1,5,9,night,74,unknown,0,dome,none
TEX202505180,2025/05/18,HOU,TEX,ARL03,4,3,9,day,74,unknown,0,dome,none
TEX202505260,2025/05/26,TOR,TEX,ARL03,2,1,9,day,74,unknown,0,dome,none
TEX202505270,2025/05/27,TOR,TEX,ARL03,0,2,9,night,74,unknown,0,dome,none
TEX202505280,2025/05/28,TOR,TEX,ARL03,2,0,9,night,74,unknown,0,dome,none
TEX202505300,2025/05/30,SLN,TEX,ARL03,1,11,9,night,81,fromcf,7,sunny,none
TEX202505310,2025/05/31,SLN,TEX,ARL03,2,0,9,day,86,torf,3,sunny,none
TEX202506010,2025/06/01,SLN,TEX,ARL03,1,8,9,day,74,unknown,0,dome,none
TEX202506130,2025/06/13,CHA,TEX,ARL03,1,3,9,night,74,unknown,0,dome,none
TEX202506140,2025/06/14,CHA,TEX,ARL03,4,5,11,day,74,unknown,0,dome,none
TEX202506150,2025/06/15,CHA,TEX,ARL03,1,2,9,day,74,unknown,0,dome,none
TEX202506170,2025/06/17,KCA,TEX,ARL03,6,1,9,night,74,unknown,0,dome,none
TEX202506180,2025/06/18,KCA,TEX,ARL03,6,3,9,night,74,unknown,0,dome,none
TEX202506190,2025/06/19,KCA,TEX,ARL03,4,1,9,day,74,unknown,0,dome,none
TEX202506270,2025/06/27,SEA,TEX,ARL03,7,6,12,night,74,unknown,0,dome,none
TEX202506280,2025/06/28,SEA,TEX,ARL03,2,3,10,day,74,unknown,0,dome,none
TEX202506290,2025/06/29,SEA,TEX,ARL03,6,4,12,day,74,unknown,0,dome,none
TEX202506300,2025/06/30,BAL,TEX,ARL03,10,6,11,night,74,unknown,0,dome,none
TEX202507010,2025/07/01,BAL,TEX,ARL03,2,10,9,night,74,unknown,0,dome,none
TEX202507020,2025/07/02,BAL,TEX,ARL03,0,6,9,night,74,unknown,0,dome,none
TEX202507180,2025/07/18,DET,TEX,ARL03,0,2,9,night,74,unknown,0,dome,none
TEX202507190,2025/07/19,DET,TEX,ARL03,1,4,9,night,74,unknown,0,dome,none
TEX202507200,2025/07/20,DET,TEX,ARL03,2,1,9,night,74,unknown,0,dome,none
TEX202507210,2025/07/21,ATH,TEX,ARL03,2,7,9,night,74,unknown,0,dome,none
TEX202507220,2025/07/22,ATH,TEX,ARL03,2,6,9,night,74,unknown,0,dome,none
TEX202507230,2025/07/23,ATH,TEX,ARL03,1,2,9,night,74,unknown,0,dome,none
TEX202507250,2025/07/25,ATL,TEX,ARL03,3,8,9,night,74,unknown,0,dome,none
TEX202507260,2025/07/26,ATL,TEX,ARL03,5,6,10,night,74,unknown,0,dome,none
TEX202507270,2025/07/27,ATL,TEX,ARL03,1,8,9,day,74,unknown,0,dome,none
TEX202508040,2025/08/04,NYA,TEX,ARL03,5,8,10,night,74,unknown,0,dome,none
TEX202508050,2025/08/05,NYA,TEX,ARL03,0,2,9,night,74,unknown,0,dome,none
TEX202508060,2025/08/06,NYA,TEX,ARL03,3,2,9,day,74,unknown,0,dome,none
TEX202508080,2025/08/08,PHI,TEX,ARL03,9,1,9,night,74,unknown,0,dome,none
TEX202508090,2025/08/09,PHI,TEX,ARL03,3,2,9,night,74,unknown,0,dome,none
TEX202508100,2025/08/10,PHI,TEX,ARL03,4,2,9,day,74,unknown,0,dome,none
TEX202508110,2025/08/11,ARI,TEX,ARL03,6,7,10,night,74,unknown,0,dome,none
TEX202508120,2025/08/12,ARI,TEX,ARL03,3,2,9,night,74,unknown,0,dome,none
TEX202508130,2025/08/13,ARI,TEX,ARL03,6,4,9,day,74,unknown,0,dome,none
TEX202508220,2025/08/22,CLE,TEX,ARL03,3,4,9,night,74,unknown,0,dome,none
TEX202508230,2025/08/23,CLE,TEX,ARL03,0,10,9,night,74,unknown,0,dome,none
TEX202508240,2025/08/24,CLE,TEX,ARL03,0,5,9,day,74,unknown,0,dome,none
TEX202508250,2025/08/25,ANA,TEX,ARL03,4,0,9,night,74,unknown,0,dome,none
TEX202508260,2025/08/26,ANA,TEX,ARL03,3,7,9,night,74,unknown,0,dome,none
TEX202508270,2025/08/27,ANA,TEX,ARL03,3,20,9,night,74,unknown,0,dome,none
TEX202509050,2025/09/05,HOU,TEX,ARL03,3,4,12,night,74,unknown,0,dome,none
TEX202509060,2025/09/06,HOU,TEX,ARL03,11,0,9,night,74,unknown,0,dome,none
TEX202509070,2025/09/07,HOU,TEX,ARL03,2,4,9,day,74,unknown,0,dome,none
TEX202509080,2025/09/08,MIL,TEX,ARL03,0,5,9,night,81,rtol,7,sunny,none
TEX202509090,2025/09/09,MIL,TEX,ARL03,4,5,9,night,85,rtol,9,sunny,none
TEX202509100,2025/09/10,MIL,TEX,ARL03,3,6,9,day,74,unknown,0,dome,none
TEX202509190,2025/09/19,MIA,TEX,ARL03,6,4,12,night,74,unknown,0,dome,none
TEX202509200,2025/09/20,MIA,TEX,ARL03,4,3,9,night,74,unknown,0,dome,none
TEX202509210,2025/09/21,MIA,TEX,ARL03,4,2,9,day,74,unknown,0,dome,none
TEX202509230,2025/09/23,MIN,TEX,ARL03,4,1,9,night,74,unknown,0,dome,none
TEX202509240,2025/09/24,MIN,TEX,ARL03,2,4,9,night,74,unknown,0,dome,none
TEX202509250,2025/09/25,MIN,TEX,ARL03,4,0,9,day,84,fromlf,11,cloudy,none
TOR202503270,2025/03/27,BAL,TOR,TOR02,12,2,9,day,68,unknown,0,dome,none
TOR202503280,2025/03/28,BAL,TOR,TOR02,2,8,9,night,72,unknown,0,dome,none
TOR202503290,2025/03/29,BAL,TOR,TOR02,9,5,9,day,68,unknown,0,dome,none
TOR202503300,2025/03/30,BAL,TOR,TOR02,1,3,9,day,68,unknown,0,dome,none
TOR202503310,2025/03/31,WAS,TOR,TOR02,2,5,9,night,68,unknown,0,dome,none
TOR202504010,2025/04/01,WAS,TOR,TOR02,3,5,9,night,68,unknown,0,dome,none
TOR202504020,2025/04/02,WAS,TOR,TOR02,2,4,9,day,68,unknown,0,dome,none
TOR202504140,2025/04/14,ATL,TOR,TOR02,8,4,9,night,68,unknown,0,dome,none
TOR202504150,2025/04/15,ATL,TOR,TOR02,3,6,9,night,68,unknown,0,dome,none
TOR202504160,2025/04/16,ATL,TOR,TOR02,1,3,9,day,68,unknown,0,dome,none
TOR202504180,2025/04/18,SEA,TOR,TOR02,1,3,9,night,68,unknown,0,dome,none
TOR202504190,2025/04/19,SEA,TOR,TOR02,8,4,12,day,68,unknown,0,dome,none
TOR202504200,2025/04/20,SEA,TOR,TOR02,8,3,9,day,68,unknown,0,dome,none
TOR202504290,2025/04/29,BOS,TOR,TOR02,10,2,9,night,68,unknown,0,dome,none
TOR202504300,2025/04/30,BOS,TOR,TOR02,6,7,10,night,68,unknown,0,dome,none
TOR202505010,2025/05/01,BOS,TOR,TOR02,2,4,9,night,68,unknown,0,dome,none
TOR202505020,2025/05/02,CLE,TOR,TOR02,3,5,9,night,68,unknown,0,dome,none
TOR202505030,2025/05/03,CLE,TOR,TOR02,5,3,9,day,68,unknown,0,dome,none
TOR202505040,2025/05/04,CLE,TOR,TOR02,5,4,9,day,68,unknown,0,dome,none
TOR202505130,2025/05/13,TBA,TOR,TOR02,11,9,9,night,68,unknown,0,dome,none
TOR202505140,2025/05/14,TBA,TOR,TOR02,1,3,9,night,68,unknown,0,dome,none
TOR202505150,2025/05/15,TBA,TOR,TOR02,8,3,9,day,60,rtol,9,sunny,none
TOR202505160,2025/05/16,DET,TOR,TOR02,5,4,9,night,65,fromlf,3,sunny,none
TOR202505170,2025/05/17,DET,TOR,TOR02,1,2,9,day,68,unknown,0,dome,none
TOR202505180,2025/05/18,DET,TOR,TOR02,3,2,9,day,68,unknown,0,dome,none
TOR202505200,2025/05/20,SDN,TOR,TOR02,0,3,9,night,68,unknown,0,dome,none
TOR202505210,2025/05/21,SDN,TOR,TOR02,0,14,9,night,68,unknown,0,dome,none
TOR202505220,2025/05/22,SDN,TOR,TOR02,6,7,11,day,68,unknown,0,dome,none
TOR202505290,2025/05/29,ATH,TOR,TOR02,0,12,9,night,68,unknown,0,dome,none
TOR202505300,2025/05/30,ATH,TOR,TOR02,7,11,9,night,64,torf,5,cloudy,none
TOR202505310,2025/05/31,ATH,TOR,TOR02,7,8,9,day,68,unknown,0,dome,none
TOR202506010,2025/06/01,ATH,TOR,TOR02,4,8,9,day,68,unknown,0,dome,none
TOR202506030,2025/06/03,PHI,TOR,TOR02,8,3,9,night,69,tocf,9,sunny,none
TOR202506040,2025/06/04,PHI,TOR,TOR02,1,2,9,night,68,unknown,0,dome,none
TOR202506050,2025/06/05,PHI,TOR,TOR02,1,9,9,day,68,unknown,0,dome,none
TOR202506170,2025/06/17,ARI,TOR,TOR02,4,5,9,night,69,tolf,8,sunny,none
TOR202506180,2025/06/18,ARI,TOR,TOR02,1,8,9,night,68,unknown,0,dome,none
TOR202506190,2025/06/19,ARI,TOR,TOR02,9,5,9,day,74,ltor,20,cloudy,none
TOR202506200,2025/06/20,CHA,TOR,TOR02,7,1,9,night,69,torf,17,cloudy,none
TOR202506210,2025/06/21,CHA,TOR,TOR02,1,7,9,day,68,unknown,0,dome,none
TOR202506220,2025/06/22,CHA,TOR,TOR02,4,2,9,day,68,unknown,0,dome,none
TOR202506300,2025/06/30,NYA,TOR,TOR02,4,5,9,night,68,unknown,0,dome,none
TOR202507010,2025/07/01,NYA,TOR,TOR02,5,12,9,day,77,torf,9,sunny,none
TOR202507020,2025/07/02,NYA,TOR,TOR02,9,11,9,night,74,torf,11,cloudy,none
TOR202507030,2025/07/03,NYA,TOR,TOR02,5,8,9,night,74,torf,14,sunny,none
TOR202507040,2025/07/04,ANA,TOR,TOR02,3,4,10,night,75,tolf,6,sunny,none
TOR202507050,2025/07/05,ANA,TOR,TOR02,3,4,11,day,75,rtol,11,sunny,none
TOR202507060,2025/07/06,ANA,TOR,TOR02,2,3,9,day,68,unknown,0,dome,none
TOR202507180,2025/07/18,SFN,TOR,TOR02,0,4,9,night,72,rtol,6,sunny,none
TOR202507190,2025/07/19,SFN,TOR,TOR02,3,6,9,day,74,tocf,5,sunny,none
TOR202507200,2025/07/20,SFN,TOR,TOR02,6,8,9,day,74,fromcf,9,cloudy,none
TOR202507210,2025/07/21,NYA,TOR,TOR02,1,4,9,night,70,tolf,8,sunny,none
TOR202507220,2025/07/22,NYA,TOR,TOR02,5,4,9,night,73,rtol,7,sunny,none
TOR202507230,2025/07/23,NYA,TOR,TOR02,4,8,9,night,74,ltor,9,sunny,none
TOR202508010,2025/08/01,KCA,TOR,TOR02,9,3,9,night,72,tocf,6,sunny,none
TOR202508020,2025/08/02,KCA,TOR,TOR02,2,4,9,day,75,tocf,11,sunny,none
TOR202508030,2025/08/03,KCA,TOR,TOR02,7,4,10,day,77,tocf,9,sunny,none
TOR202508120,2025/08/12,CHN,TOR,TOR02,1,5,9,night,68,unknown,0,dome,none
TOR202508130,2025/08/13,CHN,TOR,TOR02,4,1,9,night,68,unknown,0,dome,none
TOR202508140,2025/08/14,CHN,TOR,TOR02,1,2,9,day,74,ltor,11,sunny,none
TOR202508150,2025/08/15,TEX,TOR,TOR02,5,6,9,night,78,rtol,11,sunny,none
TOR202508160,2025/08/16,TEX,TOR,TOR02,2,14,9,day,83,tocf,6,sunny,none
TOR202508170,2025/08/17,TEX,TOR,TOR02,10,4,9,day,68,unknown,0,dome,none
TOR202508250,2025/08/25,MIN,TOR,TOR02,4,10,9,night,68,ltor,21,sunny,none
TOR202508260,2025/08/26,MIN,TOR,TOR02,7,5,9,night,68,unknown,0,dome,none
TOR202508270,2025/08/27,MIN,TOR,TOR02,8,9,9,night,70,rtol,10,cloudy,none
TOR202508290,2025/08/29,MIL,TOR,TOR02,7,2,9,night,63,tolf,8,sunny,none
TOR202508300,2025/08/30,MIL,TOR,TOR02,4,1,9,day,70,rtol,11,cloudy,none
TOR202508310,2025/08/31,MIL,TOR,TOR02,4,8,9,day,68,tolf,8,sunny,none
TOR202509090,2025/09/09,HOU,TOR,TOR02,3,4,10,night,62,rtol,11,sunny,none
TOR202509100,2025/09/10,HOU,TOR,TOR02,3,2,9,night,69,tolf,5,sunny,none
TOR202509110,2025/09/11,HOU,TOR,TOR02,0,6,9,day,72,tocf,8,sunny,none
TOR202509120,2025/09/12,BAL,TOR,TOR02,1,6,9,night,66,tolf,2,cloudy,none
TOR202509130,2025/09/13,BAL,TOR,TOR02,4,5,9,day,67,ltor,2,cloudy,none
TOR202509140,2025/09/14,BAL,TOR,TOR02,2,11,9,day,72,tocf,5,cloudy,none
TOR202509230,2025/09/23,BOS,TOR,TOR02,4,1,9,night,68,unknown,0,dome,none
TOR202509240,2025/09/24,BOS,TOR,TOR02,7,1,9,night,68,unknown,0,dome,none
TOR202509250,2025/09/25,BOS,TOR,TOR02,1,6,9,night,68,torf,5,cloudy,none
TOR202509260,2025/09/26,TBA,TOR,TOR02,2,4,9,night,70,torf,8,sunny,none
TOR202509270,2025/09/27,TBA,TOR,TOR02,1,5,9,day,73,tocf,6,cloudy,none
TOR202509280,2025/09/28,TBA,TOR,TOR02,4,13,9,day,74,fromlf,11,sunny,none
ARI202503270,2025/03/27,CHN,ARI,PHO01,10,6,9,night,87,ltor,6,sunny,none
ARI202503280,2025/03/28,CHN,ARI,PHO01,1,8,9,night,80,ltor,7,cloudy,none
ARI202503290,2025/03/29,CHN,ARI,PHO01,4,3,9,night,79,fromcf,2,sunny,none
ARI202503300,2025/03/30,CHN,ARI,PHO01,6,10,9,day,79,unknown,6,sunny,none
ARI202504070,2025/04/07,BAL,ARI,PHO01,5,1,9,night,82,ltor,2,cloudy,none
ARI202504080,2025/04/08,BAL,ARI,PHO01,3,4,9,night,85,ltor,6,sunny,none
ARI202504090,2025/04/09,BAL,ARI,PHO01,0,9,9,day,78,unknown,0,dome,none
ARI202504110,2025/04/11,MIL,ARI,PHO01,7,0,9,night,76,unknown,0,dome,none
ARI202504120,2025/04/12,MIL,ARI,PHO01,4,5,9,night,76,unknown,0,dome,none
ARI202504130,2025/04/13,MIL,ARI,PHO01,2,5,9,day,76,unknown,0,dome,none
ARI202504220,2025/04/22,TBA,ARI,PHO01,1,5,9,night,88,ltor,3,sunny,none
ARI202504230,2025/04/23,TBA,ARI,PHO01,7,6,11,night,87,ltor,4,sunny,none
ARI202504240,2025/04/24,TBA,ARI,PHO01,7,4,10,night,85,unknown,3,sunny,none
ARI202504250,2025/04/25,ATL,ARI,PHO01,8,2,9,night,88,ltor,2,sunny,none
ARI202504260,2025/04/26,ATL,ARI,PHO01,8,7,10,night,83,ltor,2,sunny,none
ARI202504270,2025/04/27,ATL,ARI,PHO01,4,6,9,day,76,unknown,0,dome,none
ARI202505050,2025/05/05,NYN,ARI,PHO01,5,4,9,night,76,unknown,0,dome,none
ARI202505060,2025/05/06,NYN,ARI,PHO01,1,5,9,night,74,torf,2,sunny,none
ARI202505070,2025/05/07,NYN,ARI,PHO01,7,1,9,day,78,unknown,0,dome,none
ARI202505080,2025/05/08,LAN,ARI,PHO01,3,5,9,night,92,torf,5,sunny,none
ARI202505090,2025/05/09,LAN,ARI,PHO01,14,11,9,night,94,unknown,4,sunny,none
ARI202505100,2025/05/10,LAN,ARI,PHO01,0,3,9,night,76,unknown,0,dome,none
ARI202505110,2025/05/11,LAN,ARI,PHO01,8,1,9,day,76,unknown,0,dome,none
ARI202505160,2025/05/16,COL,ARI,PHO01,0,8,9,night,87,unknown,6,sunny,none
ARI202505170,2025/05/17,COL,ARI,PHO01,14,12,9,night,89,unknown,13,cloudy,none
ARI202505180,2025/05/18,COL,ARI,PHO01,0,1,9,day,78,unknown,0,dome,none
ARI202505260,2025/05/26,PIT,ARI,PHO01,0,5,9,night,76,unknown,0,dome,none
ARI202505270,2025/05/27,PIT,ARI,PHO01,9,6,9,night,76,unknown,0,dome,none
ARI202505280,2025/05/28,PIT,ARI,PHO01,10,1,9,day,76,unknown,0,dome,none
ARI202505300,2025/05/30,WAS,ARI,PHO01,9,7,9,night,76,unknown,0,dome,none
ARI202505310,2025/05/31,WAS,ARI,PHO01,11,7,9,night,76,unknown,0,dome,none
ARI202506010,2025/06/01,WAS,ARI,PHO01,1,3,9,day,76,unknown,0,dome,none
ARI202506090,2025/06/09,SEA,ARI,PHO01,4,8,11,night,78,unknown,0,dome,none
ARI202506100,2025/06/10,SEA,ARI,PHO01,3,10,9,night,78,unknown,0,dome,none
ARI202506110,2025/06/11,SEA,ARI,PHO01,2,5,9,day,78,unknown,0,dome,none
ARI202506130,2025/06/13,SDN,ARI,PHO01,1,5,9,night,78,unknown,0,dome,none
ARI202506140,2025/06/14,SDN,ARI,PHO01,7,8,9,day,78,unknown,0,dome,none
ARI202506150,2025/06/15,SDN,ARI,PHO01,8,2,9,day,78,unknown,0,dome,none
ARI202506270,2025/06/27,MIA,ARI,PHO01,9,8,9,night,76,unknown,0,dome,none
ARI202506280,2025/06/28,MIA,ARI,PHO01,8,7,10,day,76,unknown,0,dome,none
ARI202506290,2025/06/29,MIA,ARI,PHO01,6,4,9,day,76,unknown,0,dome,none
ARI202506300,2025/06/30,SFN,ARI,PHO01,2,4,9,night,78,unknown,0,dome,none
ARI202507010,2025/07/01,SFN,ARI,PHO01,2,8,9,night,76,unknown,0,dome,none
ARI202507020,2025/07/02,SFN,ARI,PHO01,6,5,10,night,78,unknown,0,dome,none
ARI202507030,2025/07/03,SFN,ARI,PHO01,7,2,9,night,78,unknown,0,dome,none
ARI202507040,2025/07/04,KCA,ARI,PHO01,9,3,9,night,76,unknown,0,dome,none
ARI202507050,2025/07/05,KCA,ARI,PHO01,1,7,9,day,78,unknown,0,dome,none
ARI202507060,2025/07/06,KCA,ARI,PHO01,4,0,9,day,76,unknown,0,dome,none
ARI202507180,2025/07/18,SLN,ARI,PHO01,3,7,9,night,76,unknown,0,dome,none
ARI202507190,2025/07/19,SLN,ARI,PHO01,1,10,9,day,78,unknown,0,dome,none
ARI202507200,2025/07/20,SLN,ARI,PHO01,3,5,9,day,78,unknown,0,dome,none
ARI202507210,2025/07/21,HOU,ARI,PHO01,6,3,9,night,76,unknown,0,dome,none
ARI202507220,2025/07/22,HOU,ARI,PHO01,3,1,9,night,76,unknown,0,dome,none
ARI202507230,2025/07/23,HOU,ARI,PHO01,4,3,9,day,76,unknown,0,dome,none
ARI202508040,2025/08/04,SDN,ARI,PHO01,2,6,9,night,78,unknown,0,dome,none
ARI202508050,2025/08/05,SDN,ARI,PHO01,10,5,11,night,76,unknown,0,dome,none
ARI202508060,2025/08/06,SDN,ARI,PHO01,3,2,9,night,78,unknown,0,dome,none
ARI202508080,2025/08/08,COL,ARI,PHO01,1,6,9,night,76,unknown,0,dome,none
ARI202508090,2025/08/09,COL,ARI,PHO01,5,6,9,night,76,unknown,0,dome,none
ARI202508100,2025/08/10,COL,ARI,PHO01,6,13,9,day,76,unknown,0,dome,none
ARI202508180,2025/08/18,CLE,ARI,PHO01,3,1,9,night,78,unknown,0,dome,none
ARI202508190,2025/08/19,CLE,ARI,PHO01,5,6,9,night,78,unknown,0,dome,none
ARI202508200,2025/08/20,CLE,ARI,PHO01,2,3,10,day,76,unknown,0,dome,none
ARI202508220,2025/08/22,CIN,ARI,PHO01,5,6,11,night,76,unknown,0,dome,none
ARI202508230,2025/08/23,CIN,ARI,PHO01,1,10,9,night,78,unknown,0,dome,none
ARI202508240,2025/08/24,CIN,ARI,PHO01,6,1,9,day,76,unknown,0,dome,none
ARI202509010,2025/09/01,TEX,ARI,PHO01,7,5,10,night,78,unknown,0,dome,none
ARI202509020,2025/09/02,TEX,ARI,PHO01,3,5,9,night,76,unknown,0,dome,none
ARI202509030,2025/09/03,TEX,ARI,PHO01,0,2,9,day,78,unknown,0,dome,none
ARI202509050,2025/09/05,BOS,ARI,PHO01,5,10,9,night,76,unknown,0,dome,none
ARI202509060,2025/09/06,BOS,ARI,PHO01,1,5,9,night,76,unknown,0,dome,none
ARI202509070,2025/09/07,BOS,ARI,PHO01,7,4,9,day,76,unknown,0,dome,none
ARI202509150,2025/09/15,SFN,ARI,PHO01,1,8,9,night,78,unknown,0,dome,none
ARI202509160,2025/09/16,SFN,ARI,PHO01,5,6,9,night,78,unknown,0,dome,none
ARI202509170,2025/09/17,SFN,ARI,PHO01,5,1,11,day,76,unknown,0,dome,none
ARI202509190,2025/09/19,PHI,ARI,PHO01,8,2,9,night,76,unknown,0,dome,none
ARI202509200,2025/09/20,PHI,ARI,PHO01,3,4,9,night,76,unknown,0,dome,none
ARI202509210,2025/09/21,PHI,ARI,PHO01,2,9,9,day,76,unknown,0,dome,none
ARI202509230,2025/09/23,LAN,ARI,PHO01,4,5,9,night,78,unknown,0,dome,none
ARI202509240,2025/09/24,LAN,ARI,PHO01,5,4,11,night,78,unknown,0,dome,none
ARI202509250,2025/09/25,LAN,ARI,PHO01,8,0,9,day,76,unknown,0,dome,none
ATL202504040,2025/04/04,MIA,ATL,ATL03,0,10,9,night,86,ltor,8,cloudy,none
ATL202504050,2025/04/05,MIA,ATL,ATL03,4,0,9,night,86,torf,8,cloudy,none
ATL202504080,2025/04/08,PHI,ATL,ATL03,5,7,9,night,60,rtol,11,sunny,none
ATL202504090,2025/04/09,PHI,ATL,ATL03,4,3,9,night,67,fromlf,6,sunny,none
ATL202504100,2025/04/10,PHI,ATL,ATL03,2,4,11,night,74,rtol,12,overcast,none
ATL202504180,2025/04/18,MIN,ATL,ATL03,4,6,9,night,83,torf,9,sunny,none
ATL202504190,2025/04/19,MIN,ATL,ATL03,3,4,9,night,83,fromrf,6,cloudy,none
ATL202504200,2025/04/20,MIN,ATL,ATL03,2,6,9,day,80,ltor,6,cloudy,none
ATL202504210,2025/04/21,SLN,ATL,ATL03,6,7,9,night,79,ltor,9,cloudy,none
ATL202504220,2025/04/22,SLN,ATL,ATL03,10,4,9,night,70,torf,5,cloudy,none
ATL202504230,2025/04/23,SLN,ATL,ATL03,1,4,9,day,76,ltor,6,cloudy,none
ATL202505020,2025/05/02,LAN,ATL,ATL03,2,1,9,night,79,torf,10,cloudy,none
ATL202505030,2025/05/03,LAN,ATL,ATL03,10,3,9,night,59,ltor,10,overcast,none
ATL202505040,2025/05/04,LAN,ATL,ATL03,3,4,9,night,66,rtol,14,cloudy,none
ATL202505050,2025/05/05,CIN,ATL,ATL03,0,4,9,night,68,rtol,7,cloudy,none
ATL202505060,2025/05/06,CIN,ATL,ATL03,1,2,10,night,77,rtol,6,cloudy,none
ATL202505070,2025/05/07,CIN,ATL,ATL03,4,3,9,night,68,ltor,6,cloudy,none
ATL202505080,2025/05/08,CIN,ATL,ATL03,4,5,11,night,83,rtol,7,sunny,none
ATL202505120,2025/05/12,WAS,ATL,ATL03,3,4,9,night,76,ltor,7,cloudy,none
ATL202505130,2025/05/13,WAS,ATL,ATL03,2,5,9,night,72,rtol,8,cloudy,none
ATL202505140,2025/05/14,WAS,ATL,ATL03,5,4,9,night,81,tolf,4,cloudy,none
ATL202505150,2025/05/15,WAS,ATL,ATL03,2,5,9,day,75,fromrf,7,cloudy,none
ATL202505230,2025/05/23,SDN,ATL,ATL03,2,1,9,night,75,tolf,11,sunny,none
ATL202505240,2025/05/24,SDN,ATL,ATL03,1,7,9,day,74,tocf,7,cloudy,none
ATL202505250,2025/05/25,SDN,ATL,ATL03,5,3,9,day,74,torf,5,cloudy,none
ATL202505300,2025/05/30,BOS,ATL,ATL03,5,1,9,night,75,tolf,12,cloudy,none
ATL202505310,2025/05/31,BOS,ATL,ATL03,0,5,9,day,77,tolf,14,sunny,none
ATL202506010,2025/06/01,BOS,ATL,ATL03,3,1,9,day,77,tolf,7,cloudy,none
ATL202506030,2025/06/03,ARI,ATL,ATL03,8,3,9,night,84,fromcf,10,sunny,none
ATL202506040,2025/06/04,ARI,ATL,ATL03,2,1,9,night,70,ltor,9,overcast,rain
ATL202506050,2025/06/05,ARI,ATL,ATL03,11,10,9,day,74,ltor,3,cloudy,none
ATL202506130,2025/06/13,COL,ATL,ATL03,4,12,9,night,84,fromrf,7,cloudy,none
ATL202506140,2025/06/14,COL,ATL,ATL03,1,4,9,day,86,torf,8,overcast,none
ATL202506150,2025/06/15,COL,ATL,ATL03,10,1,9,day,81,fromrf,6,cloudy,none
ATL202506170,2025/06/17,NYN,ATL,ATL03,4,5,10,night,72,ltor,9,cloudy,none
ATL202506180,2025/06/18,NYN,ATL,ATL03,0,5,9,night,77,fromrf,7,cloudy,none
ATL202506190,2025/06/19,NYN,ATL,ATL03,1,7,9,night,82,tolf,11,cloudy,none
ATL202506270,2025/06/27,PHI,ATL,ATL03,13,0,9,night,71,tolf,9,overcast,rain
ATL202506280,2025/06/28,PHI,ATL,ATL03,1,6,9,night,88,ltor,8,cloudy,none
ATL202506290,2025/06/29,PHI,ATL,ATL03,2,1,9,day,87,tolf,5,sunny,none
ATL202507010,2025/07/01,ANA,ATL,ATL03,4,0,9,night,78,ltor,8,cloudy,none
ATL202507020,2025/07/02,ANA,ATL,ATL03,3,8,9,night,89,tolf,9,sunny,none
ATL202507030,2025/07/03,ANA,ATL,ATL03,5,1,9,night,88,tocf,6,cloudy,none
ATL202507040,2025/07/04,BAL,ATL,ATL03,3,2,9,night,90,ltor,8,cloudy,none
ATL202507050,2025/07/05,BAL,ATL,ATL03,9,6,10,day,91,torf,9,sunny,none
ATL202507060,2025/07/06,BAL,ATL,ATL03,2,1,9,day,86,ltor,4,sunny,none
ATL202507180,2025/07/18,NYA,ATL,ATL03,3,7,9,night,79,fromrf,5,cloudy,none
ATL202507190,2025/07/19,NYA,ATL,ATL03,12,9,9,night,91,tolf,11,cloudy,none
ATL202507200,2025/07/20,NYA,ATL,ATL03,4,2,9,day,90,rtol,9,cloudy,none
ATL202507210,2025/07/21,SFN,ATL,ATL03,5,9,9,night,83,tolf,8,cloudy,none
ATL202507220,2025/07/22,SFN,ATL,ATL03,9,0,9,night,94,tocf,6,cloudy,none
ATL202507230,2025/07/23,SFN,ATL,ATL03,9,3,9,day,79,fromlf,9,cloudy,none
ATL202508040,2025/08/04,MIL,ATL,ATL03,3,1,9,night,66,ltor,10,overcast,none
ATL202508050,2025/08/05,MIL,ATL,ATL03,7,2,9,night,68,ltor,6,overcast,none
ATL202508060,2025/08/06,MIL,ATL,ATL03,5,4,9,night,80,ltor,6,sunny,none
ATL202508070,2025/08/07,MIA,ATL,ATL03,6,8,9,night,79,ltor,4,cloudy,none
ATL202508080,2025/08/08,MIA,ATL,ATL03,5,1,9,night,79,ltor,8,cloudy,none
ATL202508091,2025/08/09,MIA,ATL,ATL03,1,7,9,day,77,ltor,10,cloudy,none
ATL202508092,2025/08/09,MIA,ATL,ATL03,6,8,9,night,80,ltor,8,cloudy,none
ATL202508100,2025/08/10,MIA,ATL,ATL03,1,7,9,day,77,torf,7,cloudy,none
ATL202508180,2025/08/18,CHA,ATL,ATL03,13,9,9,night,83,rtol,4,cloudy,none
ATL202508190,2025/08/19,CHA,ATL,ATL03,10,11,9,night,74,unknown,3,cloudy,none
ATL202508200,2025/08/20,CHA,ATL,ATL03,0,1,9,night,89,unknown,1,cloudy,none
ATL202508220,2025/08/22,NYN,ATL,ATL03,12,7,9,night,80,fromlf,7,cloudy,none
ATL202508230,2025/08/23,NYN,ATL,ATL03,9,2,9,night,72,ltor,8,cloudy,none
ATL202508240,2025/08/24,NYN,ATL,ATL03,3,4,9,day,80,rtol,4,cloudy,none
ATL202509050,2025/09/05,SEA,ATL,ATL03,1,4,9,night,88,fromrf,9,cloudy,none
ATL202509060,2025/09/06,SEA,ATL,ATL03,10,2,9,night,76,tocf,6,cloudy,none
ATL202509070,2025/09/07,SEA,ATL,ATL03,18,2,9,day,72,tocf,8,cloudy,none
ATL202509080,2025/09/08,CHN,ATL,ATL03,1,4,9,night,76,ltor,9,cloudy,none
ATL202509090,2025/09/09,CHN,ATL,ATL03,6,1,9,night,77,unknown,5,sunny,none
ATL202509100,2025/09/10,CHN,ATL,ATL03,3,2,9,night,80,tocf,7,sunny,none
ATL202509120,2025/09/12,HOU,ATL,ATL03,11,3,9,night,83,ltor,5,sunny,none
ATL202509130,2025/09/13,HOU,ATL,ATL03,6,2,9,night,82,torf,6,sunny,none
ATL202509140,2025/09/14,HOU,ATL,ATL03,3,8,9,day,84,tocf,2,cloudy,none
ATL202509220,2025/09/22,WAS,ATL,ATL03,5,11,9,night,82,fromcf,8,sunny,none
ATL202509230,2025/09/23,WAS,ATL,ATL03,2,3,9,night,85,ltor,3,cloudy,none
ATL202509240,2025/09/24,WAS,ATL,ATL03,4,3,9,day,85,rtol,4,cloudy,none
ATL202509260,2025/09/26,PIT,ATL,ATL03,9,3,9,night,76,tocf,3,cloudy,none
ATL202509270,2025/09/27,PIT,ATL,ATL03,3,1,9,night,80,tocf,6,cloudy,none
ATL202509280,2025/09/28,PIT,ATL,ATL03,1,4,9,day,85,ltor,8,cloudy,none
CHN202503180,2025/03/18,LAN,CHN,TOK01,4,1,9,night,72,unknown,0,dome,none
CHN202503190,2025/03/19,LAN,CHN,TOK01,6,3,9,night,72,unknown,0,dome,none
CHN202504040,2025/04/04,SDN,CHN,CHI11,1,3,9,day,44,fromcf,9,cloudy,none
CHN202504050,2025/04/05,SDN,CHN,CHI11,1,7,9,day,49,fromlf,10,cloudy,none
CHN202504060,2025/04/06,SDN,CHN,CHI11,8,7,9,day,44,fromcf,4,sunny,none
CHN202504070,2025/04/07,TEX,CHN,CHI11,0,7,9,night,34,fromlf,17,cloudy,none
CHN202504080,2025/04/08,TEX,CHN,CHI11,6,10,9,night,35,fromrf,11,sunny,none
CHN202504090,2025/04/09,TEX,CHN,CHI11,6,2,9,day,40,tolf,15,overcast,none
CHN202504180,2025/04/18,ARI,CHN,CHI11,11,13,9,day,74,tocf,11,cloudy,none
CHN202504190,2025/04/19,ARI,CHN,CHI11,2,6,9,day,49,tocf,4,cloudy,none
CHN202504200,2025/04/20,ARI,CHN,CHI11,3,2,11,day,50,fromrf,6,overcast,none
CHN202504220,2025/04/22,LAN,CHN,CHI11,10,11,10,night,71,tocf,9,cloudy,none
CHN202504230,2025/04/23,LAN,CHN,CHI11,6,7,9,night,66,tolf,4,sunny,none
CHN202504250,2025/04/25,PHI,CHN,CHI11,0,4,9,day,45,fromlf,16,overcast,none
CHN202504260,2025/04/26,PHI,CHN,CHI11,10,4,9,day,49,fromcf,14,sunny,none
CHN202504270,2025/04/27,PHI,CHN,CHI11,3,1,10,night,59,fromrf,11,sunny,none
CHN202505050,2025/05/05,SFN,CHN,CHI11,2,9,9,night,54,fromlf,8,cloudy,none
CHN202505060,2025/05/06,SFN,CHN,CHI11,14,5,11,night,68,fromcf,5,sunny,none
CHN202505070,2025/05/07,SFN,CHN,CHI11,3,1,9,day,55,fromlf,16,cloudy,none
CHN202505120,2025/05/12,MIA,CHN,CHI11,2,5,9,night,63,fromcf,8,cloudy,none
CHN202505130,2025/05/13,MIA,CHN,CHI11,4,5,9,night,64,fromrf,10,cloudy,none
CHN202505140,2025/05/14,MIA,CHN,CHI11,3,1,9,night,60,fromcf,9,cloudy,none
CHN202505160,2025/05/16,CHA,CHN,CHI11,3,13,9,day,82,tocf,21,sunny,none
CHN202505170,2025/05/17,CHA,CHN,CHI11,3,7,9,day,64,torf,17,cloudy,none
CHN202505180,2025/05/18,CHA,CHN,CHI11,2,6,9,day,54,fromcf,3,cloudy,none
CHN202505260,2025/05/26,COL,CHN,CHI11,1,3,9,day,56,fromcf,6,cloudy,none
CHN202505270,2025/05/27,COL,CHN,CHI11,3,4,11,night,59,fromlf,12,cloudy,none
CHN202505280,2025/05/28,COL,CHN,CHI11,1,2,9,night,56,fromlf,7,cloudy,none
CHN202505300,2025/05/30,CIN,CHN,CHI11,6,2,9,day,70,torf,8,overcast,none
CHN202505310,2025/05/31,CIN,CHN,CHI11,0,2,9,day,56,fromlf,11,cloudy,none
CHN202506010,2025/06/01,CIN,CHN,CHI11,3,7,9,day,59,fromrf,11,sunny,none
CHN202506120,2025/06/12,PIT,CHN,CHI11,2,3,9,night,64,fromlf,10,cloudy,none
CHN202506130,2025/06/13,PIT,CHN,CHI11,2,1,10,day,69,rtol,4,cloudy,none
CHN202506140,2025/06/14,PIT,CHN,CHI11,1,2,9,day,64,fromcf,8,cloudy,none
CHN202506150,2025/06/15,PIT,CHN,CHI11,2,3,10,day,75,fromcf,8,cloudy,none
CHN202506170,2025/06/17,MIL,CHN,CHI11,3,5,9,night,90,tocf,9,cloudy,none
CHN202506190,2025/06/19,MIL,CHN,CHI11,8,7,9,day,79,rtol,8,sunny,none
CHN202506200,2025/06/20,SEA,CHN,CHI11,9,4,9,day,82,tocf,12,cloudy,none
CHN202506210,2025/06/21,SEA,CHN,CHI11,7,10,9,day,94,tocf,20,sunny,none
CHN202506220,2025/06/22,SEA,CHN,CHI11,14,6,9,day,92,tocf,6,sunny,none
CHN202507010,2025/07/01,CLE,CHN,CHI11,2,5,9,night,80,fromrf,6,sunny,none
CHN202507020,2025/07/02,CLE,CHN,CHI11,4,5,9,night,84,fromrf,5,cloudy,none
CHN202507030,2025/07/03,CLE,CHN,CHI11,0,1,10,night,84,fromrf,10,sunny,none
CHN202507040,2025/07/04,SLN,CHN,CHI11,3,11,9,day,80,tolf,3,cloudy,none
CHN202507050,2025/07/05,SLN,CHN,CHI11,8,6,9,day,85,tocf,14,cloudy,none
CHN202507060,2025/07/06,SLN,CHN,CHI11,0,11,9,night,69,fromlf,14,overcast,none
CHN202507180,2025/07/18,BOS,CHN,CHI11,1,4,9,day,75,fromrf,8,sunny,none
CHN202507190,2025/07/19,BOS,CHN,CHI11,0,6,9,night,85,torf,8,cloudy,none
CHN202507200,2025/07/20,BOS,CHN,CHI11,6,1,9,day,73,fromcf,3,cloudy,none
CHN202507210,2025/07/21,KCA,CHN,CHI11,12,4,9,night,74,fromrf,4,cloudy,none
CHN202507220,2025/07/22,KCA,CHN,CHI11,0,6,9,night,83,fromrf,9,sunny,none
CHN202507230,2025/07/23,KCA,CHN,CHI11,8,4,9,day,92,tolf,13,cloudy,none
CHN202508010,2025/08/01,BAL,CHN,CHI11,0,1,9,day,72,fromcf,12,sunny,none
CHN202508020,2025/08/02,BAL,CHN,CHI11,4,3,9,day,74,rtol,9,cloudy,none
CHN202508030,2025/08/03,BAL,CHN,CHI11,3,5,9,day,77,fromrf,3,sunny,none
CHN202508040,2025/08/04,CIN,CHN,CHI11,3,2,9,night,77,fromrf,4,cloudy,none
CHN202508050,2025/08/05,CIN,CHN,CHI11,5,1,9,night,77,fromcf,9,sunny,none
CHN202508060,2025/08/06,CIN,CHN,CHI11,1,6,9,day,81,fromrf,6,cloudy,none
CHN202508150,2025/08/15,PIT,CHN,CHI11,3,2,9,day,81,rtol,6,cloudy,none
CHN202508160,2025/08/16,PIT,CHN,CHI11,1,3,9,day,94,rtol,8,overcast,none
CHN202508170,2025/08/17,PIT,CHN,CHI11,3,4,9,day,79,fromcf,9,cloudy,none
CHN202508180,2025/08/18,MIL,CHN,CHI11,7,0,9,day,79,rtol,2,cloudy,none
CHN202508191,2025/08/19,MIL,CHN,CHI11,4,6,9,day,73,fromcf,2,overcast,none
CHN202508192,2025/08/19,MIL,CHN,CHI11,1,4,9,night,73,fromcf,8,cloudy,none
CHN202508200,2025/08/20,MIL,CHN,CHI11,3,4,9,night,71,fromcf,14,cloudy,none
CHN202508210,2025/08/21,MIL,CHN,CHI11,4,1,9,day,74,fromcf,11,cloudy,none
CHN202509010,2025/09/01,ATL,CHN,CHI11,6,7,10,day,77,fromcf,2,sunny,none
CHN202509020,2025/09/02,ATL,CHN,CHI11,3,4,9,night,73,fromrf,7,cloudy,none
CHN202509030,2025/09/03,ATL,CHN,CHI11,5,1,9,night,67,ltor,8,overcast,none
CHN202509050,2025/09/05,WAS,CHN,CHI11,5,11,9,day,65,torf,4,cloudy,none
CHN202509060,2025/09/06,WAS,CHN,CHI11,2,1,9,day,65,torf,11,cloudy,none
CHN202509070,2025/09/07,WAS,CHN,CHI11,6,3,9,day,65,fromcf,7,cloudy,none
CHN202509120,2025/09/12,TBA,CHN,CHI11,4,6,9,day,80,rtol,9,cloudy,none
CHN202509130,2025/09/13,TBA,CHN,CHI11,5,4,9,day,71,tolf,12,cloudy,none
CHN202509140,2025/09/14,TBA,CHN,CHI11,3,4,9,day,79,fromrf,2,sunny,none
CHN202509230,2025/09/23,NYN,CHN,CHI11,9,7,9,night,67,fromlf,3,cloudy,none
CHN202509240,2025/09/24,NYN,CHN,CHI11,3,10,9,night,66,fromcf,12,cloudy,none
CHN202509250,2025/09/25,NYN,CHN,CHI11,8,5,9,night,67,fromrf,4,sunny,none
CHN202509260,2025/09/26,SLN,CHN,CHI11,1,12,9,day,76,tocf,10,sunny,none
CHN202509270,2025/09/27,SLN,CHN,CHI11,3,7,9,day,78,tocf,7,sunny,none
CHN202509280,2025/09/28,SLN,CHN,CHI11,0,2,9,day,73,fromcf,2,sunny,none
CIN202503270,2025/03/27,SFN,CIN,CIN09,6,4,9,day,61,rtol,10,cloudy,none
CIN202503290,2025/03/29,SFN,CIN,CIN09,2,3,9,day,76,fromrf,14,cloudy,none
CIN202503300,2025/03/30,SFN,CIN,CIN09,6,3,9,day,69,rtol,12,cloudy,none
CIN202503310,2025/03/31,TEX,CIN,CIN09,3,14,9,night,44,tocf,10,cloudy,none
CIN202504010,2025/04/01,TEX,CIN,CIN09,1,0,9,night,55,fromcf,6,cloudy,none
CIN202504020,2025/04/02,TEX,CIN,CIN09,1,0,9,day,71,rtol,16,cloudy,none
CIN202504110,2025/04/11,PIT,CIN,CIN09,3,5,9,night,48,torf,10,cloudy,none
CIN202504120,2025/04/12,PIT,CIN,CIN09,2,5,9,night,58,torf,6,sunny,none
CIN202504130,2025/04/13,PIT,CIN,CIN09,0,4,9,day,60,fromrf,8,cloudy,none
CIN202504150,2025/04/15,SEA,CIN,CIN09,4,8,9,night,53,tolf,16,cloudy,none
CIN202504160,2025/04/16,SEA,CIN,CIN09,5,3,9,night,58,tocf,9,cloudy,none
CIN202504170,2025/04/17,SEA,CIN,CIN09,11,7,10,day,62,rtol,8,cloudy,none
CIN202504280,2025/04/28,SLN,CIN,CIN09,1,3,9,night,81,rtol,6,sunny,none
CIN202504301,2025/04/30,SLN,CIN,CIN09,6,0,9,day,69,fromrf,4,cloudy,none
CIN202504302,2025/04/30,SLN,CIN,CIN09,9,1,9,night,77,fromcf,3,cloudy,none
CIN202505010,2025/05/01,SLN,CIN,CIN09,1,9,9,day,76,rtol,15,cloudy,none
CIN202505020,2025/05/02,WAS,CIN,CIN09,1,6,9,night,67,tolf,5,overcast,none
CIN202505030,2025/05/03,WAS,CIN,CIN09,11,6,9,night,53,torf,9,overcast,none
CIN202505040,2025/05/04,WAS,CIN,CIN09,4,1,9,day,59,tolf,6,overcast,none
CIN202505130,2025/05/13,CHA,CIN,CIN09,5,1,10,night,67,fromrf,3,overcast,none
CIN202505140,2025/05/14,CHA,CIN,CIN09,4,2,9,night,71,fromrf,3,cloudy,none
CIN202505150,2025/05/15,CHA,CIN,CIN09,1,7,9,day,82,rtol,8,cloudy,none
CIN202505160,2025/05/16,CLE,CIN,CIN09,4,5,9,night,80,rtol,11,cloudy,none
CIN202505170,2025/05/17,CLE,CIN,CIN09,1,4,9,night,70,tolf,14,cloudy,none
CIN202505180,2025/05/18,CLE,CIN,CIN09,1,3,9,day,73,fromrf,4,cloudy,none
CIN202505230,2025/05/23,CHN,CIN,CIN09,13,6,9,night,65,tolf,8,cloudy,none
CIN202505240,2025/05/24,CHN,CIN,CIN09,4,6,9,day,70,torf,3,cloudy,none
CIN202505250,2025/05/25,CHN,CIN,CIN09,11,8,9,day,68,ltor,4,cloudy,none
CIN202506020,2025/06/02,MIL,CIN,CIN09,3,2,9,night,77,fromrf,5,sunny,none
CIN202506030,2025/06/03,MIL,CIN,CIN09,2,4,9,night,84,fromrf,7,sunny,none
CIN202506040,2025/06/04,MIL,CIN,CIN09,9,1,9,day,85,rtol,13,sunny,none
CIN202506060,2025/06/06,ARI,CIN,CIN09,3,4,10,day,79,tolf,5,cloudy,none
CIN202506070,2025/06/07,ARI,CIN,CIN09,1,13,9,day,77,torf,3,cloudy,none
CIN202506080,2025/06/08,ARI,CIN,CIN09,2,4,9,day,72,tocf,12,overcast,none
CIN202506170,2025/06/17,MIN,CIN,CIN09,5,6,9,night,77,fromrf,6,overcast,none
CIN202506180,2025/06/18,MIN,CIN,CIN09,2,4,6,night,75,rtol,14,overcast,none
CIN202506190,2025/06/19,MIN,CIN,CIN09,12,5,9,day,75,unknown,10,cloudy,none
CIN202506230,2025/06/23,NYA,CIN,CIN09,1,6,9,night,92,rtol,7,sunny,none
CIN202506240,2025/06/24,NYA,CIN,CIN09,4,5,11,night,91,tolf,5,sunny,none
CIN202506250,2025/06/25,NYA,CIN,CIN09,7,1,9,night,89,tocf,6,cloudy,none
CIN202506270,2025/06/27,SDN,CIN,CIN09,1,8,9,night,84,rtol,7,cloudy,none
CIN202506280,2025/06/28,SDN,CIN,CIN09,6,4,9,day,91,tolf,6,overcast,none
CIN202506290,2025/06/29,SDN,CIN,CIN09,2,3,9,day,84,fromrf,3,cloudy,none
CIN202507070,2025/07/07,MIA,CIN,CIN09,5,1,9,night,78,tolf,6,overcast,none
CIN202507080,2025/07/08,MIA,CIN,CIN09,12,2,9,night,86,torf,2,cloudy,none
CIN202507090,2025/07/09,MIA,CIN,CIN09,2,7,9,night,82,fromrf,3,cloudy,none
CIN202507100,2025/07/10,MIA,CIN,CIN09,0,6,9,night,87,tolf,3,cloudy,none
CIN202507110,2025/07/11,COL,CIN,CIN09,3,2,9,night,89,rtol,6,sunny,none
CIN202507120,2025/07/12,COL,CIN,CIN09,3,4,9,day,86,rtol,9,cloudy,none
CIN202507130,2025/07/13,COL,CIN,CIN09,2,4,9,day,78,rtol,6,cloudy,none
CIN202507250,2025/07/25,TBA,CIN,CIN09,2,7,9,night,90,tolf,3,cloudy,none
CIN202507260,2025/07/26,TBA,CIN,CIN09,2,6,9,night,87,rtol,9,cloudy,none
CIN202507270,2025/07/27,TBA,CIN,CIN09,1,2,9,day,88,tolf,7,cloudy,none
CIN202507280,2025/07/28,LAN,CIN,CIN09,5,2,9,night,85,tolf,3,cloudy,none
CIN202507290,2025/07/29,LAN,CIN,CIN09,5,4,9,night,91,ltor,4,cloudy,none
CIN202507300,2025/07/30,LAN,CIN,CIN09,2,5,9,night,90,fromlf,5,sunny,none
CIN202507310,2025/07/31,ATL,CIN,CIN09,12,11,10,night,73,torf,10,overcast,none
CIN202508010,2025/08/01,ATL,CIN,CIN09,2,3,9,day,75,ltor,16,sunny,none
CIN202508020,2025/08/02,ATL,CIN,BST01,4,2,9,day,68,unknown,1,overcast,none
CIN202508110,2025/08/11,PHI,CIN,CIN09,4,1,9,night,90,fromrf,3,cloudy,none
CIN202508120,2025/08/12,PHI,CIN,CIN09,1,6,9,night,86,fromrf,7,cloudy,none
CIN202508130,2025/08/13,PHI,CIN,CIN09,0,8,9,night,83,tolf,5,overcast,none
CIN202508150,2025/08/15,MIL,CIN,CIN09,10,8,9,night,88,tocf,1,sunny,none
CIN202508160,2025/08/16,MIL,CIN,CIN09,6,5,11,night,88,tocf,5,cloudy,none
CIN202508170,2025/08/17,MIL,CIN,CIN09,2,3,10,day,86,torf,4,cloudy,none
CIN202508290,2025/08/29,SLN,CIN,CIN09,7,5,10,night,74,rtol,7,cloudy,none
CIN202508300,2025/08/30,SLN,CIN,CIN09,4,2,9,night,75,ltor,7,sunny,none
CIN202508310,2025/08/31,SLN,CIN,CIN09,4,7,9,day,72,ltor,9,sunny,none
CIN202509010,2025/09/01,TOR,CIN,CIN09,4,5,9,day,78,ltor,6,sunny,none
CIN202509020,2025/09/02,TOR,CIN,CIN09,12,9,9,night,78,fromrf,5,cloudy,none
CIN202509030,2025/09/03,TOR,CIN,CIN09,13,9,9,night,80,rtol,8,cloudy,none
CIN202509050,2025/09/05,NYN,CIN,CIN09,5,4,9,night,78,tocf,10,cloudy,none
CIN202509060,2025/09/06,NYN,CIN,CIN09,3,6,9,night,69,tolf,6,sunny,none
CIN202509070,2025/09/07,NYN,CIN,CIN09,2,3,9,day,70,torf,5,cloudy,none
CIN202509180,2025/09/18,CHN,CIN,CIN09,0,1,9,night,85,torf,2,sunny,none
CIN202509190,2025/09/19,CHN,CIN,CIN09,4,7,9,night,84,rtol,3,cloudy,none
CIN202509200,2025/09/20,CHN,CIN,CIN09,3,6,9,night,84,fromcf,4,sunny,none
CIN202509210,2025/09/21,CHN,CIN,CIN09,0,1,9,day,83,unknown,9,cloudy,none
CIN202509230,2025/09/23,PIT,CIN,CIN09,4,2,9,night,76,tolf,3,cloudy,none
CIN202509240,2025/09/24,PIT,CIN,CIN09,4,3,11,night,73,tocf,3,overcast,none
CIN202509250,2025/09/25,PIT,CIN,CIN09,1,2,9,day,71,torf,6,overcast,none
COL202504040,2025/04/04,ATH,COL,DEN02,6,3,11,day,37,fromrf,13,overcast,snow
COL202504050,2025/04/05,ATH,COL,DEN02,7,4,9,night,41,fromlf,3,sunny,none
COL202504060,2025/04/06,ATH,COL,DEN02,5,12,9,day,52,fromlf,10,cloudy,none
COL202504080,2025/04/08,MIL,COL,DEN02,7,1,9,night,71,ltor,4,cloudy,none
COL202504090,2025/04/09,MIL,COL,DEN02,17,2,9,night,71,ltor,9,sunny,none
COL202504100,2025/04/10,MIL,COL,DEN02,2,7,9,day,64,ltor,5,sunny,none
COL202504190,2025/04/19,WAS,COL,DEN02,12,11,9,day,45,fromlf,3,cloudy,none
COL202504201,2025/04/20,WAS,COL,DEN02,3,2,9,day,58,fromlf,12,cloudy,none
COL202504202,2025/04/20,WAS,COL,DEN02,1,3,9,night,61,fromlf,10,cloudy,none
COL202504250,2025/04/25,CIN,COL,DEN02,8,7,9,night,43,fromlf,10,overcast,none
COL202504260,2025/04/26,CIN,COL,DEN02,6,4,9,day,62,fromcf,9,sunny,none
COL202504270,2025/04/27,CIN,COL,DEN02,8,1,9,day,76,tolf,7,sunny,none
COL202504280,2025/04/28,ATL,COL,DEN02,6,3,9,night,55,rtol,5,cloudy,none
COL202504290,2025/04/29,ATL,COL,DEN02,8,2,9,night,59,tocf,7,cloudy,none
COL202504300,2025/04/30,ATL,COL,DEN02,1,2,9,day,67,fromlf,7,cloudy,none
COL202505070,2025/05/07,DET,COL,DEN02,8,6,10,night,54,rtol,4,cloudy,none
COL202505081,2025/05/08,DET,COL,DEN02,10,2,9,day,64,tolf,10,sunny,none
COL202505082,2025/05/08,DET,COL,DEN02,11,1,9,day,70,fromlf,8,sunny,none
COL202505090,2025/05/09,SDN,COL,DEN02,13,9,9,night,71,fromcf,5,cloudy,none
COL202505100,2025/05/10,SDN,COL,DEN02,21,0,9,night,78,rtol,6,sunny,none
COL202505110,2025/05/11,SDN,COL,DEN02,3,9,9,day,82,rtol,7,sunny,none
COL202505190,2025/05/19,PHI,COL,DEN02,9,3,9,night,61,tocf,5,cloudy,none
COL202505200,2025/05/20,PHI,COL,DEN02,7,4,9,night,70,fromlf,14,sunny,none
COL202505210,2025/05/21,PHI,COL,DEN02,9,5,9,night,75,rtol,9,cloudy,none
COL202505220,2025/05/22,PHI,COL,DEN02,2,0,9,day,67,fromlf,7,sunny,none
COL202505230,2025/05/23,NYA,COL,DEN02,2,3,9,night,81,fromcf,12,cloudy,none
COL202505240,2025/05/24,NYA,COL,DEN02,13,1,9,day,66,fromcf,8,cloudy,none
COL202505250,2025/05/25,NYA,COL,DEN02,5,4,9,day,59,rtol,7,overcast,none
COL202506060,2025/06/06,NYN,COL,DEN02,4,2,9,night,54,rtol,4,cloudy,none
COL202506070,2025/06/07,NYN,COL,DEN02,8,1,9,night,81,ltor,5,sunny,none
COL202506080,2025/06/08,NYN,COL,DEN02,13,5,9,day,67,fromlf,5,cloudy,none
COL202506100,2025/06/10,SFN,COL,DEN02,6,5,9,night,84,tocf,5,cloudy,none
COL202506110,2025/06/11,SFN,COL,DEN02,10,7,9,night,81,rtol,10,cloudy,none
COL202506120,2025/06/12,SFN,COL,DEN02,7,8,9,day,87,rtol,7,cloudy,none
COL202506200,2025/06/20,ARI,COL,DEN02,14,8,9,night,98,tocf,12,sunny,none
COL202506210,2025/06/21,ARI,COL,DEN02,5,3,9,night,98,ltor,7,sunny,none
COL202506220,2025/06/22,ARI,COL,DEN02,2,4,9,day,89,fromcf,9,sunny,none
COL202506240,2025/06/24,LAN,COL,DEN02,9,7,9,night,70,ltor,3,cloudy,none
COL202506250,2025/06/25,LAN,COL,DEN02,8,1,9,night,80,tolf,5,cloudy,none
COL202506260,2025/06/26,LAN,COL,DEN02,3,1,9,day,83,rtol,6,cloudy,none
COL202507010,2025/07/01,HOU,COL,DEN02,6,5,9,night,85,tolf,9,cloudy,none
COL202507020,2025/07/02,HOU,COL,DEN02,5,3,9,night,92,tolf,8,cloudy,none
COL202507030,2025/07/03,HOU,COL,DEN02,6,7,9,day,90,fromcf,5,cloudy,none
COL202507040,2025/07/04,CHA,COL,DEN02,3,2,9,night,87,ltor,7,sunny,none
COL202507050,2025/07/05,CHA,COL,DEN02,10,3,9,night,78,rtol,4,cloudy,none
COL202507060,2025/07/06,CHA,COL,DEN02,4,6,9,day,88,rtol,6,cloudy,none
COL202507180,2025/07/18,MIN,COL,DEN02,4,6,9,night,74,fromcf,4,cloudy,none
COL202507190,2025/07/19,MIN,COL,DEN02,6,10,9,night,81,tolf,6,cloudy,none
COL202507200,2025/07/20,MIN,COL,DEN02,7,1,9,day,91,fromlf,8,cloudy,none
COL202507210,2025/07/21,SLN,COL,DEN02,6,2,9,night,88,ltor,11,cloudy,none
COL202507220,2025/07/22,SLN,COL,DEN02,4,8,9,night,79,ltor,6,cloudy,none
COL202507230,2025/07/23,SLN,COL,DEN02,0,6,9,day,82,rtol,11,cloudy,none
COL202508010,2025/08/01,PIT,COL,DEN02,16,17,9,night,84,tolf,4,cloudy,none
COL202508020,2025/08/02,PIT,COL,DEN02,5,8,9,day,88,fromlf,8,cloudy,none
COL202508030,2025/08/03,PIT,COL,DEN02,9,5,9,day,83,fromlf,8,sunny,none
COL202508040,2025/08/04,TOR,COL,DEN02,15,1,9,night,94,tocf,6,cloudy,none
COL202508050,2025/08/05,TOR,COL,DEN02,10,4,9,night,96,fromcf,5,cloudy,none
COL202508060,2025/08/06,TOR,COL,DEN02,20,1,9,day,95,fromlf,9,cloudy,none
COL202508140,2025/08/14,ARI,COL,DEN02,8,2,9,night,88,fromcf,7,cloudy,none
COL202508150,2025/08/15,ARI,COL,DEN02,3,4,9,night,90,tocf,5,cloudy,none
COL202508160,2025/08/16,ARI,COL,DEN02,7,10,9,night,83,ltor,5,cloudy,none
COL202508170,2025/08/17,ARI,COL,DEN02,5,6,9,day,88,rtol,8,cloudy,none
COL202508180,2025/08/18,LAN,COL,DEN02,3,4,9,night,86,rtol,7,sunny,none
COL202508190,2025/08/19,LAN,COL,DEN02,11,4,9,night,86,tocf,8,cloudy,none
COL202508200,2025/08/20,LAN,COL,DEN02,3,8,9,night,93,rtol,5,sunny,none
COL202508210,2025/08/21,LAN,COL,DEN02,9,5,9,day,88,rtol,5,sunny,none
COL202508290,2025/08/29,CHN,COL,DEN02,11,7,9,night,73,ltor,8,cloudy,none
COL202508300,2025/08/30,CHN,COL,DEN02,4,3,9,night,68,ltor,4,sunny,none
COL202508310,2025/08/31,CHN,COL,DEN02,5,6,9,day,79,tocf,3,sunny,none
COL202509010,2025/09/01,SFN,COL,DEN02,8,2,9,day,80,fromcf,10,sunny,none
COL202509020,2025/09/02,SFN,COL,DEN02,7,4,9,night,80,ltor,8,cloudy,none
COL202509030,2025/09/03,SFN,COL,DEN02,10,8,9,night,84,torf,3,sunny,none
COL202509050,2025/09/05,SDN,COL,DEN02,0,3,9,night,64,fromcf,7,sunny,none
COL202509060,2025/09/06,SDN,COL,DEN02,10,8,9,night,80,rtol,4,cloudy,none
COL202509070,2025/09/07,SDN,COL,DEN02,8,1,9,day,81,rtol,2,cloudy,none
COL202509160,2025/09/16,MIA,COL,DEN02,6,5,9,night,69,fromcf,3,cloudy,none
COL202509170,2025/09/17,MIA,COL,DEN02,8,4,9,night,61,fromlf,10,cloudy,none
COL202509180,2025/09/18,MIA,COL,DEN02,9,7,9,day,70,rtol,5,sunny,none
COL202509190,2025/09/19,ANA,COL,DEN02,6,7,9,night,78,tolf,7,cloudy,none
COL202509200,2025/09/20,ANA,COL,DEN02,3,0,9,night,77,rtol,2,cloudy,none
COL202509210,2025/09/21,ANA,COL,DEN02,1,3,9,day,74,ltor,3,cloudy,none
LAN202503270,2025/03/27,DET,LAN,LOS03,4,5,9,day,69,torf,3,cloudy,none
LAN202503280,2025/03/28,DET,LAN,LOS03,5,8,10,night,61,tocf,7,cloudy,none
LAN202503290,2025/03/29,DET,LAN,LOS03,3,7,9,night,63,ltor,1,cloudy,none
LAN202503310,2025/03/31,ATL,LAN,LOS03,1,6,9,night,59,torf,4,cloudy,none
LAN202504010,2025/04/01,ATL,LAN,LOS03,1,3,9,night,60,torf,12,cloudy,none
LAN202504020,2025/04/02,ATL,LAN,LOS03,5,6,9,night,63,torf,12,cloudy,none
LAN202504110,2025/04/11,CHN,LAN,LOS03,0,3,9,night,73,torf,7,sunny,none
LAN202504120,2025/04/12,CHN,LAN,LOS03,16,0,9,night,68,ltor,4,cloudy,none
LAN202504130,2025/04/13,CHN,LAN,LOS03,4,2,9,day,73,torf,8,sunny,none
LAN202504140,2025/04/14,COL,LAN,LOS03,3,5,9,night,59,ltor,1,sunny,none
LAN202504150,2025/04/15,COL,LAN,LOS03,2,6,9,night,60,torf,2,cloudy,none
LAN202504160,2025/04/16,COL,LAN,LOS03,7,8,9,night,59,ltor,4,cloudy,none
LAN202504250,2025/04/25,PIT,LAN,LOS03,3,0,9,night,58,tocf,9,cloudy,none
LAN202504260,2025/04/26,PIT,LAN,LOS03,4,8,9,night,58,ltor,1,cloudy,none
LAN202504270,2025/04/27,PIT,LAN,LOS03,2,9,9,day,62,tocf,6,cloudy,none
LAN202504280,2025/04/28,MIA,LAN,LOS03,6,7,10,night,62,torf,9,sunny,none
LAN202504290,2025/04/29,MIA,LAN,LOS03,2,15,9,night,62,ltor,2,sunny,none
LAN202504300,2025/04/30,MIA,LAN,LOS03,7,12,9,day,67,torf,4,cloudy,none
LAN202505130,2025/05/13,ATH,LAN,LOS03,11,1,9,night,65,ltor,3,sunny,none
LAN202505140,2025/05/14,ATH,LAN,LOS03,3,9,9,night,65,unknown,4,sunny,none
LAN202505150,2025/05/15,ATH,LAN,LOS03,2,19,9,night,67,rtol,4,sunny,none
LAN202505160,2025/05/16,ANA,LAN,LOS03,6,2,9,night,63,tocf,8,cloudy,none
LAN202505170,2025/05/17,ANA,LAN,LOS03,11,9,9,night,63,ltor,2,overcast,none
LAN202505180,2025/05/18,ANA,LAN,LOS03,6,4,9,day,73,tocf,2,cloudy,none
LAN202505190,2025/05/19,ARI,LAN,LOS03,9,5,9,night,71,torf,6,sunny,none
LAN202505200,2025/05/20,ARI,LAN,LOS03,3,4,10,night,77,unknown,2,sunny,none
LAN202505210,2025/05/21,ARI,LAN,LOS03,1,3,9,night,75,torf,2,sunny,none
LAN202505300,2025/05/30,NYA,LAN,LOS03,5,8,9,night,76,torf,6,sunny,none
LAN202505310,2025/05/31,NYA,LAN,LOS03,2,18,9,day,84,ltor,5,cloudy,none
LAN202506010,2025/06/01,NYA,LAN,LOS03,7,3,9,day,81,ltor,2,cloudy,none
LAN202506020,2025/06/02,NYN,LAN,LOS03,4,3,10,night,69,torf,8,sunny,none
LAN202506030,2025/06/03,NYN,LAN,LOS03,5,6,10,night,62,unknown,2,overcast,none
LAN202506040,2025/06/04,NYN,LAN,LOS03,6,1,9,night,66,tocf,5,sunny,none
LAN202506050,2025/06/05,NYN,LAN,LOS03,5,6,9,day,74,unknown,2,sunny,none
LAN202506130,2025/06/13,SFN,LAN,LOS03,6,2,9,night,70,ltor,1,cloudy,none
LAN202506140,2025/06/14,SFN,LAN,LOS03,5,11,9,night,72,unknown,8,cloudy,none
LAN202506150,2025/06/15,SFN,LAN,LOS03,4,5,9,day,81,torf,3,sunny,none
LAN202506160,2025/06/16,SDN,LAN,LOS03,3,6,9,night,77,ltor,4,sunny,none
LAN202506170,2025/06/17,SDN,LAN,LOS03,6,8,9,night,81,unknown,2,sunny,none
LAN202506180,2025/06/18,SDN,LAN,LOS03,3,4,9,night,77,ltor,5,sunny,none
LAN202506190,2025/06/19,SDN,LAN,LOS03,5,3,9,night,70,ltor,3,sunny,none
LAN202506200,2025/06/20,WAS,LAN,LOS03,5,6,9,night,69,torf,8,sunny,none
LAN202506210,2025/06/21,WAS,LAN,LOS03,7,3,9,night,69,tocf,3,sunny,none
LAN202506220,2025/06/22,WAS,LAN,LOS03,7,13,9,day,77,ltor,8,sunny,none
LAN202507010,2025/07/01,CHA,LAN,LOS03,1,6,9,night,69,ltor,4,sunny,none
LAN202507020,2025/07/02,CHA,LAN,LOS03,4,5,9,night,69,torf,3,sunny,none
LAN202507030,2025/07/03,CHA,LAN,LOS03,2,6,9,night,73,torf,2,sunny,none
LAN202507040,2025/07/04,HOU,LAN,LOS03,18,1,9,night,77,torf,6,sunny,none
LAN202507050,2025/07/05,HOU,LAN,LOS03,6,4,9,day,82,ltor,5,sunny,none
LAN202507060,2025/07/06,HOU,LAN,LOS03,5,1,9,day,84,ltor,2,sunny,none
LAN202507180,2025/07/18,MIL,LAN,LOS03,2,0,9,night,73,ltor,4,cloudy,none
LAN202507190,2025/07/19,MIL,LAN,LOS03,8,7,9,night,74,torf,9,sunny,none
LAN202507200,2025/07/20,MIL,LAN,LOS03,6,5,9,day,78,tocf,7,sunny,none
LAN202507210,2025/07/21,MIN,LAN,LOS03,2,5,9,night,70,ltor,2,sunny,none
LAN202507220,2025/07/22,MIN,LAN,LOS03,10,7,9,night,70,ltor,4,sunny,none
LAN202507230,2025/07/23,MIN,LAN,LOS03,3,4,9,day,79,torf,8,sunny,none
LAN202508040,2025/08/04,SLN,LAN,LOS03,3,2,9,night,75,torf,10,cloudy,none
LAN202508050,2025/08/05,SLN,LAN,LOS03,6,12,9,night,76,torf,10,sunny,none
LAN202508060,2025/08/06,SLN,LAN,LOS03,5,3,9,day,90,torf,7,sunny,none
LAN202508080,2025/08/08,TOR,LAN,LOS03,1,5,9,night,78,ltor,2,sunny,none
LAN202508090,2025/08/09,TOR,LAN,LOS03,1,9,9,night,76,tocf,3,cloudy,none
LAN202508100,2025/08/10,TOR,LAN,LOS03,5,4,9,day,83,tocf,8,sunny,none
LAN202508150,2025/08/15,SDN,LAN,LOS03,2,3,9,night,72,ltor,5,sunny,none
LAN202508160,2025/08/16,SDN,LAN,LOS03,0,6,9,night,75,torf,5,sunny,none
LAN202508170,2025/08/17,SDN,LAN,LOS03,4,5,9,day,83,tocf,4,sunny,none
LAN202508250,2025/08/25,CIN,LAN,LOS03,0,7,9,night,77,tocf,4,cloudy,none
LAN202508260,2025/08/26,CIN,LAN,LOS03,3,6,9,night,76,torf,5,sunny,none
LAN202508270,2025/08/27,CIN,LAN,LOS03,1,5,9,night,84,ltor,1,sunny,none
LAN202508290,2025/08/29,ARI,LAN,LOS03,3,0,9,night,78,ltor,6,sunny,none
LAN202508300,2025/08/30,ARI,LAN,LOS03,6,1,9,night,86,ltor,3,sunny,none
LAN202508310,2025/08/31,ARI,LAN,LOS03,4,5,9,day,94,ltor,8,sunny,none
LAN202509080,2025/09/08,COL,LAN,LOS03,1,3,9,night,75,tocf,4,sunny,none
LAN202509090,2025/09/09,COL,LAN,LOS03,2,7,9,night,72,torf,6,sunny,none
LAN202509100,2025/09/10,COL,LAN,LOS03,0,9,9,night,71,torf,6,sunny,none
LAN202509150,2025/09/15,PHI,LAN,LOS03,6,5,10,night,74,torf,3,sunny,none
LAN202509160,2025/09/16,PHI,LAN,LOS03,9,6,9,night,81,torf,6,sunny,none
LAN202509170,2025/09/17,PHI,LAN,LOS03,0,5,9,night,72,unknown,2,cloudy,none
LAN202509180,2025/09/18,SFN,LAN,LOS03,1,2,9,night,76,unknown,2,cloudy,none
LAN202509190,2025/09/19,SFN,LAN,LOS03,3,6,9,night,73,torf,2,sunny,none
LAN202509200,2025/09/20,SFN,LAN,LOS03,5,7,9,night,74,torf,7,sunny,none
LAN202509210,2025/09/21,SFN,LAN,LOS03,3,1,9,day,82,ltor,5,cloudy,none
MIA202503270,2025/03/27,PIT,MIA,MIA02,4,5,9,day,76,fromlf,7,sunny,none
MIA202503280,2025/03/28,PIT,MIA,MIA02,4,3,9,night,77,fromlf,15,cloudy,none
MIA202503290,2025/03/29,PIT,MIA,MIA02,4,5,12,day,72,unknown,0,dome,none
MIA202503300,2025/03/30,PIT,MIA,MIA02,2,3,9,day,72,unknown,0,dome,none
MIA202503310,2025/03/31,NYN,MIA,MIA02,10,4,9,night,72,unknown,0,dome,none
MIA202504010,2025/04/01,NYN,MIA,MIA02,2,4,9,night,81,fromcf,8,cloudy,none
MIA202504020,2025/04/02,NYN,MIA,MIA02,6,5,11,day,84,fromlf,13,cloudy,none
MIA202504110,2025/04/11,WAS,MIA,MIA02,7,4,9,night,79,fromrf,9,sunny,none
MIA202504120,2025/04/12,WAS,MIA,MIA02,6,7,9,day,82,tolf,10,sunny,none
MIA202504130,2025/04/13,WAS,MIA,MIA02,4,11,9,day,79,torf,7,sunny,none
MIA202504150,2025/04/15,ARI,MIA,MIA02,10,4,9,night,79,rtol,10,sunny,none
MIA202504160,2025/04/16,ARI,MIA,MIA02,6,2,9,night,78,ltor,8,sunny,none
MIA202504170,2025/04/17,ARI,MIA,MIA02,6,4,9,day,78,ltor,11,cloudy,none
MIA202504210,2025/04/21,CIN,MIA,MIA02,3,6,9,night,79,ltor,10,cloudy,none
MIA202504220,2025/04/22,CIN,MIA,MIA02,3,4,9,night,79,ltor,8,cloudy,none
MIA202504230,2025/04/23,CIN,MIA,MIA02,5,2,9,day,78,torf,9,cloudy,none
MIA202505020,2025/05/02,ATH,MIA,MIA02,6,1,9,night,80,ltor,10,sunny,none
MIA202505030,2025/05/03,ATH,MIA,MIA02,6,9,9,day,72,unknown,0,dome,none
MIA202505040,2025/05/04,ATH,MIA,MIA02,3,2,9,day,72,unknown,0,dome,none
MIA202505050,2025/05/05,LAN,MIA,MIA02,7,4,9,night,72,unknown,0,dome,none
MIA202505060,2025/05/06,LAN,MIA,MIA02,4,5,10,night,72,unknown,0,dome,none
MIA202505070,2025/05/07,LAN,MIA,MIA02,10,1,9,day,85,fromlf,9,sunny,none
MIA202505160,2025/05/16,TBA,MIA,MIA02,4,9,9,night,85,fromcf,14,sunny,none
MIA202505170,2025/05/17,TBA,MIA,MIA02,4,0,9,day,72,unknown,0,dome,none
MIA202505180,2025/05/18,TBA,MIA,MIA02,1,5,9,day,72,unknown,0,dome,none
MIA202505190,2025/05/19,CHN,MIA,MIA02,7,8,9,night,72,unknown,0,dome,none
MIA202505200,2025/05/20,CHN,MIA,MIA02,14,1,9,night,72,unknown,0,dome,none
MIA202505210,2025/05/21,CHN,MIA,MIA02,2,1,9,day,72,unknown,0,dome,none
MIA202505300,2025/05/30,SFN,MIA,MIA02,2,0,9,night,72,unknown,0,dome,none
MIA202505310,2025/05/31,SFN,MIA,MIA02,0,1,9,day,72,unknown,0,dome,none
MIA202506010,2025/06/01,SFN,MIA,MIA02,4,2,9,day,72,unknown,0,dome,none
MIA202506020,2025/06/02,COL,MIA,MIA02,6,4,9,night,72,unknown,0,dome,none
MIA202506030,2025/06/03,COL,MIA,MIA02,3,2,9,night,72,unknown,0,dome,none
MIA202506040,2025/06/04,COL,MIA,MIA02,3,2,9,day,72,unknown,0,dome,none
MIA202506160,2025/06/16,PHI,MIA,MIA02,5,2,9,night,72,unknown,0,dome,none
MIA202506170,2025/06/17,PHI,MIA,MIA02,3,8,9,night,72,unknown,0,dome,none
MIA202506180,2025/06/18,PHI,MIA,MIA02,4,2,9,night,72,unknown,0,dome,none
MIA202506190,2025/06/19,PHI,MIA,MIA02,2,1,9,night,72,unknown,0,dome,none
MIA202506200,2025/06/20,ATL,MIA,MIA02,2,6,9,night,72,unknown,0,dome,none
MIA202506210,2025/06/21,ATL,MIA,MIA02,7,0,9,day,72,unknown,0,dome,none
MIA202506220,2025/06/22,ATL,MIA,MIA02,3,5,9,day,72,unknown,0,dome,none
MIA202507010,2025/07/01,MIN,MIA,MIA02,0,2,9,night,72,unknown,0,dome,none
MIA202507020,2025/07/02,MIN,MIA,MIA02,2,1,9,night,72,unknown,0,dome,none
MIA202507030,2025/07/03,MIN,MIA,MIA02,1,4,9,day,72,unknown,0,dome,none
MIA202507040,2025/07/04,MIL,MIA,MIA02,6,5,9,night,72,unknown,0,dome,none
MIA202507050,2025/07/05,MIL,MIA,MIA02,2,4,9,day,72,unknown,0,dome,none
MIA202507060,2025/07/06,MIL,MIA,MIA02,3,1,9,day,72,unknown,0,dome,none
MIA202507180,2025/07/18,KCA,MIA,MIA02,7,8,10,night,72,unknown,0,dome,none
MIA202507190,2025/07/19,KCA,MIA,MIA02,1,3,9,day,72,unknown,0,dome,none
MIA202507200,2025/07/20,KCA,MIA,MIA02,7,4,9,day,72,unknown,0,dome,none
MIA202507210,2025/07/21,SDN,MIA,MIA02,2,1,9,night,72,unknown,0,dome,none
MIA202507220,2025/07/22,SDN,MIA,MIA02,3,4,9,night,72,unknown,0,dome,none
MIA202507230,2025/07/23,SDN,MIA,MIA02,2,3,9,day,72,unknown,0,dome,none
MIA202508010,2025/08/01,NYA,MIA,MIA02,12,13,9,night,72,unknown,0,dome,none
MIA202508020,2025/08/02,NYA,MIA,MIA02,0,2,9,day,72,unknown,0,dome,none
MIA202508030,2025/08/03,NYA,MIA,MIA02,3,7,9,day,72,unknown,0,dome,none
MIA202508040,2025/08/04,HOU,MIA,MIA02,8,2,9,night,72,unknown,0,dome,none
MIA202508050,2025/08/05,HOU,MIA,MIA02,7,3,9,night,72,unknown,0,dome,none
MIA202508060,2025/08/06,HOU,MIA,MIA02,4,6,9,day,72,unknown,0,dome,none
MIA202508180,2025/08/18,SLN,MIA,MIA02,8,3,9,night,72,unknown,0,dome,none
MIA202508190,2025/08/19,SLN,MIA,MIA02,7,4,9,night,72,unknown,0,dome,none
MIA202508200,2025/08/20,SLN,MIA,MIA02,2,6,9,night,72,unknown,0,dome,none
MIA202508220,2025/08/22,TOR,MIA,MIA02,5,2,9,night,72,unknown,0,dome,none
MIA202508230,2025/08/23,TOR,MIA,MIA02,7,6,12,day,72,unknown,0,dome,none
MIA202508240,2025/08/24,TOR,MIA,MIA02,3,5,9,day,72,unknown,0,dome,none
MIA202508250,2025/08/25,ATL,MIA,MIA02,1,2,9,night,72,unknown,0,dome,none
MIA202508260,2025/08/26,ATL,MIA,MIA02,11,2,9,night,72,unknown,0,dome,none
MIA202508270,2025/08/27,ATL,MIA,MIA02,12,1,9,day,72,unknown,0,dome,none
MIA202509050,2025/09/05,PHI,MIA,MIA02,9,3,9,night,72,unknown,0,dome,none
MIA202509060,2025/09/06,PHI,MIA,MIA02,4,2,9,day,72,unknown,0,dome,none
MIA202509070,2025/09/07,PHI,MIA,MIA02,4,5,9,day,72,unknown,0,dome,none
MIA202509080,2025/09/08,WAS,MIA,MIA02,15,7,9,night,72,unknown,0,dome,none
MIA202509090,2025/09/09,WAS,MIA,MIA02,7,5,9,night,72,unknown,0,dome,none
MIA202509100,2025/09/10,WAS,MIA,MIA02,3,8,9,night,72,unknown,0,dome,none
MIA202509110,2025/09/11,WAS,MIA,MIA02,0,5,9,night,72,unknown,0,dome,none
MIA202509120,2025/09/12,DET,MIA,MIA02,2,8,9,night,72,unknown,0,dome,none
MIA202509130,2025/09/13,DET,MIA,MIA02,4,6,11,day,72,unknown,0,dome,none
MIA202509140,2025/09/14,DET,MIA,MIA02,2,0,9,day,72,unknown,0,dome,none
MIA202509260,2025/09/26,NYN,MIA,MIA02,2,6,9,night,72,unknown,0,dome,none
MIA202509270,2025/09/27,NYN,MIA,MIA02,5,0,9,day,72,unknown,0,dome,none
MIA202509280,2025/09/28,NYN,MIA,MIA02,0,4,9,day,72,unknown,0,dome,none
MIL202503310,2025/03/31,KCA,MIL,MIL06,11,1,9,day,65,unknown,0,dome,none
MIL202504010,2025/04/01,KCA,MIL,MIL06,0,5,9,night,63,unknown,0,dome,none
MIL202504020,2025/04/02,KCA,MIL,MIL06,2,3,11,day,64,unknown,0,dome,none
MIL202504030,2025/04/03,CIN,MIL,MIL06,0,1,9,night,61,unknown,0,dome,none
MIL202504040,2025/04/04,CIN,MIL,MIL06,2,3,9,night,66,unknown,0,dome,none
MIL202504050,2025/04/05,CIN,MIL,MIL06,11,7,9,night,68,unknown,0,dome,none
MIL202504060,2025/04/06,CIN,MIL,MIL06,2,8,9,day,67,unknown,0,dome,none
MIL202504140,2025/04/14,DET,MIL,MIL06,9,1,9,night,64,unknown,0,dome,none
MIL202504150,2025/04/15,DET,MIL,MIL06,0,5,9,night,64,unknown,0,dome,none
MIL202504160,2025/04/16,DET,MIL,MIL06,1,5,9,day,66,unknown,0,dome,none
MIL202504180,2025/04/18,ATH,MIL,MIL06,3,5,9,night,66,unknown,0,dome,none
MIL202504190,2025/04/19,ATH,MIL,MIL06,3,1,9,night,64,unknown,0,dome,none
MIL202504200,2025/04/20,ATH,MIL,MIL06,1,14,9,day,63,unknown,0,dome,none
MIL202505020,2025/05/02,CHN,MIL,MIL06,10,0,9,night,63,unknown,0,dome,none
MIL202505030,2025/05/03,CHN,MIL,MIL06,6,2,9,night,68,unknown,0,dome,none
MIL202505040,2025/05/04,CHN,MIL,MIL06,0,4,9,day,64,unknown,0,dome,none
MIL202505050,2025/05/05,HOU,MIL,MIL06,1,5,9,night,66,unknown,0,dome,none
MIL202505060,2025/05/06,HOU,MIL,MIL06,3,4,9,night,65,ltor,2,sunny,none
MIL202505070,2025/05/07,HOU,MIL,MIL06,9,1,9,day,63,unknown,0,dome,none
MIL202505160,2025/05/16,MIN,MIL,MIL06,3,0,9,night,77,unknown,0,dome,none
MIL202505170,2025/05/17,MIN,MIL,MIL06,7,0,9,night,70,unknown,0,dome,none
MIL202505180,2025/05/18,MIN,MIL,MIL06,2,5,9,day,63,unknown,0,dome,none
MIL202505190,2025/05/19,BAL,MIL,MIL06,4,5,9,night,65,unknown,0,dome,none
MIL202505200,2025/05/20,BAL,MIL,MIL06,2,5,9,night,62,unknown,0,dome,none
MIL202505210,2025/05/21,BAL,MIL,MIL06,8,4,11,day,64,unknown,0,dome,none
MIL202505260,2025/05/26,BOS,MIL,MIL06,2,3,9,day,62,ltor,12,sunny,none
MIL202505270,2025/05/27,BOS,MIL,MIL06,1,5,10,night,69,unknown,0,dome,none
MIL202505280,2025/05/28,BOS,MIL,MIL06,5,6,10,day,66,unknown,0,dome,none
MIL202506060,2025/06/06,SDN,MIL,MIL06,2,0,9,night,70,ltor,5,sunny,none
MIL202506070,2025/06/07,SDN,MIL,MIL06,3,4,9,night,69,fromcf,6,cloudy,none
MIL202506080,2025/06/08,SDN,MIL,MIL06,1,0,9,day,77,fromrf,9,cloudy,none
MIL202506090,2025/06/09,ATL,MIL,MIL06,7,1,9,night,70,unknown,0,dome,none
MIL202506100,2025/06/10,ATL,MIL,MIL06,1,4,9,night,69,ltor,8,cloudy,none
MIL202506110,2025/06/11,ATL,MIL,MIL06,6,2,9,day,83,fromrf,13,cloudy,none
MIL202506120,2025/06/12,SLN,MIL,MIL06,0,6,9,night,72,unknown,0,dome,none
MIL202506130,2025/06/13,SLN,MIL,MIL06,2,3,9,night,70,unknown,0,dome,none
MIL202506140,2025/06/14,SLN,MIL,MIL06,8,5,9,day,67,ltor,10,sunny,none
MIL202506150,2025/06/15,SLN,MIL,MIL06,2,3,9,day,70,fromlf,6,cloudy,none
MIL202506230,2025/06/23,PIT,MIL,MIL06,5,4,9,night,91,fromrf,15,sunny,none
MIL202506240,2025/06/24,PIT,MIL,MIL06,3,9,9,night,82,unknown,0,dome,none
MIL202506250,2025/06/25,PIT,MIL,MIL06,2,4,9,day,74,ltor,7,overcast,none
MIL202506270,2025/06/27,COL,MIL,MIL06,6,10,9,night,79,fromcf,2,cloudy,none
MIL202506280,2025/06/28,COL,MIL,MIL06,0,5,9,day,75,fromrf,8,sunny,none
MIL202506290,2025/06/29,COL,MIL,MIL06,4,3,11,day,88,fromrf,8,cloudy,none
MIL202507070,2025/07/07,LAN,MIL,MIL06,1,9,9,night,68,ltor,8,cloudy,none
MIL202507080,2025/07/08,LAN,MIL,MIL06,1,3,9,night,79,rtol,7,cloudy,none
MIL202507090,2025/07/09,LAN,MIL,MIL06,2,3,10,day,71,ltor,9,sunny,none
MIL202507110,2025/07/11,WAS,MIL,MIL06,3,8,9,night,76,unknown,0,dome,none
MIL202507120,2025/07/12,WAS,MIL,MIL06,5,6,9,day,83,rtol,9,cloudy,none
MIL202507130,2025/07/13,WAS,MIL,MIL06,1,8,9,day,80,rtol,8,sunny,none
MIL202507250,2025/07/25,MIA,MIL,MIL06,5,1,9,day,75,ltor,10,cloudy,none
MIL202507260,2025/07/26,MIA,MIL,MIL06,7,4,9,night,83,fromrf,7,cloudy,none
MIL202507270,2025/07/27,MIA,MIL,MIL06,2,3,9,day,86,fromlf,7,sunny,none
MIL202507280,2025/07/28,CHN,MIL,MIL06,4,8,9,night,85,fromrf,6,sunny,none
MIL202507290,2025/07/29,CHN,MIL,MIL06,3,9,9,night,83,fromcf,4,sunny,none
MIL202507300,2025/07/30,CHN,MIL,MIL06,10,3,9,day,80,unknown,0,dome,none
MIL202508080,2025/08/08,NYN,MIL,MIL06,2,3,9,night,86,fromrf,10,sunny,none
MIL202508090,2025/08/09,NYN,MIL,MIL06,4,7,9,night,86,unknown,0,dome,none
MIL202508100,2025/08/10,NYN,MIL,MIL06,6,7,9,day,79,unknown,0,dome,none
MIL202508110,2025/08/11,PIT,MIL,MIL06,1,7,9,night,84,fromrf,4,cloudy,none
MIL202508120,2025/08/12,PIT,MIL,MIL06,0,14,9,night,78,fromrf,5,cloudy,none
MIL202508130,2025/08/13,PIT,MIL,MIL06,5,12,9,day,80,ltor,7,cloudy,none
MIL202508220,2025/08/22,SFN,MIL,MIL06,4,5,9,night,78,fromrf,4,cloudy,none
MIL202508230,2025/08/23,SFN,MIL,MIL06,7,1,9,night,73,tolf,14,cloudy,none
MIL202508240,2025/08/24,SFN,MIL,MIL06,4,3,9,day,70,fromcf,14,cloudy,none
MIL202508250,2025/08/25,ARI,MIL,MIL06,5,7,9,night,67,torf,10,cloudy,none
MIL202508260,2025/08/26,ARI,MIL,MIL06,8,9,9,night,68,ltor,8,cloudy,none
MIL202508270,2025/08/27,ARI,MIL,MIL06,3,2,9,night,72,tolf,9,sunny,none
MIL202508280,2025/08/28,ARI,MIL,MIL06,6,4,9,day,68,ltor,13,cloudy,none
MIL202509010,2025/09/01,PHI,MIL,MIL06,10,8,9,day,76,ltor,7,sunny,none
MIL202509030,2025/09/03,PHI,MIL,MIL06,3,6,9,night,65,unknown,0,dome,none
MIL202509040,2025/09/04,PHI,MIL,MIL06,2,0,9,day,63,tolf,13,cloudy,none
MIL202509120,2025/09/12,SLN,MIL,MIL06,2,8,9,night,69,ltor,9,cloudy,none
MIL202509130,2025/09/13,SLN,MIL,MIL06,8,9,10,night,68,fromlf,6,cloudy,none
MIL202509140,2025/09/14,SLN,MIL,MIL06,3,2,9,day,76,ltor,8,sunny,none
MIL202509160,2025/09/16,ANA,MIL,MIL06,2,9,9,night,75,fromlf,6,sunny,none
MIL202509170,2025/09/17,ANA,MIL,MIL06,2,9,9,night,78,fromcf,5,sunny,none
MIL202509180,2025/09/18,ANA,MIL,MIL06,2,5,9,night,74,fromrf,8,sunny,none
MIL202509260,2025/09/26,CIN,MIL,MIL06,3,1,9,night,73,unknown,0,dome,none
MIL202509270,2025/09/27,CIN,MIL,MIL06,7,4,9,night,83,fromrf,5,sunny,none
MIL202509280,2025/09/28,CIN,MIL,MIL06,2,4,9,day,73,fromrf,7,sunny,none
NYN202504040,2025/04/04,TOR,NYN,NYC20,0,5,9,day,69,ltor,11,cloudy,none
NYN202504050,2025/04/05,TOR,NYN,NYC20,2,3,9,night,45,fromrf,7,cloudy,none
NYN202504060,2025/04/06,TOR,NYN,NYC20,1,2,9,day,52,fromlf,9,cloudy,none
NYN202504070,2025/04/07,MIA,NYN,NYC20,0,2,9,night,42,fromcf,5,cloudy,none
NYN202504080,2025/04/08,MIA,NYN,NYC20,5,10,9,day,43,ltor,19,cloudy,none
NYN202504090,2025/04/09,MIA,NYN,NYC20,5,0,9,day,44,ltor,7,sunny,none
NYN202504170,2025/04/17,SLN,NYN,NYC20,1,4,9,night,59,ltor,8,cloudy,none
NYN202504180,2025/04/18,SLN,NYN,NYC20,4,5,9,night,57,tolf,14,cloudy,none
NYN202504190,2025/04/19,SLN,NYN,NYC20,0,3,9,day,83,tocf,15,cloudy,none
NYN202504200,2025/04/20,SLN,NYN,NYC20,4,7,9,day,64,fromlf,14,sunny,none
NYN202504210,2025/04/21,PHI,NYN,NYC20,4,5,9,night,54,rtol,9,cloudy,none
NYN202504220,2025/04/22,PHI,NYN,NYC20,1,5,9,night,73,torf,8,cloudy,none
NYN202504230,2025/04/23,PHI,NYN,NYC20,3,4,10,day,70,ltor,8,sunny,none
NYN202504290,2025/04/29,ARI,NYN,NYC20,3,8,9,night,71,tolf,12,sunny,none
NYN202504300,2025/04/30,ARI,NYN,NYC20,4,3,9,night,71,ltor,9,cloudy,none
NYN202505010,2025/05/01,ARI,NYN,NYC20,4,2,9,day,66,rtol,8,cloudy,none
NYN202505090,2025/05/09,CHN,NYN,NYC20,2,7,9,night,57,ltor,7,cloudy,none
NYN202505100,2025/05/10,CHN,NYN,NYC20,6,5,9,night,68,ltor,8,sunny,none
NYN202505110,2025/05/11,CHN,NYN,NYC20,2,6,9,day,73,fromlf,9,sunny,none
NYN202505120,2025/05/12,PIT,NYN,NYC20,3,4,9,night,67,tolf,8,cloudy,none
NYN202505130,2025/05/13,PIT,NYN,NYC20,1,2,9,night,65,rtol,8,cloudy,none
NYN202505140,2025/05/14,PIT,NYN,NYC20,4,0,9,night,62,fromrf,11,cloudy,none
NYN202505230,2025/05/23,LAN,NYN,NYC20,7,5,13,night,59,torf,3,overcast,rain
NYN202505240,2025/05/24,LAN,NYN,NYC20,2,5,9,night,61,torf,11,cloudy,none
NYN202505250,2025/05/25,LAN,NYN,NYC20,1,3,9,night,64,ltor,9,cloudy,none
NYN202505260,2025/05/26,CHA,NYN,NYC20,1,2,9,day,73,fromcf,6,sunny,none
NYN202505270,2025/05/27,CHA,NYN,NYC20,4,6,9,night,68,tolf,7,cloudy,none
NYN202505280,2025/05/28,CHA,NYN,NYC20,9,4,9,day,63,tolf,8,overcast,drizzle
NYN202505300,2025/05/30,COL,NYN,NYC20,2,4,9,night,66,tolf,9,cloudy,none
NYN202505310,2025/05/31,COL,NYN,NYC20,2,8,9,day,66,torf,14,cloudy,none
NYN202506010,2025/06/01,COL,NYN,NYC20,3,5,9,day,64,torf,14,cloudy,none
NYN202506100,2025/06/10,WAS,NYN,NYC20,4,5,10,night,73,tolf,7,cloudy,none
NYN202506110,2025/06/11,WAS,NYN,NYC20,0,5,9,night,81,torf,9,sunny,none
NYN202506120,2025/06/12,WAS,NYN,NYC20,3,4,9,day,87,torf,9,sunny,none
NYN202506130,2025/06/13,TBA,NYN,NYC20,7,5,9,night,77,rtol,7,cloudy,none
NYN202506140,2025/06/14,TBA,NYN,NYC20,8,4,9,day,64,fromrf,9,cloudy,none
NYN202506150,2025/06/15,TBA,NYN,NYC20,9,0,9,day,62,fromrf,4,cloudy,none
NYN202506230,2025/06/23,ATL,NYN,NYC20,3,2,9,night,87,tocf,9,cloudy,none
NYN202506240,2025/06/24,ATL,NYN,NYC20,7,4,9,night,97,ltor,9,sunny,none
NYN202506250,2025/06/25,ATL,NYN,NYC20,3,7,9,night,93,ltor,5,sunny,none
NYN202506260,2025/06/26,ATL,NYN,NYC20,0,4,9,night,69,fromrf,11,cloudy,none
NYN202507021,2025/07/02,MIL,NYN,NYC20,7,2,9,day,81,tolf,4,cloudy,none
NYN202507022,2025/07/02,MIL,NYN,NYC20,3,7,9,night,81,tolf,4,sunny,none
NYN202507030,2025/07/03,MIL,NYN,NYC20,2,3,9,night,71,ltor,5,cloudy,none
NYN202507040,2025/07/04,NYA,NYN,NYC20,5,6,9,day,82,ltor,7,sunny,none
NYN202507050,2025/07/05,NYA,NYN,NYC20,6,12,9,day,85,tolf,11,sunny,none
NYN202507060,2025/07/06,NYA,NYN,NYC20,6,4,9,day,87,tolf,11,sunny,none
NYN202507180,2025/07/18,CIN,NYN,NYC20,8,4,9,night,82,fromrf,8,sunny,none
NYN202507190,2025/07/19,CIN,NYN,NYC20,5,2,9,day,81,tolf,8,cloudy,none
NYN202507200,2025/07/20,CIN,NYN,NYC20,2,3,9,day,87,tocf,4,cloudy,none
NYN202507210,2025/07/21,ANA,NYN,NYC20,5,7,9,night,81,fromlf,9,cloudy,none
NYN202507220,2025/07/22,ANA,NYN,NYC20,2,3,9,night,76,tolf,8,cloudy,none
NYN202507230,2025/07/23,ANA,NYN,NYC20,3,6,9,day,80,tolf,9,sunny,none
NYN202508010,2025/08/01,SFN,NYN,NYC20,4,3,10,night,73,fromlf,5,cloudy,none
NYN202508020,2025/08/02,SFN,NYN,NYC20,6,12,9,day,79,fromrf,4,cloudy,none
NYN202508030,2025/08/03,SFN,NYN,NYC20,12,4,9,day,83,fromcf,6,sunny,none
NYN202508040,2025/08/04,CLE,NYN,NYC20,7,6,10,night,82,tolf,7,sunny,none
NYN202508050,2025/08/05,CLE,NYN,NYC20,3,2,9,night,78,rtol,7,cloudy,none
NYN202508060,2025/08/06,CLE,NYN,NYC20,4,1,9,day,77,fromrf,4,cloudy,none
NYN202508120,2025/08/12,ATL,NYN,NYC20,5,13,9,night,81,tolf,10,sunny,none
NYN202508130,2025/08/13,ATL,NYN,NYC20,11,6,9,night,73,tolf,4,cloudy,none
NYN202508140,2025/08/14,ATL,NYN,NYC20,4,3,9,night,85,rtol,3,cloudy,none
NYN202508150,2025/08/15,SEA,NYN,NYC20,11,9,9,night,81,tolf,8,sunny,none
NYN202508160,2025/08/16,SEA,NYN,NYC20,1,3,9,day,84,tolf,9,sunny,none
NYN202508170,2025/08/17,SEA,NYN,WIL02,3,7,9,night,73,torf,5,cloudy,none
NYN202508250,2025/08/25,PHI,NYN,NYC20,3,13,9,night,80,torf,11,cloudy,none
NYN202508260,2025/08/26,PHI,NYN,NYC20,5,6,9,night,75,torf,6,cloudy,none
NYN202508270,2025/08/27,PHI,NYN,NYC20,0,6,9,night,72,ltor,10,cloudy,none
NYN202508280,2025/08/28,MIA,NYN,NYC20,7,4,9,night,72,tolf,10,cloudy,none
NYN202508290,2025/08/29,MIA,NYN,NYC20,9,19,9,night,74,torf,5,cloudy,none
NYN202508300,2025/08/30,MIA,NYN,NYC20,11,8,9,day,76,ltor,8,sunny,none
NYN202508310,2025/08/31,MIA,NYN,NYC20,5,1,9,day,77,fromrf,6,sunny,none
NYN202509120,2025/09/12,TEX,NYN,NYC20,8,3,9,night,73,tolf,6,sunny,none
NYN202509130,2025/09/13,TEX,NYN,NYC20,3,2,9,day,77,tolf,10,sunny,none
NYN202509140,2025/09/14,TEX,NYN,NYC20,2,5,10,day,81,fromcf,4,cloudy,none
NYN202509160,2025/09/16,SDN,NYN,NYC20,3,8,9,night,69,fromrf,7,cloudy,none
NYN202509170,2025/09/17,SDN,NYN,NYC20,7,4,9,night,68,fromrf,6,cloudy,none
NYN202509180,2025/09/18,SDN,NYN,NYC20,1,6,9,day,78,torf,4,sunny,none
NYN202509190,2025/09/19,WAS,NYN,NYC20,6,12,9,night,78,ltor,5,sunny,none
NYN202509200,2025/09/20,WAS,NYN,NYC20,5,3,11,day,74,fromcf,7,sunny,none
NYN202509210,2025/09/21,WAS,NYN,NYC20,3,2,9,day,72,fromrf,7,cloudy,none
PHI202503310,2025/03/31,COL,PHI,PHI13,1,6,9,day,77,tocf,16,cloudy,none
PHI202504020,2025/04/02,COL,PHI,PHI13,1,5,9,night,47,rtol,14,cloudy,none
PHI202504030,2025/04/03,COL,PHI,PHI13,1,3,9,day,71,tocf,12,overcast,drizzle
PHI202504040,2025/04/04,LAN,PHI,PHI13,2,3,9,night,67,fromcf,8,cloudy,none
PHI202504050,2025/04/05,LAN,PHI,PHI13,3,1,9,day,55,rtol,9,cloudy,none
PHI202504060,2025/04/06,LAN,PHI,PHI13,7,8,9,day,56,fromlf,9,cloudy,none
PHI202504140,2025/04/14,SFN,PHI,PHI13,10,4,9,night,68,tocf,5,cloudy,none
PHI202504150,2025/04/15,SFN,PHI,PHI13,4,6,9,night,56,ltor,25,cloudy,none
PHI202504160,2025/04/16,SFN,PHI,PHI13,11,4,9,night,53,ltor,22,cloudy,none
PHI202504170,2025/04/17,SFN,PHI,PHI13,4,6,9,day,62,tocf,13,sunny,none
PHI202504180,2025/04/18,MIA,PHI,PHI13,2,7,9,night,67,tocf,13,cloudy,none
PHI202504190,2025/04/19,MIA,PHI,PHI13,10,11,9,day,75,torf,14,cloudy,none
PHI202504200,2025/04/20,MIA,PHI,PHI13,7,5,10,day,68,fromlf,13,cloudy,none
PHI202504290,2025/04/29,WAS,PHI,PHI13,6,7,9,night,80,tocf,15,cloudy,none
PHI202504300,2025/04/30,WAS,PHI,PHI13,2,7,9,night,78,fromlf,10,sunny,none
PHI202505010,2025/05/01,WAS,PHI,PHI13,4,2,9,night,75,tocf,14,cloudy,none
PHI202505020,2025/05/02,ARI,PHI,PHI13,2,3,9,night,84,torf,12,cloudy,none
PHI202505030,2025/05/03,ARI,PHI,PHI13,2,7,9,night,82,tocf,13,cloudy,none
PHI202505040,2025/05/04,ARI,PHI,PHI13,11,9,10,day,68,tolf,9,overcast,none
PHI202505120,2025/05/12,SLN,PHI,PHI13,3,2,9,night,79,tocf,7,cloudy,none
PHI202505141,2025/05/14,SLN,PHI,PHI13,1,2,9,day,61,fromrf,10,overcast,drizzle
PHI202505142,2025/05/14,SLN,PHI,PHI13,14,7,9,night,64,fromrf,6,overcast,none
PHI202505160,2025/05/16,PIT,PHI,PHI13,4,8,9,night,73,tocf,5,cloudy,none
PHI202505170,2025/05/17,PIT,PHI,PHI13,2,5,9,night,84,torf,14,sunny,none
PHI202505180,2025/05/18,PIT,PHI,PHI13,0,1,9,day,74,torf,17,cloudy,none
PHI202505270,2025/05/27,ATL,PHI,PHI13,0,2,9,night,69,torf,11,cloudy,none
PHI202505291,2025/05/29,ATL,PHI,PHI13,4,5,9,day,67,fromcf,6,cloudy,none
PHI202505292,2025/05/29,ATL,PHI,PHI13,9,3,9,night,71,ltor,9,cloudy,none
PHI202505300,2025/05/30,MIL,PHI,PHI13,6,2,9,night,75,tocf,7,cloudy,none
PHI202505310,2025/05/31,MIL,PHI,PHI13,17,7,9,day,71,ltor,14,overcast,none
PHI202506010,2025/06/01,MIL,PHI,PHI13,5,2,9,day,68,ltor,15,cloudy,none
PHI202506090,2025/06/09,CHN,PHI,PHI13,3,4,11,night,71,rtol,8,cloudy,none
PHI202506100,2025/06/10,CHN,PHI,PHI13,8,4,9,night,77,ltor,12,cloudy,none
PHI202506110,2025/06/11,CHN,PHI,PHI13,2,7,9,day,81,tocf,8,sunny,none
PHI202506130,2025/06/13,TOR,PHI,PHI13,0,8,9,night,82,rtol,10,cloudy,none
PHI202506140,2025/06/14,TOR,PHI,PHI13,2,3,9,day,65,fromrf,9,overcast,none
PHI202506150,2025/06/15,TOR,PHI,PHI13,4,11,9,day,62,fromrf,7,cloudy,none
PHI202506200,2025/06/20,NYN,PHI,PHI13,2,10,9,night,84,torf,14,cloudy,none
PHI202506210,2025/06/21,NYN,PHI,PHI13,11,4,9,night,88,tocf,12,cloudy,none
PHI202506220,2025/06/22,NYN,PHI,PHI13,1,7,9,night,87,torf,8,sunny,none
PHI202506300,2025/06/30,SDN,PHI,PHI13,0,4,9,night,77,tolf,4,cloudy,none
PHI202507021,2025/07/02,SDN,PHI,PHI13,6,4,9,day,80,torf,4,cloudy,none
PHI202507022,2025/07/02,SDN,PHI,PHI13,1,5,9,night,84,torf,7,cloudy,none
PHI202507040,2025/07/04,CIN,PHI,PHI13,9,6,9,day,82,fromlf,8,sunny,none
PHI202507050,2025/07/05,CIN,PHI,PHI13,1,5,9,day,88,tocf,6,sunny,none
PHI202507060,2025/07/06,CIN,PHI,PHI13,1,3,9,day,88,tocf,6,cloudy,none
PHI202507180,2025/07/18,ANA,PHI,PHI13,6,5,9,night,84,ltor,8,cloudy,none
PHI202507190,2025/07/19,ANA,PHI,PHI13,5,9,9,night,78,tocf,6,cloudy,none
PHI202507200,2025/07/20,ANA,PHI,PHI13,8,2,9,day,84,ltor,7,cloudy,none
PHI202507210,2025/07/21,BOS,PHI,PHI13,2,3,10,night,84,fromlf,10,cloudy,none
PHI202507220,2025/07/22,BOS,PHI,PHI13,1,4,9,night,79,fromrf,9,cloudy,none
PHI202507230,2025/07/23,BOS,PHI,PHI13,9,8,11,night,81,tocf,10,cloudy,none
PHI202508010,2025/08/01,DET,PHI,PHI13,4,5,9,night,72,fromrf,8,cloudy,none
PHI202508020,2025/08/02,DET,PHI,PHI13,7,5,9,day,79,fromcf,5,cloudy,none
PHI202508030,2025/08/03,DET,PHI,PHI13,0,2,9,night,80,fromrf,4,sunny,none
PHI202508040,2025/08/04,BAL,PHI,PHI13,3,13,9,night,87,tocf,4,sunny,none
PHI202508050,2025/08/05,BAL,PHI,PHI13,0,5,9,night,79,tolf,6,cloudy,none
PHI202508060,2025/08/06,BAL,PHI,PHI13,5,1,9,day,80,fromrf,10,cloudy,none
PHI202508180,2025/08/18,SEA,PHI,PHI13,7,12,9,night,69,fromrf,9,cloudy,none
PHI202508190,2025/08/19,SEA,PHI,PHI13,4,6,9,night,75,tolf,9,cloudy,none
PHI202508200,2025/08/20,SEA,PHI,PHI13,2,11,9,day,71,rtol,7,cloudy,none
PHI202508220,2025/08/22,WAS,PHI,PHI13,5,4,9,night,82,tocf,3,sunny,none
PHI202508230,2025/08/23,WAS,PHI,PHI13,4,6,9,night,81,tocf,12,sunny,none
PHI202508240,2025/08/24,WAS,PHI,PHI13,2,3,9,day,81,tocf,9,cloudy,none
PHI202508280,2025/08/28,ATL,PHI,PHI13,4,19,9,night,74,tocf,8,cloudy,none
PHI202508290,2025/08/29,ATL,PHI,PHI13,1,2,9,night,75,ltor,10,cloudy,none
PHI202508300,2025/08/30,ATL,PHI,PHI13,2,3,10,night,75,fromcf,8,sunny,none
PHI202508310,2025/08/31,ATL,PHI,PHI13,3,1,9,night,73,fromrf,4,cloudy,none
PHI202509080,2025/09/08,NYN,PHI,PHI13,0,1,9,night,73,fromcf,7,sunny,none
PHI202509090,2025/09/09,NYN,PHI,PHI13,3,9,9,night,69,tolf,13,cloudy,none
PHI202509100,2025/09/10,NYN,PHI,PHI13,3,11,9,night,71,fromrf,8,cloudy,none
PHI202509110,2025/09/11,NYN,PHI,PHI13,4,6,9,night,75,fromcf,7,sunny,none
PHI202509120,2025/09/12,KCA,PHI,PHI13,2,8,9,night,76,fromrf,5,cloudy,none
PHI202509130,2025/09/13,KCA,PHI,PHI13,6,8,9,night,81,torf,9,cloudy,none
PHI202509140,2025/09/14,KCA,PHI,PHI13,10,3,9,day,83,fromcf,8,sunny,none
PHI202509230,2025/09/23,MIA,PHI,PHI13,6,5,11,night,80,tocf,9,cloudy,none
PHI202509240,2025/09/24,MIA,PHI,PHI13,1,11,9,night,72,tolf,4,overcast,none
PHI202509250,2025/09/25,MIA,PHI,PHI13,0,1,9,night,80,tocf,13,overcast,none
PHI202509260,2025/09/26,MIN,PHI,PHI13,1,3,9,night,78,fromcf,6,cloudy,none
PHI202509270,2025/09/27,MIN,PHI,PHI13,5,0,9,night,78,tolf,6,cloudy,none
PHI202509280,2025/09/28,MIN,PHI,PHI13,1,2,10,day,82,fromlf,4,sunny,none
PIT202504040,2025/04/04,NYA,PIT,PIT08,9,4,9,day,58,fromlf,4,cloudy,none
PIT202504050,2025/04/05,NYA,PIT,PIT08,10,4,9,day,70,tolf,10,overcast,none
PIT202504060,2025/04/06,NYA,PIT,PIT08,4,5,11,day,41,ltor,10,overcast,none
PIT202504070,2025/04/07,SLN,PIT,PIT08,4,8,9,night,55,tocf,12,cloudy,none
PIT202504080,2025/04/08,SLN,PIT,PIT08,5,3,9,night,38,tocf,13,cloudy,none
PIT202504090,2025/04/09,SLN,PIT,PIT08,1,2,13,day,39,tolf,7,sunny,none
PIT202504140,2025/04/14,WAS,PIT,PIT08,3,10,9,night,75,tolf,13,cloudy,none
PIT202504150,2025/04/15,WAS,PIT,PIT08,3,0,9,night,46,tolf,14,cloudy,none
PIT202504160,2025/04/16,WAS,PIT,PIT08,1,6,9,night,52,torf,14,sunny,none
PIT202504170,2025/04/17,WAS,PIT,PIT08,0,1,9,day,47,ltor,6,sunny,none
PIT202504180,2025/04/18,CLE,PIT,PIT08,10,7,9,night,84,rtol,14,cloudy,none
PIT202504190,2025/04/19,CLE,PIT,PIT08,3,0,9,day,83,tolf,15,cloudy,none
PIT202504200,2025/04/20,CLE,PIT,PIT08,5,4,10,day,58,fromlf,6,cloudy,none
PIT202504290,2025/04/29,CHN,PIT,PIT08,9,0,9,night,64,tolf,15,overcast,none
PIT202504300,2025/04/30,CHN,PIT,PIT08,3,4,9,night,72,tolf,4,cloudy,none
PIT202505010,2025/05/01,CHN,PIT,PIT08,8,3,9,day,81,tocf,12,cloudy,none
PIT202505020,2025/05/02,SDN,PIT,PIT08,9,4,9,night,61,tolf,5,overcast,none
PIT202505030,2025/05/03,SDN,PIT,PIT08,2,1,9,day,62,unknown,8,overcast,none
PIT202505040,2025/05/04,SDN,PIT,PIT08,4,0,9,day,63,rtol,6,cloudy,none
PIT202505090,2025/05/09,ATL,PIT,PIT08,2,3,9,night,61,torf,10,cloudy,none
PIT202505100,2025/05/10,ATL,PIT,PIT08,3,2,11,day,72,tocf,9,sunny,none
PIT202505110,2025/05/11,ATL,PIT,PIT08,3,4,9,day,72,fromcf,5,sunny,none
PIT202505190,2025/05/19,CIN,PIT,PIT08,7,1,9,night,65,torf,10,cloudy,none
PIT202505200,2025/05/20,CIN,PIT,PIT08,0,1,9,night,66,fromlf,6,cloudy,none
PIT202505210,2025/05/21,CIN,PIT,PIT08,1,3,9,day,65,fromrf,6,cloudy,none
PIT202505220,2025/05/22,MIL,PIT,PIT08,8,5,9,night,53,tocf,10,overcast,none
PIT202505230,2025/05/23,MIL,PIT,PIT08,5,6,10,night,58,tocf,11,cloudy,none
PIT202505240,2025/05/24,MIL,PIT,PIT08,1,2,9,day,61,torf,11,cloudy,none
PIT202505250,2025/05/25,MIL,PIT,PIT08,6,5,9,day,63,tocf,10,cloudy,none
PIT202506030,2025/06/03,HOU,PIT,PIT08,3,0,9,night,83,rtol,7,sunny,none
PIT202506040,2025/06/04,HOU,PIT,PIT08,0,3,9,night,86,rtol,8,cloudy,none
PIT202506050,2025/06/05,HOU,PIT,PIT08,8,2,9,night,69,torf,6,overcast,none
PIT202506060,2025/06/06,PHI,PIT,PIT08,4,5,9,night,69,tocf,3,overcast,rain
PIT202506070,2025/06/07,PHI,PIT,PIT08,1,2,9,day,77,tocf,5,cloudy,none
PIT202506080,2025/06/08,PHI,PIT,PIT08,1,2,9,day,64,fromrf,9,overcast,none
PIT202506090,2025/06/09,MIA,PIT,PIT08,3,10,9,night,73,rtol,6,cloudy,none
PIT202506100,2025/06/10,MIA,PIT,PIT08,3,2,9,night,74,tocf,12,sunny,none
PIT202506110,2025/06/11,MIA,PIT,PIT08,2,5,9,day,73,tolf,9,sunny,none
PIT202506200,2025/06/20,TEX,PIT,PIT08,6,2,9,night,78,tocf,5,cloudy,none
PIT202506210,2025/06/21,TEX,PIT,PIT08,3,2,9,day,85,tolf,10,cloudy,none
PIT202506220,2025/06/22,TEX,PIT,PIT08,3,8,9,day,91,tocf,10,sunny,none
PIT202506270,2025/06/27,NYN,PIT,PIT08,1,9,9,night,73,fromcf,6,cloudy,none
PIT202506280,2025/06/28,NYN,PIT,PIT08,2,9,9,day,82,tocf,7,overcast,none
PIT202506290,2025/06/29,NYN,PIT,PIT08,1,12,9,day,80,tolf,2,cloudy,none
PIT202506300,2025/06/30,SLN,PIT,PIT08,0,7,9,night,76,tolf,7,cloudy,none
PIT202507010,2025/07/01,SLN,PIT,PIT08,0,1,9,night,76,tolf,6,cloudy,none
PIT202507020,2025/07/02,SLN,PIT,PIT08,0,5,9,day,78,ltor,3,sunny,none
PIT202507180,2025/07/18,CHA,PIT,PIT08,10,1,9,night,75,ltor,2,cloudy,none
PIT202507190,2025/07/19,CHA,PIT,PIT08,10,4,9,night,84,tocf,6,cloudy,none
PIT202507200,2025/07/20,CHA,PIT,PIT08,7,2,9,day,83,tocf,10,cloudy,none
PIT202507210,2025/07/21,DET,PIT,PIT08,0,3,9,night,81,ltor,6,sunny,none
PIT202507220,2025/07/22,DET,PIT,PIT08,5,8,9,night,81,tocf,6,sunny,none
PIT202507230,2025/07/23,DET,PIT,PIT08,1,6,9,day,77,tocf,4,sunny,none
PIT202507250,2025/07/25,ARI,PIT,PIT08,1,0,11,night,84,torf,7,cloudy,none
PIT202507260,2025/07/26,ARI,PIT,PIT08,0,2,9,night,88,tolf,7,cloudy,none
PIT202507270,2025/07/27,ARI,PIT,PIT08,0,6,9,day,83,tolf,5,cloudy,none
PIT202508040,2025/08/04,SFN,PIT,PIT08,4,5,9,night,81,fromlf,5,cloudy,none
PIT202508050,2025/08/05,SFN,PIT,PIT08,8,1,9,night,81,fromlf,7,cloudy,none
PIT202508060,2025/08/06,SFN,PIT,PIT08,4,2,9,day,79,fromrf,9,cloudy,none
PIT202508070,2025/08/07,CIN,PIT,PIT08,0,7,9,night,81,fromcf,7,cloudy,none
PIT202508080,2025/08/08,CIN,PIT,PIT08,2,3,9,night,84,fromcf,6,sunny,none
PIT202508090,2025/08/09,CIN,PIT,PIT08,2,1,9,night,84,unknown,4,cloudy,none
PIT202508100,2025/08/10,CIN,PIT,PIT08,14,8,9,day,88,rtol,5,sunny,none
PIT202508180,2025/08/18,TOR,PIT,PIT08,2,5,9,night,83,ltor,4,sunny,none
PIT202508190,2025/08/19,TOR,PIT,PIT08,7,3,9,night,88,tolf,9,sunny,none
PIT202508200,2025/08/20,TOR,PIT,PIT08,1,2,9,day,75,tolf,7,cloudy,none
PIT202508220,2025/08/22,COL,PIT,PIT08,0,9,9,night,83,ltor,3,cloudy,none
PIT202508230,2025/08/23,COL,PIT,PIT08,1,5,9,night,84,tolf,8,cloudy,none
PIT202508240,2025/08/24,COL,PIT,PIT08,0,4,9,day,79,tocf,9,cloudy,none
PIT202509020,2025/09/02,LAN,PIT,PIT08,7,9,9,night,75,fromcf,3,cloudy,none
PIT202509030,2025/09/03,LAN,PIT,PIT08,0,3,9,night,81,tolf,9,cloudy,none
PIT202509040,2025/09/04,LAN,PIT,PIT08,3,5,9,night,64,tocf,3,overcast,rain
PIT202509050,2025/09/05,MIL,PIT,PIT08,5,2,9,night,79,tolf,9,cloudy,none
PIT202509060,2025/09/06,MIL,PIT,PIT08,4,1,9,night,64,tolf,7,cloudy,none
PIT202509070,2025/09/07,MIL,PIT,PIT08,10,2,9,day,67,tolf,8,cloudy,none
PIT202509150,2025/09/15,CHN,PIT,PIT08,4,0,9,night,82,fromlf,5,cloudy,none
PIT202509160,2025/09/16,CHN,PIT,PIT08,4,1,9,night,81,unknown,5,cloudy,none
PIT202509170,2025/09/17,CHN,PIT,PIT08,8,4,9,day,75,fromcf,8,cloudy,none
PIT202509190,2025/09/19,ATH,PIT,PIT08,4,3,9,night,82,unknown,4,sunny,none
PIT202509200,2025/09/20,ATH,PIT,PIT08,0,2,9,night,80,fromcf,5,cloudy,none
PIT202509210,2025/09/21,ATH,PIT,PIT08,0,11,9,day,83,fromrf,8,sunny,none
SDN202503270,2025/03/27,ATL,SDN,SAN02,4,7,9,day,66,ltor,9,cloudy,none
SDN202503280,2025/03/28,ATL,SDN,SAN02,3,4,9,night,59,ltor,8,cloudy,none
SDN202503290,2025/03/29,ATL,SDN,SAN02,0,1,9,day,62,ltor,9,cloudy,none
SDN202503300,2025/03/30,ATL,SDN,SAN02,0,5,9,day,63,ltor,10,cloudy,none
SDN202503310,2025/03/31,CLE,SDN,SAN02,2,7,9,night,60,ltor,7,cloudy,none
SDN202504010,2025/04/01,CLE,SDN,SAN02,0,7,9,night,61,fromlf,11,cloudy,none
SDN202504020,2025/04/02,CLE,SDN,SAN02,2,5,9,day,60,ltor,16,cloudy,none
SDN202504110,2025/04/11,COL,SDN,SAN02,0,8,9,night,70,torf,5,cloudy,none
SDN202504120,2025/04/12,COL,SDN,SAN02,0,2,9,night,63,ltor,7,cloudy,none
SDN202504130,2025/04/13,COL,SDN,SAN02,0,6,9,day,64,ltor,7,sunny,none
SDN202504140,2025/04/14,CHN,SDN,SAN02,4,10,9,night,63,ltor,6,sunny,none
SDN202504150,2025/04/15,CHN,SDN,SAN02,2,1,10,night,62,ltor,10,sunny,none
SDN202504160,2025/04/16,CHN,SDN,SAN02,2,4,9,day,65,ltor,6,cloudy,none
SDN202504250,2025/04/25,TBA,SDN,SAN02,1,0,9,night,62,ltor,11,cloudy,none
SDN202504260,2025/04/26,TBA,SDN,SAN02,4,1,9,night,62,torf,11,cloudy,none
SDN202504270,2025/04/27,TBA,SDN,SAN02,4,2,9,day,64,ltor,9,cloudy,none
SDN202504290,2025/04/29,SFN,SDN,SAN02,4,7,9,night,64,ltor,8,sunny,none
SDN202504300,2025/04/30,SFN,SDN,SAN02,3,5,9,day,65,ltor,10,cloudy,none
SDN202505120,2025/05/12,ANA,SDN,SAN02,9,5,9,night,64,ltor,11,cloudy,none
SDN202505130,2025/05/13,ANA,SDN,SAN02,4,6,9,night,64,ltor,9,cloudy,none
SDN202505140,2025/05/14,ANA,SDN,SAN02,1,5,9,night,66,ltor,8,cloudy,none
SDN202505160,2025/05/16,SEA,SDN,SAN02,5,1,9,night,62,torf,6,cloudy,none
SDN202505170,2025/05/17,SEA,SDN,SAN02,4,1,9,night,62,ltor,10,cloudy,none
SDN202505180,2025/05/18,SEA,SDN,SAN02,6,1,9,day,64,ltor,8,cloudy,none
SDN202505260,2025/05/26,MIA,SDN,SAN02,3,4,11,night,66,ltor,8,cloudy,none
SDN202505270,2025/05/27,MIA,SDN,SAN02,6,8,9,night,64,torf,7,overcast,none
SDN202505280,2025/05/28,MIA,SDN,SAN02,10,8,9,day,65,ltor,7,cloudy,none
SDN202505300,2025/05/30,PIT,SDN,SAN02,2,3,9,night,68,torf,9,cloudy,none
SDN202505310,2025/05/31,PIT,SDN,SAN02,5,0,9,night,71,rtol,5,cloudy,none
SDN202506010,2025/06/01,PIT,SDN,SAN02,4,6,9,day,72,ltor,10,overcast,none
SDN202506090,2025/06/09,LAN,SDN,SAN02,8,7,10,night,65,ltor,7,cloudy,none
SDN202506100,2025/06/10,LAN,SDN,SAN02,1,11,9,night,65,ltor,6,cloudy,none
SDN202506110,2025/06/11,LAN,SDN,SAN02,5,2,9,day,66,torf,8,cloudy,none
SDN202506200,2025/06/20,KCA,SDN,SAN02,6,5,9,night,67,ltor,7,cloudy,none
SDN202506210,2025/06/21,KCA,SDN,SAN02,1,5,9,day,66,ltor,10,cloudy,none
SDN202506220,2025/06/22,KCA,SDN,SAN02,2,3,9,day,70,ltor,9,sunny,none
SDN202506230,2025/06/23,WAS,SDN,SAN02,10,6,9,night,64,ltor,8,cloudy,none
SDN202506240,2025/06/24,WAS,SDN,SAN02,3,4,9,night,67,ltor,8,sunny,none
SDN202506250,2025/06/25,WAS,SDN,SAN02,0,1,9,day,71,ltor,12,sunny,none
SDN202507040,2025/07/04,TEX,SDN,SAN02,2,3,10,day,74,ltor,10,sunny,none
SDN202507050,2025/07/05,TEX,SDN,SAN02,7,4,9,night,70,ltor,6,sunny,none
SDN202507060,2025/07/06,TEX,SDN,SAN02,1,4,9,night,70,ltor,11,sunny,none
SDN202507070,2025/07/07,ARI,SDN,SAN02,6,3,9,night,70,ltor,8,sunny,none
SDN202507080,2025/07/08,ARI,SDN,SAN02,0,1,9,night,72,ltor,10,sunny,none
SDN202507090,2025/07/09,ARI,SDN,SAN02,8,2,9,night,72,ltor,11,sunny,none
SDN202507100,2025/07/10,ARI,SDN,SAN02,3,4,9,night,72,ltor,8,sunny,none
SDN202507110,2025/07/11,PHI,SDN,SAN02,2,4,9,night,68,torf,7,cloudy,none
SDN202507120,2025/07/12,PHI,SDN,SAN02,4,5,9,day,71,ltor,8,sunny,none
SDN202507130,2025/07/13,PHI,SDN,SAN02,2,1,9,day,72,ltor,6,sunny,none
SDN202507280,2025/07/28,NYN,SDN,SAN02,6,7,9,night,68,ltor,9,sunny,none
SDN202507290,2025/07/29,NYN,SDN,SAN02,1,7,9,night,70,fromlf,7,sunny,none
SDN202507300,2025/07/30,NYN,SDN,SAN02,0,5,9,day,73,ltor,8,sunny,none
SDN202508010,2025/08/01,SLN,SDN,SAN02,1,4,9,night,71,ltor,7,sunny,none
SDN202508020,2025/08/02,SLN,SDN,SAN02,8,5,9,night,70,ltor,9,sunny,none
SDN202508030,2025/08/03,SLN,SDN,SAN02,3,7,9,day,72,ltor,8,sunny,none
SDN202508080,2025/08/08,BOS,SDN,SAN02,10,2,9,night,71,ltor,7,cloudy,none
SDN202508090,2025/08/09,BOS,SDN,SAN02,4,5,10,night,72,ltor,6,cloudy,none
SDN202508100,2025/08/10,BOS,SDN,SAN02,2,6,9,day,75,ltor,7,sunny,none
SDN202508180,2025/08/18,SFN,SDN,SAN02,4,3,9,night,72,ltor,6,sunny,none
SDN202508190,2025/08/19,SFN,SDN,SAN02,1,5,9,night,72,ltor,8,sunny,none
SDN202508200,2025/08/20,SFN,SDN,SAN02,1,8,9,night,75,ltor,8,sunny,none
SDN202508210,2025/08/21,SFN,SDN,SAN02,4,8,9,day,79,ltor,9,cloudy,none
SDN202508220,2025/08/22,LAN,SDN,SAN02,1,2,9,night,74,ltor,7,cloudy,none
SDN202508230,2025/08/23,LAN,SDN,SAN02,1,5,9,night,79,ltor,8,cloudy,none
SDN202508240,2025/08/24,LAN,SDN,SAN02,8,2,9,day,77,ltor,10,sunny,none
SDN202509010,2025/09/01,BAL,SDN,SAN02,4,3,9,day,82,ltor,10,cloudy,none
SDN202509020,2025/09/02,BAL,SDN,SAN02,6,2,9,night,75,ltor,11,sunny,none
SDN202509030,2025/09/03,BAL,SDN,SAN02,7,5,9,day,79,ltor,10,sunny,none
SDN202509080,2025/09/08,CIN,SDN,SAN02,3,4,10,night,73,ltor,7,sunny,none
SDN202509090,2025/09/09,CIN,SDN,SAN02,4,2,9,night,72,ltor,9,cloudy,none
SDN202509100,2025/09/10,CIN,SDN,SAN02,2,1,9,night,73,ltor,10,sunny,none
SDN202509110,2025/09/11,COL,SDN,SAN02,0,2,9,night,72,ltor,7,cloudy,none
SDN202509120,2025/09/12,COL,SDN,SAN02,4,2,9,night,72,ltor,8,cloudy,none
SDN202509130,2025/09/13,COL,SDN,SAN02,3,11,9,night,72,ltor,8,cloudy,none
SDN202509140,2025/09/14,COL,SDN,SAN02,6,9,9,day,72,ltor,7,cloudy,none
SDN202509220,2025/09/22,MIL,SDN,SAN02,4,5,11,night,71,ltor,7,cloudy,none
SDN202509230,2025/09/23,MIL,SDN,SAN02,0,7,9,night,72,ltor,6,sunny,none
SDN202509240,2025/09/24,MIL,SDN,SAN02,3,1,9,day,76,ltor,10,sunny,none
SDN202509260,2025/09/26,ARI,SDN,SAN02,4,7,9,night,68,ltor,8,cloudy,none
SDN202509270,2025/09/27,ARI,SDN,SAN02,1,5,9,night,73,ltor,8,cloudy,none
SDN202509280,2025/09/28,ARI,SDN,SAN02,4,12,9,day,74,ltor,5,cloudy,none
SFN202504040,2025/04/04,SEA,SFN,SFO03,9,10,11,day,62,unknown,9,sunny,none
SFN202504050,2025/04/05,SEA,SFN,SFO03,1,4,9,night,66,tocf,7,sunny,none
SFN202504060,2025/04/06,SEA,SFN,SFO03,4,5,9,day,60,tocf,8,cloudy,none
SFN202504070,2025/04/07,CIN,SFN,SFO03,2,0,9,night,56,tocf,9,cloudy,none
SFN202504080,2025/04/08,CIN,SFN,SFO03,1,0,9,night,59,tocf,14,sunny,none
SFN202504090,2025/04/09,CIN,SFN,SFO03,6,8,10,day,65,tocf,5,sunny,none
SFN202504210,2025/04/21,MIL,SFN,SFO03,2,5,9,night,62,tocf,7,sunny,none
SFN202504220,2025/04/22,MIL,SFN,SFO03,11,3,9,night,56,unknown,10,cloudy,none
SFN202504230,2025/04/23,MIL,SFN,SFO03,2,4,9,night,54,tocf,16,cloudy,none
SFN202504240,2025/04/24,MIL,SFN,SFO03,5,6,9,day,54,tocf,11,overcast,none
SFN202504250,2025/04/25,TEX,SFN,SFO03,2,0,9,night,55,tocf,9,cloudy,none
SFN202504260,2025/04/26,TEX,SFN,SFO03,2,3,9,day,58,unknown,8,cloudy,none
SFN202504270,2025/04/27,TEX,SFN,SFO03,2,3,9,day,57,tocf,8,cloudy,none
SFN202505010,2025/05/01,COL,SFN,SFO03,4,3,9,night,54,tocf,14,cloudy,none
SFN202505020,2025/05/02,COL,SFN,SFO03,0,4,9,night,56,tocf,18,cloudy,none
SFN202505030,2025/05/03,COL,SFN,SFO03,3,6,9,day,59,tocf,10,cloudy,none
SFN202505040,2025/05/04,COL,SFN,SFO03,3,9,9,day,64,unknown,15,sunny,none
SFN202505120,2025/05/12,ARI,SFN,SFO03,2,1,9,night,58,tocf,13,cloudy,none
SFN202505130,2025/05/13,ARI,SFN,SFO03,6,10,9,night,60,unknown,20,sunny,none
SFN202505140,2025/05/14,ARI,SFN,SFO03,8,7,9,day,64,tocf,6,cloudy,none
SFN202505160,2025/05/16,ATH,SFN,SFO03,1,9,9,night,60,unknown,15,sunny,none
SFN202505170,2025/05/17,ATH,SFN,SFO03,0,1,10,night,62,unknown,19,sunny,none
SFN202505180,2025/05/18,ATH,SFN,SFO03,2,3,9,day,69,unknown,13,sunny,none
SFN202505190,2025/05/19,KCA,SFN,SFO03,3,1,9,night,65,tocf,16,sunny,none
SFN202505200,2025/05/20,KCA,SFN,SFO03,2,3,9,night,63,tocf,11,sunny,none
SFN202505210,2025/05/21,KCA,SFN,SFO03,8,4,9,day,65,tocf,8,sunny,none
SFN202506020,2025/06/02,SDN,SFN,SFO03,1,0,10,night,60,tocf,11,cloudy,none
SFN202506030,2025/06/03,SDN,SFN,SFO03,3,2,10,night,61,tocf,10,sunny,none
SFN202506040,2025/06/04,SDN,SFN,SFO03,5,6,9,night,58,tocf,12,cloudy,none
SFN202506050,2025/06/05,SDN,SFN,SFO03,2,3,9,day,64,tocf,12,sunny,none
SFN202506060,2025/06/06,ATL,SFN,SFO03,4,5,10,night,61,unknown,19,cloudy,none
SFN202506070,2025/06/07,ATL,SFN,SFO03,2,3,9,day,61,unknown,16,cloudy,none
SFN202506080,2025/06/08,ATL,SFN,SFO03,3,4,9,day,60,unknown,16,cloudy,none
SFN202506170,2025/06/17,CLE,SFN,SFO03,3,2,9,night,63,tocf,10,sunny,none
SFN202506180,2025/06/18,CLE,SFN,SFO03,4,2,9,night,69,tocf,10,sunny,none
SFN202506190,2025/06/19,CLE,SFN,SFO03,1,2,9,day,61,tocf,21,sunny,none
SFN202506200,2025/06/20,BOS,SFN,SFO03,7,5,9,night,61,tocf,19,cloudy,none
SFN202506210,2025/06/21,BOS,SFN,SFO03,2,3,9,day,67,tocf,15,sunny,none
SFN202506220,2025/06/22,BOS,SFN,SFO03,5,9,9,day,69,unknown,13,sunny,none
SFN202506240,2025/06/24,MIA,SFN,SFO03,4,2,9,night,57,tocf,16,cloudy,none
SFN202506250,2025/06/25,MIA,SFN,SFO03,8,5,10,night,60,tocf,15,cloudy,none
SFN202506260,2025/06/26,MIA,SFN,SFO03,12,5,9,day,63,tocf,13,sunny,none
SFN202507070,2025/07/07,PHI,SFN,SFO03,1,3,9,night,61,tocf,12,sunny,none
SFN202507080,2025/07/08,PHI,SFN,SFO03,3,4,9,night,63,tocf,13,cloudy,none
SFN202507090,2025/07/09,PHI,SFN,SFO03,13,0,9,day,64,tocf,10,cloudy,none
SFN202507110,2025/07/11,LAN,SFN,SFO03,7,8,9,night,60,tocf,9,sunny,none
SFN202507120,2025/07/12,LAN,SFN,SFO03,2,1,9,day,62,tocf,9,sunny,none
SFN202507130,2025/07/13,LAN,SFN,SFO03,5,2,11,day,64,unknown,10,sunny,none
SFN202507250,2025/07/25,NYN,SFN,SFO03,8,1,9,night,60,tocf,12,cloudy,none
SFN202507260,2025/07/26,NYN,SFN,SFO03,2,1,9,night,61,tocf,13,cloudy,none
SFN202507270,2025/07/27,NYN,SFN,SFO03,5,3,9,day,64,unknown,16,cloudy,none
SFN202507280,2025/07/28,PIT,SFN,SFO03,6,5,9,night,64,tocf,11,sunny,none
SFN202507290,2025/07/29,PIT,SFN,SFO03,3,1,9,night,63,tocf,14,cloudy,none
SFN202507300,2025/07/30,PIT,SFN,SFO03,2,1,10,day,62,tocf,11,overcast,none
SFN202508080,2025/08/08,WAS,SFN,SFO03,0,5,9,night,65,tocf,10,sunny,none
SFN202508090,2025/08/09,WAS,SFN,SFO03,4,2,9,day,70,unknown,14,sunny,none
SFN202508100,2025/08/10,WAS,SFN,SFO03,8,0,9,day,65,tocf,12,sunny,none
SFN202508110,2025/08/11,SDN,SFN,SFO03,4,1,9,night,62,tocf,15,cloudy,none
SFN202508120,2025/08/12,SDN,SFN,SFO03,5,1,9,night,63,tocf,12,overcast,none
SFN202508130,2025/08/13,SDN,SFN,SFO03,11,1,9,day,64,unknown,14,overcast,none
SFN202508150,2025/08/15,TBA,SFN,SFO03,7,6,9,night,65,tocf,15,sunny,none
SFN202508160,2025/08/16,TBA,SFN,SFO03,2,1,9,night,65,unknown,17,cloudy,none
SFN202508170,2025/08/17,TBA,SFN,SFO03,1,7,9,day,64,tocf,16,cloudy,none
SFN202508260,2025/08/26,CHN,SFN,SFO03,2,5,9,night,66,tolf,8,cloudy,none
SFN202508270,2025/08/27,CHN,SFN,SFO03,3,12,9,night,67,unknown,16,cloudy,none
SFN202508280,2025/08/28,CHN,SFN,SFO03,3,4,9,day,67,tocf,5,sunny,none
SFN202508290,2025/08/29,BAL,SFN,SFO03,8,15,9,night,63,fromcf,13,sunny,none
SFN202508300,2025/08/30,BAL,SFN,SFO03,11,1,9,day,80,unknown,16,sunny,none
SFN202508310,2025/08/31,BAL,SFN,SFO03,2,13,9,day,84,unknown,11,cloudy,none
SFN202509080,2025/09/08,ARI,SFN,SFO03,5,11,9,night,70,tocf,8,sunny,none
SFN202509090,2025/09/09,ARI,SFN,SFO03,3,5,9,night,68,tocf,11,overcast,drizzle
SFN202509100,2025/09/10,ARI,SFN,SFO03,5,3,9,day,67,unknown,11,cloudy,none
SFN202509120,2025/09/12,LAN,SFN,SFO03,1,5,10,night,64,unknown,14,sunny,none
SFN202509130,2025/09/13,LAN,SFN,SFO03,13,7,9,night,65,unknown,13,sunny,none
SFN202509140,2025/09/14,LAN,SFN,SFO03,10,2,9,day,70,unknown,12,sunny,none
SFN202509220,2025/09/22,SLN,SFN,SFO03,6,5,9,night,66,unknown,13,sunny,none
SFN202509230,2025/09/23,SLN,SFN,SFO03,9,8,9,night,76,tocf,9,sunny,none
SFN202509240,2025/09/24,SLN,SFN,SFO03,3,4,9,night,68,unknown,9,cloudy,none
SFN202509260,2025/09/26,COL,SFN,SFO03,3,6,9,night,63,tolf,7,sunny,none
SFN202509270,2025/09/27,COL,SFN,SFO03,3,4,9,day,66,tocf,13,cloudy,none
SFN202509280,2025/09/28,COL,SFN,SFO03,0,4,9,day,65,tocf,7,cloudy,none
SLN202503270,2025/03/27,MIN,SLN,STL10,3,5,9,day,63,fromrf,8,cloudy,none
SLN202503290,2025/03/29,MIN,SLN,STL10,1,5,9,day,68,tolf,10,cloudy,none
SLN202503300,2025/03/30,MIN,SLN,STL10,2,9,9,day,74,rtol,14,cloudy,none
SLN202503310,2025/03/31,ANA,SLN,STL10,5,4,10,night,52,ltor,7,cloudy,none
SLN202504010,2025/04/01,ANA,SLN,STL10,9,7,11,night,59,rtol,17,cloudy,none
SLN202504020,2025/04/02,ANA,SLN,STL10,5,12,9,day,75,tolf,25,overcast,none
SLN202504110,2025/04/11,PHI,SLN,STL10,0,2,9,night,54,fromlf,6,cloudy,none
SLN202504120,2025/04/12,PHI,SLN,STL10,4,1,9,day,60,rtol,4,sunny,none
SLN202504130,2025/04/13,PHI,SLN,STL10,0,7,9,day,73,rtol,20,sunny,none
SLN202504140,2025/04/14,HOU,SLN,STL10,3,8,9,night,63,torf,15,cloudy,none
SLN202504150,2025/04/15,HOU,SLN,STL10,2,0,9,night,62,ltor,16,sunny,none
SLN202504160,2025/04/16,HOU,SLN,STL10,1,4,9,day,66,rtol,4,sunny,none
SLN202504250,2025/04/25,MIL,SLN,STL10,2,3,9,night,72,ltor,13,cloudy,none
SLN202504260,2025/04/26,MIL,SLN,STL10,5,6,9,day,63,fromlf,9,cloudy,none
SLN202504270,2025/04/27,MIL,SLN,STL10,7,1,9,day,61,rtol,9,cloudy,none
SLN202505020,2025/05/02,NYN,SLN,STL10,9,3,9,night,62,torf,5,cloudy,none
SLN202505041,2025/05/04,NYN,SLN,STL10,5,6,9,day,58,torf,11,cloudy,none
SLN202505042,2025/05/04,NYN,SLN,STL10,4,5,9,night,63,torf,8,cloudy,none
SLN202505050,2025/05/05,PIT,SLN,STL10,3,6,9,night,60,tolf,4,cloudy,none
SLN202505060,2025/05/06,PIT,SLN,STL10,1,2,9,night,72,tolf,5,cloudy,none
SLN202505070,2025/05/07,PIT,SLN,STL10,0,5,9,day,69,fromlf,8,cloudy,none
SLN202505190,2025/05/19,DET,SLN,STL10,4,11,9,night,83,rtol,12,cloudy,none
SLN202505200,2025/05/20,DET,SLN,STL10,5,4,9,night,81,torf,15,cloudy,none
SLN202505210,2025/05/21,DET,SLN,STL10,5,1,9,day,66,tocf,18,sunny,none
SLN202505230,2025/05/23,ARI,SLN,STL10,3,4,9,night,71,tolf,4,cloudy,none
SLN202505240,2025/05/24,ARI,SLN,STL10,5,6,9,day,70,tolf,8,cloudy,none
SLN202505250,2025/05/25,ARI,SLN,STL10,3,4,9,day,62,fromlf,9,overcast,none
SLN202506030,2025/06/03,KCA,SLN,STL10,10,7,9,night,86,tolf,16,sunny,none
SLN202506051,2025/06/05,KCA,SLN,STL10,5,6,10,day,67,fromlf,6,cloudy,none
SLN202506052,2025/06/05,KCA,SLN,STL10,7,5,9,night,73,ltor,7,cloudy,none
SLN202506060,2025/06/06,LAN,SLN,STL10,0,5,9,night,71,fromlf,6,cloudy,none
SLN202506070,2025/06/07,LAN,SLN,STL10,1,2,9,day,71,fromcf,6,overcast,none
SLN202506080,2025/06/08,LAN,SLN,STL10,7,3,9,day,78,torf,8,sunny,none
SLN202506090,2025/06/09,TOR,SLN,STL10,5,4,10,night,76,ltor,11,cloudy,none
SLN202506100,2025/06/10,TOR,SLN,STL10,10,9,9,night,79,torf,3,sunny,none
SLN202506110,2025/06/11,TOR,SLN,STL10,5,2,9,day,83,rtol,6,cloudy,none
SLN202506200,2025/06/20,CIN,SLN,STL10,1,6,9,night,89,tolf,9,sunny,none
SLN202506210,2025/06/21,CIN,SLN,STL10,5,6,11,day,92,rtol,13,sunny,none
SLN202506220,2025/06/22,CIN,SLN,STL10,4,1,9,day,93,tolf,11,sunny,none
SLN202506230,2025/06/23,CHN,SLN,STL10,2,8,9,night,94,tolf,8,sunny,none
SLN202506240,2025/06/24,CHN,SLN,STL10,7,8,9,night,93,rtol,5,cloudy,none
SLN202506250,2025/06/25,CHN,SLN,STL10,8,0,9,night,88,tolf,8,cloudy,none
SLN202506260,2025/06/26,CHN,SLN,STL10,3,0,9,day,89,rtol,8,cloudy,none
SLN202507080,2025/07/08,WAS,SLN,STL10,2,4,9,night,73,torf,7,overcast,none
SLN202507090,2025/07/09,WAS,SLN,STL10,8,2,9,night,87,fromlf,6,sunny,none
SLN202507100,2025/07/10,WAS,SLN,STL10,1,8,9,night,87,tolf,8,sunny,none
SLN202507110,2025/07/11,ATL,SLN,STL10,6,5,9,night,91,tolf,9,cloudy,none
SLN202507120,2025/07/12,ATL,SLN,STL10,7,6,9,day,83,tocf,11,overcast,none
SLN202507130,2025/07/13,ATL,SLN,STL10,4,5,9,day,78,rtol,6,overcast,rain
SLN202507240,2025/07/24,SDN,SLN,STL10,7,9,9,night,93,tolf,7,sunny,none
SLN202507250,2025/07/25,SDN,SLN,STL10,0,3,9,night,88,rtol,8,cloudy,none
SLN202507260,2025/07/26,SDN,SLN,STL10,3,1,9,night,93,fromrf,10,cloudy,none
SLN202507270,2025/07/27,SDN,SLN,STL10,9,2,9,day,86,rtol,7,cloudy,none
SLN202507280,2025/07/28,MIA,SLN,STL10,1,7,9,night,92,tolf,8,cloudy,none
SLN202507290,2025/07/29,MIA,SLN,STL10,5,0,9,night,93,fromlf,6,cloudy,none
SLN202507300,2025/07/30,MIA,SLN,STL10,2,0,9,night,85,fromlf,5,cloudy,none
SLN202508080,2025/08/08,CHN,SLN,STL10,0,5,9,night,91,rtol,11,cloudy,none
SLN202508090,2025/08/09,CHN,SLN,STL10,9,1,9,night,90,rtol,11,cloudy,none
SLN202508100,2025/08/10,CHN,SLN,STL10,2,3,9,night,82,torf,17,cloudy,none
SLN202508110,2025/08/11,COL,SLN,STL10,2,3,9,night,88,tocf,7,sunny,none
SLN202508120,2025/08/12,COL,SLN,STL10,3,0,9,night,81,tolf,5,cloudy,none
SLN202508130,2025/08/13,COL,SLN,STL10,6,5,9,day,85,torf,4,cloudy,none
SLN202508150,2025/08/15,NYA,SLN,STL10,4,3,9,night,95,tolf,6,sunny,none
SLN202508160,2025/08/16,NYA,SLN,STL10,12,8,9,night,88,ltor,6,cloudy,none
SLN202508170,2025/08/17,NYA,SLN,STL10,8,4,9,day,89,fromrf,8,cloudy,none
SLN202508250,2025/08/25,PIT,SLN,STL10,6,7,9,night,71,ltor,7,cloudy,none
SLN202508260,2025/08/26,PIT,SLN,STL10,8,3,9,night,75,fromlf,8,sunny,none
SLN202508270,2025/08/27,PIT,SLN,STL10,2,1,9,night,80,tolf,4,cloudy,none
SLN202508280,2025/08/28,PIT,SLN,STL10,1,4,9,day,80,rtol,2,cloudy,none
SLN202509010,2025/09/01,ATH,SLN,STL10,11,3,9,day,79,fromlf,5,cloudy,none
SLN202509020,2025/09/02,ATH,SLN,STL10,1,2,9,night,80,torf,4,cloudy,none
SLN202509030,2025/09/03,ATH,SLN,STL10,1,5,9,night,84,torf,7,cloudy,none
SLN202509050,2025/09/05,SFN,SLN,STL10,8,2,9,night,68,torf,6,cloudy,none
SLN202509060,2025/09/06,SFN,SLN,STL10,2,3,9,night,73,ltor,8,cloudy,none
SLN202509070,2025/09/07,SFN,SLN,STL10,3,4,9,day,72,fromrf,8,sunny,none
SLN202509150,2025/09/15,CIN,SLN,STL10,11,6,9,night,85,fromcf,4,cloudy,none
SLN202509160,2025/09/16,CIN,SLN,STL10,0,3,9,night,90,fromlf,7,sunny,none
SLN202509170,2025/09/17,CIN,SLN,STL10,6,2,9,day,85,fromcf,2,sunny,none
SLN202509190,2025/09/19,MIL,SLN,STL10,1,7,9,night,79,fromrf,4,sunny,none
SLN202509200,2025/09/20,MIL,SLN,STL10,3,2,10,night,74,fromrf,9,cloudy,none
SLN202509210,2025/09/21,MIL,SLN,STL10,1,5,9,day,82,rtol,6,cloudy,none
WAS202503270,2025/03/27,PHI,WAS,WAS11,7,3,10,day,57,ltor,5,sunny,none
WAS202503290,2025/03/29,PHI,WAS,WAS11,11,6,9,day,81,torf,7,overcast,none
WAS202503300,2025/03/30,PHI,WAS,WAS11,1,5,9,day,79,tocf,16,cloudy,none
WAS202504040,2025/04/04,ARI,WAS,WAS11,6,4,9,night,72,fromcf,7,cloudy,none
WAS202504050,2025/04/05,ARI,WAS,WAS11,3,4,9,day,73,tolf,9,cloudy,none
WAS202504060,2025/04/06,ARI,WAS,WAS11,4,5,9,day,59,fromlf,14,overcast,none
WAS202504070,2025/04/07,LAN,WAS,WAS11,4,6,9,night,45,fromcf,8,cloudy,none
WAS202504080,2025/04/08,LAN,WAS,WAS11,2,8,9,night,46,ltor,17,sunny,none
WAS202504090,2025/04/09,LAN,WAS,WAS11,6,5,9,day,52,torf,6,sunny,none
WAS202504220,2025/04/22,BAL,WAS,WAS11,0,7,9,night,77,ltor,8,cloudy,none
WAS202504230,2025/04/23,BAL,WAS,WAS11,3,4,9,night,75,rtol,6,sunny,none
WAS202504240,2025/04/24,BAL,WAS,WAS11,2,1,9,night,75,tolf,8,sunny,none
WAS202504250,2025/04/25,NYN,WAS,WAS11,4,5,9,night,73,tolf,13,cloudy,none
WAS202504260,2025/04/26,NYN,WAS,WAS11,2,0,9,day,73,tolf,9,cloudy,none
WAS202504270,2025/04/27,NYN,WAS,WAS11,7,8,9,day,64,fromlf,19,sunny,none
WAS202504280,2025/04/28,NYN,WAS,WAS11,19,5,9,day,75,tocf,7,sunny,none
WAS202505061,2025/05/06,CLE,WAS,WAS11,9,10,9,day,70,torf,12,cloudy,none
WAS202505062,2025/05/06,CLE,WAS,WAS11,9,1,9,day,70,ltor,2,cloudy,none
WAS202505070,2025/05/07,CLE,WAS,WAS11,8,6,9,day,72,fromlf,7,cloudy,none
WAS202505090,2025/05/09,SLN,WAS,WAS11,10,0,9,night,59,fromlf,14,sunny,none
WAS202505100,2025/05/10,SLN,WAS,WAS11,4,2,9,day,73,fromlf,8,sunny,none
WAS202505110,2025/05/11,SLN,WAS,WAS11,6,1,9,day,81,fromlf,3,cloudy,none
WAS202505200,2025/05/20,ATL,WAS,WAS11,3,5,9,night,68,fromcf,2,cloudy,none
WAS202505220,2025/05/22,ATL,WAS,WAS11,7,8,10,night,62,fromlf,9,cloudy,none
WAS202505230,2025/05/23,SFN,WAS,WAS11,4,0,9,night,66,ltor,13,cloudy,none
WAS202505240,2025/05/24,SFN,WAS,WAS11,0,3,9,day,70,fromlf,5,cloudy,none
WAS202505250,2025/05/25,SFN,WAS,WAS11,3,2,9,day,70,ltor,11,cloudy,none
WAS202506030,2025/06/03,CHN,WAS,WAS11,8,3,9,night,81,tolf,7,sunny,none
WAS202506040,2025/06/04,CHN,WAS,WAS11,0,2,9,night,86,tocf,11,sunny,none
WAS202506050,2025/06/05,CHN,WAS,WAS11,7,1,9,night,84,tocf,2,cloudy,none
WAS202506060,2025/06/06,TEX,WAS,WAS11,0,2,9,night,81,tolf,6,cloudy,none
WAS202506070,2025/06/07,TEX,WAS,WAS11,5,0,9,day,82,fromlf,7,cloudy,none
WAS202506080,2025/06/08,TEX,WAS,WAS11,4,2,9,day,72,rtol,8,overcast,none
WAS202506130,2025/06/13,MIA,WAS,WAS11,11,9,9,night,86,fromrf,7,cloudy,none
WAS202506140,2025/06/14,MIA,WAS,WAS11,4,3,9,day,80,fromlf,2,cloudy,none
WAS202506150,2025/06/15,MIA,WAS,WAS11,3,1,9,day,65,fromrf,6,cloudy,none
WAS202506160,2025/06/16,COL,WAS,WAS11,6,4,9,night,66,fromrf,5,cloudy,none
WAS202506170,2025/06/17,COL,WAS,WAS11,10,6,9,night,80,tolf,2,cloudy,none
WAS202506180,2025/06/18,COL,WAS,WAS11,3,1,9,night,78,torf,12,cloudy,none
WAS202506190,2025/06/19,COL,WAS,WAS11,3,4,11,day,90,rtol,12,cloudy,none
WAS202507021,2025/07/02,DET,WAS,WAS11,11,2,9,day,80,fromlf,2,cloudy,none
WAS202507022,2025/07/02,DET,WAS,WAS11,4,9,9,night,84,rtol,5,cloudy,none
WAS202507030,2025/07/03,DET,WAS,WAS11,7,11,9,night,92,torf,3,sunny,none
WAS202507040,2025/07/04,BOS,WAS,WAS11,11,2,9,day,83,fromcf,3,sunny,none
WAS202507050,2025/07/05,BOS,WAS,WAS11,10,3,9,day,89,tolf,4,cloudy,none
WAS202507060,2025/07/06,BOS,WAS,WAS11,6,4,9,day,86,tolf,5,cloudy,none
WAS202507180,2025/07/18,SDN,WAS,WAS11,7,2,9,night,86,fromrf,3,cloudy,none
WAS202507190,2025/07/19,SDN,WAS,WAS11,2,4,9,night,76,fromrf,8,cloudy,none
WAS202507200,2025/07/20,SDN,WAS,WAS11,8,1,9,day,87,ltor,12,cloudy,none
WAS202507210,2025/07/21,CIN,WAS,WAS11,8,10,9,night,86,fromrf,10,cloudy,none
WAS202507220,2025/07/22,CIN,WAS,WAS11,1,6,9,night,84,rtol,3,cloudy,none
WAS202507230,2025/07/23,CIN,WAS,WAS11,5,0,9,day,82,tolf,5,cloudy,none
WAS202508010,2025/08/01,MIL,WAS,WAS11,16,9,9,night,73,fromrf,6,cloudy,none
WAS202508020,2025/08/02,MIL,WAS,WAS11,8,2,9,day,79,fromrf,3,cloudy,none
WAS202508030,2025/08/03,MIL,WAS,WAS11,14,3,9,day,79,fromrf,8,cloudy,none
WAS202508050,2025/08/05,ATH,WAS,WAS11,16,7,9,night,79,tolf,5,cloudy,none
WAS202508060,2025/08/06,ATH,WAS,WAS11,1,2,9,night,75,fromrf,7,cloudy,none
WAS202508070,2025/08/07,ATH,WAS,WAS11,6,0,9,day,77,rtol,8,cloudy,none
WAS202508140,2025/08/14,PHI,WAS,WAS11,2,3,9,night,79,tolf,4,cloudy,none
WAS202508150,2025/08/15,PHI,WAS,WAS11,6,2,9,night,88,torf,3,cloudy,none
WAS202508160,2025/08/16,PHI,WAS,WAS11,0,2,9,day,91,fromrf,5,cloudy,none
WAS202508170,2025/08/17,PHI,WAS,WAS11,11,9,9,day,85,torf,2,cloudy,none
WAS202508190,2025/08/19,NYN,WAS,WAS11,8,1,9,night,71,fromrf,9,cloudy,none
WAS202508200,2025/08/20,NYN,WAS,WAS11,4,5,9,night,80,fromrf,5,cloudy,none
WAS202508210,2025/08/21,NYN,WAS,WAS11,3,9,9,day,68,fromrf,4,overcast,none
WAS202508290,2025/08/29,TBA,WAS,WAS11,4,1,9,night,80,ltor,3,sunny,none
WAS202508300,2025/08/30,TBA,WAS,WAS11,4,1,9,day,74,fromlf,3,sunny,none
WAS202508310,2025/08/31,TBA,WAS,WAS11,7,4,9,day,74,fromrf,2,sunny,none
WAS202509010,2025/09/01,MIA,WAS,WAS11,0,2,9,day,75,fromcf,11,cloudy,none
WAS202509020,2025/09/02,MIA,WAS,WAS11,2,5,9,night,75,rtol,5,cloudy,none
WAS202509030,2025/09/03,MIA,WAS,WAS11,5,10,9,day,77,tolf,3,cloudy,none
WAS202509120,2025/09/12,PIT,WAS,WAS11,5,6,9,night,78,fromrf,4,sunny,none
WAS202509130,2025/09/13,PIT,WAS,WAS11,5,1,9,day,83,torf,2,sunny,none
WAS202509140,2025/09/14,PIT,WAS,WAS11,3,4,9,day,78,tolf,1,sunny,none
WAS202509150,2025/09/15,ATL,WAS,WAS11,11,3,9,night,76,fromrf,11,cloudy,none
WAS202509161,2025/09/16,ATL,WAS,WAS11,6,3,9,day,69,fromrf,5,cloudy,none
WAS202509162,2025/09/16,ATL,WAS,WAS11,5,0,10,night,62,fromcf,8,overcast,drizzle
WAS202509170,2025/09/17,ATL,WAS,WAS11,9,4,9,day,69,fromcf,4,overcast,none
WAS202509260,2025/09/26,CHA,WAS,WAS11,10,9,9,night,82,fromlf,3,cloudy,none
WAS202509270,2025/09/27,CHA,WAS,WAS11,5,6,9,day,74,fromrf,6,overcast,none
WAS202509280,2025/09/28,CHA,WAS,WAS11,8,0,9,day,82,fromlf,4,cloudy,none
